x, y, magnet_x, magnet_y, magnet_z
8.4, 21.9, -35.5526653061, -15.706622449, -60.7583714286
8.9, 21.9, -32.954312, -19.562286, -58.212648
9.4, 21.9, -35.1616632653, -24.318344898, -50.6304959184
9.9, 21.9, -41.0879857143, -24.7366734694, -40.0925265306
10.4, 21.9, -60.6056306122, -19.6880489796, -27.6376816327
10.9, 21.9, -82.388056, -39.618418, -11.87716
11.4, 21.9, -47.8442163265, -51.4363795918, -4.09380877551
11.9, 21.9, -36.742282, -28.61435, -7.237152
12.4, 21.9, -33.0578897959, -14.147577551, -13.7901469388
12.9, 21.9, -29.5354625, -8.97245333333, -19.0518375
13.4, 21.9, -26.0971673469, -7.47363, -21.2907142857
13.9, 21.9, -21.6735428571, -7.3481344898, -20.6440836735
14.4, 21.9, -17.8389591837, -4.36700285714, -17.2576306122
14.9, 21.9, -17.087096, 1.34936498, -16.034942
15.4, 21.9, -18.5877571429, 8.68536571429, -19.2153653061
15.9, 21.9, -20.7774229167, 13.04816875, -25.3006979167
16.4, 21.9, -26.545932, 12.697544, -30.987578
16.9, 21.9, -30.05498125, 9.43892083333, -38.9875729167
17.4, 21.9, -32.519738, 8.0118406, -44.614622
17.9, 21.9, -33.3630145833, 0.290838625, -46.67829375
18.4, 21.9, -33.589558, -7.1803284, -44.847022
18.9, 21.9, -34.615142, -14.453218, -46.653838
19.4, 21.9, -31.36735, -22.762758, -44.3552
19.9, 21.9, -28.664402, -30.897546, -42.266814
20.4, 21.9, -25.1644, -33.31402, -35.17184
20.9, 21.9, -8.55074530612, -19.1462673469, -20.8437469388
21.4, 21.9, -23.3103795918, -6.24075142857, -22.0316061224
21.9, 21.9, -30.0809020408, 0.809089877551, -21.5100061224
22.4, 21.9, -32.3867204082, 3.54573734694, -22.5996020408
22.9, 21.9, -34.2946530612, 10.4370710204, -24.3991734694
23.4, 21.9, -37.2177163265, 12.8726632653, -28.0809020408
23.9, 21.9, -38.5819163265, 10.4349636735, -33.2322102041
24.4, 21.9, -35.795558, 8.2701424, -34.439064
24.9, 21.9, -32.577456, 5.9784236, -32.343688
25.4, 21.9, -29.80957, 6.8695984, -28.317106
25.9, 21.9, -28.7065510204, 3.42388571429, -26.4813530612
26.4, 21.9, -30.1047122449, -0.174417142857, -23.4561204082
26.9, 21.9, -28.7040489796, -2.06448291837, -24.4962367347
27.4, 21.9, -26.9293040816, -7.32160244898, -25.1475163265
27.9, 21.9, -24.66144, -11.645174, -24.023074
28.4, 21.9, -22.9031734694, -11.7336040816, -22.3626204082
28.9, 21.9, -21.5606673469, -12.063222449, -24.8096938776
29.4, 21.9, -21.3000938776, -13.5426102041, -30.2645938776
29.9, 21.9, -20.446022, -21.921992, -37.998746
30.4, 21.9, -13.5555367347, -33.2606408163, -43.702977551
30.9, 21.9, -2.53271545455, -48.2196477273, -49.4570045455
31.4, 21.9, 26.63721, -22.789462, -27.859438
31.9, 21.9, 8.69928387755, 2.76258816327, -16.8780632653
32.4, 21.9, -4.98059367347, 7.47932897959, -21.1847387755
32.9, 21.9, -9.6920482, 13.369254, -27.84256
33.4, 21.9, -15.205444898, 17.293, -35.5497163265
33.9, 21.9, -20.3701081633, 18.4689877551, -42.502922449
34.4, 21.9, -23.5908979592, 13.8010795918, -44.9092306122
34.9, 21.9, -24.3956306122, 6.84216571429, -38.2134571429
35.4, 21.9, -25.315066, 4.6507872, -28.535524
35.9, 21.9, -27.7120387755, 6.27924142857, -22.8964632653
36.4, 21.9, -30.8510326531, 3.55616959184, -21.196077551
36.9, 21.9, -33.6639122449, 4.18863122449, -24.0290428571
37.4, 21.9, -34.639642, 0.037475816, -27.425108
37.9, 21.9, -32.9379217391, -4.91873652174, -32.4561391304
38.4, 21.9, -31.6232553191, -8.23413042553, -36.4600340426
38.9, 21.9, -30.6596829787, -11.6957361702, -39.3166021277
39.4, 21.9, -31.5015142857, -11.6150204082, -40.9348734694
39.9, 21.9, -32.7529847826, -8.28097782609, -43.9834326087
40.4, 21.9, -31.148044898, -7.24562040816, -50.094077551
8.4, 21.1, -37.7271744966, -22.9711533557, -58.0131936242
8.9, 21.1, -39.7792411074, -30.6963993289, -55.5554399329
9.4, 21.1, -41.8706323826, -41.1377276846, -49.5961342282
9.9, 21.1, -48.8221847315, -43.7962424497, -39.7235842282
10.4, 21.1, -49.6057800336, -48.9593177852, -25.9196699664
10.9, 21.1, -54.0480612416, -39.5548708054, -16.1648743289
11.4, 21.1, -50.9236816807, -30.152892437, -12.7026568067
11.9, 21.1, -44.5439416107, -24.114552349, -12.4444691275
12.4, 21.1, -41.0135942953, -10.3367318456, -16.4737090604
12.9, 21.1, -36.8457624161, -5.9276889094, -21.3599808725
13.4, 21.1, -33.2757234899, -3.35247852349, -25.3301154362
13.9, 21.1, -29.3218724832, -4.52012971477, -27.9054575503
14.4, 21.1, -26.974639094, -4.21973395973, -28.9667342282
14.9, 21.1, -25.9271630872, -1.33723331862, -29.5411833893
15.4, 21.1, -26.9195013423, 0.386887321124, -31.4959924497
15.9, 21.1, -29.2187605705, 1.03450257393, -35.2863506711
16.4, 21.1, -31.7549308725, 0.962745183725, -38.7602714765
16.9, 21.1, -33.6876781879, 0.00620850288591, -41.5003082215
17.4, 21.1, -34.2762266779, -1.13976537711, -44.6567355705
17.9, 21.1, -33.1184003356, -6.57145848993, -47.5767783557
18.4, 21.1, -30.9384236975, -11.2177717647, -49.2380615126
18.9, 21.1, -28.8347436975, -19.1165026891, -47.9443961345
19.4, 21.1, -28.8853724832, -24.6319983221, -44.0442692953
19.9, 21.1, -27.430847651, -31.4525661074, -36.3270577181
20.4, 21.1, -29.3684673367, -29.9430319933, -28.5221343384
20.9, 21.1, -28.3091781879, -26.4688001678, -21.2062776846
21.4, 21.1, -29.6624038655, -18.2904557983, -17.5013702521
21.9, 21.1, -32.616759396, -11.1602681711, -16.7083258389
22.4, 21.1, -35.7138872483, -3.11141025503, -17.91995
22.9, 21.1, -38.1912342857, -0.222196216403, -20.7985959664
23.4, 21.1, -38.5494179832, 7.3568057479, -24.5594267227
23.9, 21.1, -37.415581072, 10.3483627806, -28.2299159129
24.4, 21.1, -35.1492151007, 9.78149738255, -31.2624469799
24.9, 21.1, -33.3134862416, 7.7725072651, -32.2722214765
25.4, 21.1, -33.1002885906, 0.994461012752, -32.6204152685
25.9, 21.1, -32.9429203361, -0.213179498975, -33.283089916
26.4, 21.1, -32.8800590604, -3.45027848993, -33.4975981544
26.9, 21.1, -32.4869021812, -3.48254466443, -33.4785552013
27.4, 21.1, -30.517597651, -9.25310756711, -33.463435906
27.9, 21.1, -28.1778122278, -11.1021148911, -33.4555165829
28.4, 21.1, -25.5982484899, -11.9216416107, -34.5870604027
28.9, 21.1, -23.2952761745, -13.4012600671, -36.9241466443
29.4, 21.1, -20.7242010067, -18.9348860738, -37.9642924497
29.9, 21.1, -21.4111768456, -21.0357399329, -38.8227874161
30.4, 21.1, -18.2777218121, -23.8584239933, -39.9812731544
30.9, 21.1, -14.8121157718, -24.4489531879, -39.1360208054
31.4, 21.1, -12.2001382215, -20.3532926174, -36.4143213087
31.9, 21.1, -11.8553563591, -12.7531602349, -34.3531862416
32.4, 21.1, -13.9516968121, -5.18917377517, -36.0978607383
32.9, 21.1, -15.936260906, 1.50068661577, -39.0966734899
33.4, 21.1, -19.5743894295, 4.57105432886, -42.0188280201
33.9, 21.1, -24.2652876047, 6.0220559464, -43.9863274707
34.4, 21.1, -28.344642953, 4.04225283557, -43.2683285235
34.9, 21.1, -31.1129563758, 1.43342782265, -38.3098380872
35.4, 21.1, -33.1925952941, -2.20338478487, -32.0067245378
35.9, 21.1, -34.8970127517, -3.24010144463, -26.3576526846
36.4, 21.1, -35.7453973109, 0.0209904869916, -22.8056877311
36.9, 21.1, -35.716545042, -0.211130365613, -22.8659793277
37.4, 21.1, -34.5304224456, -0.73841305933, -27.1779286432
37.9, 21.1, -33.8792177852, -6.98307181208, -33.9290895973
38.4, 21.1, -33.3652342282, -13.911934396, -39.2181409396
38.9, 21.1, -34.1323966443, -18.5632011745, -40.3121447987
39.4, 21.1, -34.8543598993, -20.8503687919, -38.1927498322
39.9, 21.1, -37.1478598993, -15.9557412752, -37.9078718121
40.4, 21.1, -38.9325686242, -13.5762978188, -39.651186745
8.4, 20.3, -27.5557590604, -25.3764088926, -63.9736481544
8.9, 20.3, -27.4212437919, -36.4484369128, -63.0695748322
9.4, 20.3, -36.0308828047, -42.6140490818, -56.6339218698
9.9, 20.3, -41.7196996639, -48.1806863866, -46.326970084
10.4, 20.3, -47.7119820771, -47.1416886097, -32.5469711893
10.9, 20.3, -51.9060389262, -30.4552295302, -21.5876204698
11.4, 20.3, -46.0656092437, -18.6277278992, -12.374402521
11.9, 20.3, -42.9091030252, -6.64233769748, -7.18168583193
12.4, 20.3, -35.346858557, 7.2454291443, -13.1625060067
12.9, 20.3, -34.4734793277, 9.08416569748, -16.3377494118
13.4, 20.3, -31.8027951261, 10.5626256134, -21.3017964706
13.9, 20.3, -28.8953687395, 8.18540645378, -27.5981635294
14.4, 20.3, -26.9147325503, 3.68816223154, -31.687254698
14.9, 20.3, -25.4932369128, 3.09020236577, -34.4202112416
15.4, 20.3, -24.5811833893, 5.15622568792, -36.9896827181
15.9, 20.3, -24.3396696817, 5.93276020101, -40.7779149079
16.4, 20.3, -23.892116443, 4.57292553691, -44.1748107383
16.9, 20.3, -23.3521471477, 6.44395087248, -47.0017280201
17.4, 20.3, -21.4986808725, 7.69012243289, -53.2487501678
17.9, 20.3, -20.129202349, 5.16792885906, -58.2237746644
18.4, 20.3, -17.1917964706, -0.305914545345, -62.8056502521
18.9, 20.3, -14.7158793277, -10.7895193613, -63.3525154622
19.4, 20.3, -15.5324751261, -23.7565352941, -58.4664615126
19.9, 20.3, -20.1401045302, -33.6346468121, -43.9696491611
20.4, 20.3, -28.7888460504, -37.2910798319, -27.1490818487
20.9, 20.3, -37.8722173109, -27.1947418487, -10.106725042
21.4, 20.3, -36.3237437919, -13.9766734899, -3.48922907718
21.9, 20.3, -32.6114464765, -8.87445432886, -4.75978709732
22.4, 20.3, -34.9798793624, -8.8852564094, -4.08892775168
22.9, 20.3, -49.0732791946, -3.67124352349, -1.40161214018
23.4, 20.3, -56.1963657718, 15.3833983221, -0.826043420436
23.9, 20.3, -44.1242515966, 41.4963194958, -17.8811361345
24.4, 20.3, -20.7201417785, 24.6681241611, -24.1273701342
24.9, 20.3, -9.49415584874, 5.52225282353, -31.5389756303
25.4, 20.3, -25.6289216443, -1.78297975285, -32.0924214765
25.9, 20.3, -30.8422647651, 0.365148372198, -25.0499942953
26.4, 20.3, -31.0730286913, 6.30250755034, -34.7241515101
26.9, 20.3, -33.3215610738, 7.97037216443, -52.8442887584
27.4, 20.3, -22.8301181818, 10.0173423401, -66.2639439394
27.9, 20.3, -23.1496828571, 3.26991036975, -75.5366304202
28.4, 20.3, -21.0163297479, -1.16764645496, -80.4049060504
28.9, 20.3, -20.1493573826, -1.14495762181, -84.428740604
29.4, 20.3, -8.37192176174, 0.0917933182215, -81.9502751678
29.9, 20.3, -9.7353677349, -29.5844736577, -63.0061340604
30.4, 20.3, -17.844767953, -12.8566627517, -40.3430095638
30.9, 20.3, -14.9285584874, -17.8782235294, -28.105790084
31.4, 20.3, -23.2552964765, -22.7471157718, -15.7370697987
31.9, 20.3, -23.1770033613, -9.71294880672, -9.50988810084
32.4, 20.3, -30.2846741611, -0.527480667315, -21.4899652685
32.9, 20.3, -20.4390983193, 6.68751746218, -32.0841536134
33.4, 20.3, -19.3395100671, 3.76413384228, -36.3559397651
33.9, 20.3, -21.6233541176, 1.00366136689, -34.7859159664
34.4, 20.3, -23.9550818792, 0.169579914631, -30.3151389262
34.9, 20.3, -26.9340902685, 3.44004567114, -29.5503939597
35.4, 20.3, -41.1614963025, -12.5112052101, -29.0100361345
35.9, 20.3, -39.5504919463, 3.06202225503, -17.2080458054
36.4, 20.3, -35.7922, 16.1573357983, -17.0956267227
36.9, 20.3, -8.60901577181, 15.8484758389, -21.3764927852
37.4, 20.3, -11.9857701342, -1.83586288557, -30.3551486577
37.9, 20.3, -20.2499008389, -5.10925974832, -34.7587981544
38.4, 20.3, -23.3648895798, -11.5859584538, -41.3186914286
38.9, 20.3, -25.4728947987, -17.8553558725, -41.0117946309
39.4, 20.3, -27.6730831933, -20.4898652101, -36.2498253782
39.9, 20.3, -29.0389078859, -23.2803619128, -26.2707505034
40.4, 20.3, -41.5961801681, -23.933185042, -19.8385921008
11.4, 8.6, -7.39752892226, -84.0321003534, -72.2084959364
11.9, 8.6, -22.1522840948, -56.5200986464, -54.1894005076
12.4, 8.6, -28.0103021544, -39.7737199282, -41.238467684
12.9, 8.6, -29.7554117541, -25.0249314647, -34.9243327306
13.4, 8.6, -29.0151100671, -17.7942426174, -35.6867427852
13.9, 8.6, -27.671414958, -11.9785542185, -37.0686285714
14.4, 8.6, -27.451716179, -9.03620261618, -35.7588399312
14.9, 8.6, -28.9312745133, -6.40757327434, -33.195919292
15.4, 8.6, -27.8314142617, -7.81456901007, -29.4094313758
15.9, 8.6, -27.2920133221, -4.93305300169, -24.679125801
16.4, 8.6, -26.339805036, -2.91314191187, -19.8369665468
16.9, 8.6, -25.0216661485, 0.15030309323, -16.5569291883
17.4, 8.6, -22.3084789474, 2.83754514338, -16.3440459165
17.9, 8.6, -20.1721461938, 4.54726430796, -20.0307650519
18.4, 8.6, -17.1332244643, 1.01843678336, -27.8867225
18.9, 8.6, -15.4424769634, -2.73199476963, -34.7916207679
19.4, 8.6, -14.9293798951, -7.32315444056, -42.5921807692
19.9, 8.6, -11.463764396, -17.5159288591, -56.3853818792
20.4, 8.6, 42.2007167785, 0.904073014815, -101.482888255
20.9, 8.6, 21.2100145973, 4.43310067114, -121.287052013
21.4, 8.6, -1.14280647802, 0.165793405436, -81.8210291946
21.9, 8.6, -6.27006379195, -4.89541879195, -63.0284251678
22.4, 8.6, -5.63386701342, -13.3628260067, -56.46335
22.9, 8.6, -0.637498087739, -16.6615432161, -51.2620758794
23.4, 8.6, -4.17056565436, -6.35942275168, -50.5542384228
23.9, 8.6, -12.9051991597, -12.4474593277, -51.6626966387
24.4, 8.6, -11.436223557, -17.4438206376, -47.1056743289
24.9, 8.6, -12.3797940035, -18.2767719577, -38.5183470899
25.4, 8.6, -11.1966658163, -7.51065872449, -31.4602423469
25.9, 8.6, -24.6505660118, 1.29340547857, -28.8176233792
26.4, 8.6, -25.7917857621, -15.4031234506, -29.3463082077
26.9, 8.6, -10.2070633565, 3.46270786087, -34.3432904348
27.4, 8.6, -13.6066225473, 15.2696347676, -43.1462022375
27.9, 8.6, -17.5353059423, 18.4072570458, -39.4778887946
28.4, 8.6, -26.8260790295, 22.1059795494, -37.5859896014
28.9, 8.6, -39.6264771331, 21.4345479522, -41.2197863481
29.4, 8.6, -43.3147563574, 11.9788062887, -45.675164433
29.9, 8.6, -41.6471877311, 1.59460223563, -49.856277479
30.4, 8.6, -31.1609724958, -8.48031689304, -47.2206589134
30.9, 8.6, -34.689888455, -2.4416347691, -42.3459555178
31.4, 8.6, -39.9650285235, -14.5037649329, -35.5065963087
31.9, 8.6, -46.4801217241, -9.16350272414, -31.6815544828
32.4, 8.6, -34.3502354276, -23.1625434555, -33.5636870855
32.9, 8.6, -30.2958854027, -18.2139709732, -34.7247818792
33.4, 8.6, -28.0938085145, -16.4037559783, -34.4256827899
33.9, 8.6, -26.4094268007, -11.7500641541, -34.1407499162
34.4, 8.6, -22.804086964, -5.1401442024, -35.2029725557
34.9, 8.6, -18.9058214765, 4.0259652349, -35.2221352349
35.4, 8.6, -18.4326012346, 13.8396594356, -35.9167971781
35.9, 8.6, -23.5272786856, 16.3570225577, -40.8018737123
36.4, 8.6, -28.6158209732, 14.0067786913, -46.5793895973
36.9, 8.6, -34.9031016779, 8.95009736577, -47.7688577181
37.4, 8.6, -39.3126001776, 1.20518120853, -48.4100955595
37.9, 8.6, -38.5694770658, -5.13968993255, -50.6616118044
38.4, 8.6, -34.4220615517, -13.1087955172, -49.8813232759
38.9, 8.6, -28.4872064572, -18.1657045375, -46.1870664921
39.4, 8.6, -20.7735544839, -19.7506379019, -41.7036658206
39.9, 8.6, -13.3290309122, -20.2069363176, -40.2787758446
40.4, 8.6, -1.70619270066, -24.8307281739, -41.8551688696
11.4, 8.0, -70.1442216443, -37.096547651, -53.9904218121
11.9, 8.0, -52.5621294807, -29.4605842546, -53.8697375209
12.4, 8.0, -40.4748419463, -25.5230637584, -53.6918661074
12.9, 8.0, -36.6443409396, -18.4611812081, -50.7729946309
13.4, 8.0, -34.6897954698, -9.72540041946, -47.2914011745
13.9, 8.0, -32.7221755034, -4.24082676174, -45.6391912752
14.4, 8.0, -30.1202753356, -0.483073847047, -46.1226686242
14.9, 8.0, -26.4976906198, 2.90852950084, -46.6128458961
15.4, 8.0, -22.218479698, 4.92367572148, -45.5162758389
15.9, 8.0, -18.0240807047, 7.67537270134, -45.4854041946
16.4, 8.0, -13.9370087248, 10.6454011745, -47.3257691275
16.9, 8.0, -10.7600028908, 11.1069143866, -50.7269517647
17.4, 8.0, -8.07164257143, 10.7592973445, -53.6711379832
17.9, 8.0, -8.43162236577, 8.03243105705, -55.0839260067
18.4, 8.0, -10.2051525503, 4.29952494966, -56.8690682886
18.9, 8.0, -10.4714392593, 4.64615478114, -57.3794569024
19.4, 8.0, -9.61346662752, 1.36566942315, -58.4767216443
19.9, 8.0, -7.3172984396, 3.87673597315, -61.0491785235
20.4, 8.0, -4.93622567114, 8.4033788255, -68.318552349
20.9, 8.0, -2.83857787752, 4.64606067114, -71.9769171141
21.4, 8.0, -6.55890241259, -0.116588308811, -72.624088986
21.9, 8.0, -9.69916179832, -4.26946784874, -71.2953423529
22.4, 8.0, -13.1005600671, -7.11058290268, -68.4052115772
22.9, 8.0, -14.770658794, -11.7550646734, -64.2225500838
23.4, 8.0, -18.6053425461, -11.6702837856, -59.9150561139
23.9, 8.0, -20.0741228188, -10.4086967785, -57.3202332215
24.4, 8.0, -18.3375058725, -10.9555160403, -55.7991904362
24.9, 8.0, -16.4574114286, -9.91840351261, -52.9917611765
25.4, 8.0, -13.9063038591, -9.18354258389, -47.8705560403
25.9, 8.0, -14.5371568792, -5.51361766779, -43.580291443
26.4, 8.0, -15.8580875839, -1.42834816007, -40.3110540268
26.9, 8.0, -18.5441691275, 3.34141610738, -38.5290447987
27.4, 8.0, -22.1251018456, 9.95195159396, -37.523711745
27.9, 8.0, -24.9942887584, 15.0636444631, -37.6523857383
28.4, 8.0, -27.2374885906, 15.8409520134, -38.5413347315
28.9, 8.0, -30.8096867227, 12.647421395, -39.5801231933
29.4, 8.0, -34.4434412752, 9.0087607047, -41.1210872483
29.9, 8.0, -38.1654089076, 7.9076607563, -43.1585836975
30.4, 8.0, -38.8678727731, -2.06354492437, -41.9616183193
30.9, 8.0, -38.8570825503, -1.9875342651, -40.0713365772
31.4, 8.0, -36.9070546064, -7.46451288107, -36.3694150754
31.9, 8.0, -35.8529257956, -8.55414314908, -33.9396117253
32.4, 8.0, -33.7410534454, -10.4282726218, -33.4515020168
32.9, 8.0, -30.3214661074, -11.3013147819, -32.4407864094
33.4, 8.0, -27.279389094, -10.1026863423, -32.0064026846
33.9, 8.0, -24.8536357383, -2.64039263591, -31.7289088926
34.4, 8.0, -21.6424815745, 3.88503073702, -34.4305819095
34.9, 8.0, -19.9242510067, 10.6584031879, -41.2297392617
35.4, 8.0, -20.1799107563, 13.4641836975, -48.0639114286
35.9, 8.0, -22.2113310403, 13.9585682886, -52.6951328859
36.4, 8.0, -27.0477708054, 8.63874785235, -53.0718724832
36.9, 8.0, -33.7831862944, 2.38067032995, -49.0428582064
37.4, 8.0, -37.2849223154, 2.82491861577, -45.7636761745
37.9, 8.0, -37.5061964765, 1.3751780844, -47.388066443
38.4, 8.0, -34.4118427852, 0.0712043807215, -49.6206055369
38.9, 8.0, -28.7121568792, -3.33260404362, -50.7537817114
39.4, 8.0, -21.9925647651, -1.91704661896, -52.7794387584
39.9, 8.0, -14.1903328859, -1.44816670101, -57.1651276846
40.4, 8.0, -5.31485112416, -3.24076191275, -63.6224994966
11.4, 7.4, -46.1081326531, -20.6405612245, -34.3683061224
11.9, 7.4, -42.2782428571, -21.3359346939, -44.1858102041
12.4, 7.4, -39.11015, -21.4641291667, -46.8256854167
12.9, 7.4, -35.8312142857, -19.4745653061, -44.6223428571
13.4, 7.4, -33.7570489796, -12.9494755102, -40.3918795918
13.9, 7.4, -31.2384604167, -5.367215, -39.1739791667
14.4, 7.4, -28.8789458333, 1.23866479167, -42.4686770833
14.9, 7.4, -26.3458291667, 2.9174804375, -45.7954666667
15.4, 7.4, -23.06143125, 5.76601041667, -48.48433125
15.9, 7.4, -21.3376708333, 8.34430145833, -52.710125
16.4, 7.4, -19.1653854167, 11.28345, -58.95191875
16.9, 7.4, -17.2369244898, 14.3850510204, -64.4897836735
17.4, 7.4, -18.1169795918, 6.19285795918, -67.5899040816
17.9, 7.4, -17.6134387755, 1.17455290612, -67.5941653061
18.4, 7.4, -18.9662395833, -1.95840235417, -63.5859479167
18.9, 7.4, -18.1257541667, -2.64444458333, -61.8030833333
19.4, 7.4, -16.7407612245, 4.42844306122, -58.9045918367
19.9, 7.4, -8.73789857143, 13.5226836735, -56.7028714286
20.4, 7.4, 29.7875795918, 28.9574673469, -58.7997469388
20.9, 7.4, 39.6540734694, -33.1037510204, -64.4974367347
21.4, 7.4, -12.8513604167, -18.05015625, -65.49790625
21.9, 7.4, -19.3448270833, -15.64210625, -67.2418
22.4, 7.4, -26.5111163265, -20.7504, -63.1125653061
22.9, 7.4, -27.7115836735, -19.4244408163, -58.862922449
23.4, 7.4, -31.99255, -18.7598229167, -52.55188125
23.9, 7.4, -32.6990166667, -18.82213125, -48.3646666667
24.4, 7.4, -38.4614291667, -11.9633333333, -44.1377
24.9, 7.4, -27.1240510204, -9.14063938776, -46.2211408163
25.4, 7.4, -19.327222449, -10.3538393878, -45.5440265306
25.9, 7.4, -18.03111875, -12.7802125, -39.0063520833
26.4, 7.4, -16.121777551, -9.94017081633, -36.1395653061
26.9, 7.4, -20.578377551, -5.69884632653, -31.1314204082
27.4, 7.4, -23.00125625, 0.667063514583, -27.6192666667
27.9, 7.4, -18.3791265306, 7.46550244898, -30.7180612245
28.4, 7.4, -16.4564469388, 8.67671020408, -36.7222673469
28.9, 7.4, -16.2076653061, 1.38101452041, -41.518944898
29.4, 7.4, -25.4223897959, -4.84578653061, -36.0079979592
29.9, 7.4, -26.11086875, -8.107884375, -34.3834
30.4, 7.4, -31.9814708333, -8.8454875, -31.3590354167
30.9, 7.4, -29.6220183673, -9.93291632653, -29.9483428571
31.4, 7.4, -30.6787244898, -11.8046306122, -25.8837979592
31.9, 7.4, -29.7884979592, -11.3799436735, -24.0137306122
32.4, 7.4, -26.9621204082, -11.0511279592, -23.4672714286
32.9, 7.4, -25.9894708333, -9.75965375, -21.9020541667
33.4, 7.4, -19.5732020408, -8.42098387755, -24.088244898
33.9, 7.4, -16.5190666667, 1.86278029167, -27.1568270833
34.4, 7.4, -10.4382846939, 1.38627694939, -33.9848142857
34.9, 7.4, -13.2638122449, 4.40250285714, -40.025077551
35.4, 7.4, -16.8500897959, 3.56526265306, -46.3715510204
35.9, 7.4, -21.2913102041, -2.19499265306, -48.0545571429
36.4, 7.4, -25.0282428571, -4.79241142857, -46.0767142857
36.9, 7.4, -29.4189208333, -9.57870375, -40.7795916667
37.4, 7.4, -34.42945625, -5.052661875, -35.6662208333
37.9, 7.4, -33.7801877551, 2.14753469388, -37.2371142857
38.4, 7.4, -28.8149604167, 1.56313647917, -43.04246875
38.9, 7.4, -25.9863673469, 1.50853421837, -46.7049040816
39.4, 7.4, -24.5737729167, -1.03616685417, -50.82610625
39.9, 7.4, -20.63731875, 4.40648395833, -57.9976083333
40.4, 7.4, -16.2164333333, 3.47223229167, -68.2182916667
40.9, 21.9, -21.5577669903, 9.43398058252, -61.0014563107
41.4, 21.9, -82.6038873995, -6.32815013405, -83.3237265416
41.9, 21.9, -36.9008706468, -23.8609452736, -56.6300995025
42.4, 21.9, -20.0550518135, -4.95919689119, -39.9696891192
42.9, 21.9, -21.4267987487, 2.96350364964, -36.7922836288
43.4, 21.9, -23.4882993197, 9.8031292517, -36.5012244898
43.9, 21.9, -30.5514164306, 14.5967422096, -39.9822946176
44.4, 21.9, -40.8200348432, 10.6515679443, -44.2336236934
44.9, 21.9, -39.4842917251, 4.95778401122, -38.2863955119
45.4, 21.9, -39.5148293963, 2.47782152231, -31.854855643
45.9, 21.9, -38.4675599436, -0.922566995769, -27.053596615
46.4, 21.9, -36.8063211125, 1.33438685209, -22.4539823009
46.9, 21.9, -38.5602189781, -1.34501216545, -18.8911192214
47.4, 21.9, -39.4933065596, 1.81499330656, -15.8872824632
47.9, 21.9, -43.9467680608, 7.65171102662, -13.9115335868
48.4, 21.9, -67.4881899872, 12.5055198973, -11.9996148909
48.9, 21.9, -72.0440042827, -15.9344753747, -17.7250535332
49.4, 21.9, -41.2184245661, -23.9133511348, -32.5299065421
49.9, 21.9, -19.5634482759, -20.0753103448, -43.9637241379
50.4, 21.9, -6.45649350649, -11.6509090909, -52.9972727273
50.9, 21.9, -5.07620164127, 23.5520515826, -62.1928487691
51.4, 21.9, -52.6281767956, 9.89820441989, -60.3208563536
51.9, 21.9, -45.8490950226, -10.509841629, -54.7742081448
52.4, 21.9, -30.6277254374, -10.364602961, -40.3895020188
52.9, 21.9, -26.4657963446, -8.35744125326, -31.551305483
53.4, 21.9, -23.2502624672, -5.51036745407, -24.7837270341
53.9, 21.9, -25.1491758242, -4.45302197802, -18.345467033
54.4, 21.9, -21.211627907, -1.2165374677, -16.1047803618
54.9, 21.9, -20.0907810499, 0.621126760563, -18.2615877081
55.4, 21.9, -19.5932555123, -1.80687418936, -20.9063553826
55.9, 21.9, -19.0446715328, -3.18905109489, -20.6182481752
56.4, 21.9, -18.3358441558, -4.80636363636, -20.5828571429
56.9, 21.9, -15.0887905605, -7.38947885939, -23.2747295969
57.4, 21.9, -15.65625, -7.68974056604, -23.777240566
57.9, 21.9, -17.1411989796, -8.28482142857, -24.5551020408
58.4, 21.9, -19.6040897098, -12.7790237467, -23.2480211082
58.9, 21.9, -18.4589580686, -13.7287166455, -17.8585768742
59.4, 21.9, -17.2074024226, -10.7253028264, -11.1609690444
59.9, 21.9, -16.510483871, -4.83709677419, -7.77123655914
60.4, 21.9, -16.6439146801, 3.30765370138, -9.03287327478
60.9, 21.9, -18.8010430248, 10.7895697523, -14.5829204694
61.4, 21.9, -54.1612217795, 22.4006640106, -25.1341301461
61.9, 21.9, -35.9438961039, -13.3785714286, -19.2632467532
62.4, 21.9, -22.9097765363, -6.14553072626, -23.431424581
62.9, 21.9, -21.4756965944, -3.29907120743, -28.0360681115
63.4, 21.9, -19.8996216898, -4.18587641866, -26.4964691047
63.9, 21.9, -18.5325346784, -3.39054224464, -22.1798234552
64.4, 21.9, -17.2631793478, -1.69252717391, -17.6020380435
64.9, 21.9, -17.2601769912, -1.61297935103, -14.9719764012
65.4, 21.9, -15.3851941748, -2.47754854369, -14.5047330097
65.9, 21.9, -14.9374233129, -1.57398773006, -13.8820858896
66.4, 21.9, -16.9673469388, 2.0674744898, -15.2579081633
66.9, 21.9, -18.6043824701, 4.83014608234, -20.4355909695
67.4, 21.9, -22.1172839506, 8.54993141289, -27.8743484225
67.9, 21.9, -24.1743718593, 7.05841708543, -35.2115577889
68.4, 21.9, -26.155443038, 1.54025316456, -41.4902531646
68.9, 21.9, -26.5654320988, -4.01555555556, -44.254691358
69.4, 21.9, -26.3706431535, -11.1201244813, -43.7339211618
69.9, 21.9, -24.5762589928, -14.8788968825, -41.1278177458
70.4, 21.9, -24.6833832335, -16.1443113772, -39.5685628743
70.9, 21.9, -22.7840213049, -6.62170439414, -41.944207723
71.4, 21.9, -34.3551104972, -13.682320442, -43.311878453
40.9, 21.1, -40.4412780656, -5.16459412781, -38.2972366149
41.4, 21.1, -39.9965571205, -0.386697965571, -41.6369327074
41.9, 21.1, -35.0502881844, 4.94740634006, -42.4642651297
42.4, 21.1, -26.8610810811, 7.24081081081, -43.132972973
42.9, 21.1, -22.113561848, 6.31147540984, -42.7168405365
43.4, 21.1, -21.1959833795, 4.23822714681, -40.659833795
43.9, 21.1, -22.3028708134, 2.55438596491, -38.5090909091
44.4, 21.1, -26.9629742033, 3.05037936267, -33.9277693475
44.9, 21.1, -27.2620512821, -0.0203418803419, -32.9974358974
45.4, 21.1, -29.2101208459, 0.0625377643505, -30.3818731118
45.9, 21.1, -30.2534055728, -0.0399380804954, -28.5580495356
46.4, 21.1, -30.2322916667, -0.240773809524, -26.4947916667
46.9, 21.1, -30.8628721541, 0.109281961471, -26.4583187391
47.4, 21.1, -31.9238095238, 0.26866359447, -26.8010752688
47.9, 21.1, -31.7679710145, 0.727971014493, -30.6352173913
48.4, 21.1, -32.1794361526, 2.11011608624, -33.1739635158
48.9, 21.1, -32.0287943262, 1.27375886525, -37.3875177305
49.4, 21.1, -31.1462709285, -3.99345509893, -40.6150684932
49.9, 21.1, -31.288115942, -2.93028985507, -43.2007246377
50.4, 21.1, -31.6776315789, -5.04835526316, -44.8715460526
50.9, 21.1, -33.7585949178, -3.30956651719, -44.041554559
51.4, 21.1, -34.7101538462, -0.365384615385, -42.4141538462
51.9, 21.1, -32.6804411765, 0.0501470588235, -40.4573529412
52.4, 21.1, -28.5601388889, 1.34513888889, -38.6669444444
52.9, 21.1, -24.3830747532, 1.91509167842, -37.7645980254
53.4, 21.1, -21.4256045519, 2.08406827881, -35.6450924609
53.9, 21.1, -18.7615975422, 3.54639016897, -35.4775729647
54.4, 21.1, -16.6486363636, 5.03893939394, -35.7522727273
54.9, 21.1, -14.9136434109, 2.55333333333, -38.115503876
55.4, 21.1, -14.6163388805, -0.661270801815, -36.645688351
55.9, 21.1, -16.1668325041, -3.97562189055, -32.3630182421
56.4, 21.1, -19.2889060092, -4.41633281972, -29.3032357473
56.9, 21.1, -22.2321752266, -6.39516616314, -28.4244712991
57.4, 21.1, -25.3681983071, -11.4168077388, -27.3007255139
57.9, 21.1, -28.3572123177, -8.96758508914, -25.3481361426
58.4, 21.1, -27.9375609756, -7.41382113821, -23.8473170732
58.9, 21.1, -26.6091264668, -6.58031290743, -24.1155149935
59.4, 21.1, -24.9634020619, -4.84742268041, -21.5679123711
59.9, 21.1, -24.1207988981, -2.83044077135, -20.6745179063
60.4, 21.1, -23.2619799139, 2.92238163558, -21.2695839311
60.9, 21.1, -23.3780523256, 4.75668604651, -24.195494186
61.4, 21.1, -24.691416309, 0.950643776824, -26.7143061516
61.9, 21.1, -26.2205246914, 0.0131172839506, -24.5183641975
62.4, 21.1, -25.7203174603, -0.484444444444, -24.8119047619
62.9, 21.1, -24.6531506849, 1.72904109589, -25.8230136986
63.4, 21.1, -23.0589115646, 1.39510204082, -27.9723809524
63.9, 21.1, -20.9818306011, 3.85614754098, -29.6084699454
64.4, 21.1, -19.0543806647, 3.83821752266, -29.0811178248
64.9, 21.1, -17.8749221184, 1.91401869159, -26.965576324
65.4, 21.1, -18.3157973174, -3.40372578241, -24.3107302534
65.9, 21.1, -21.0952380952, -4.57708333333, -21.4505952381
66.4, 21.1, -25.6441958042, -4.61006993007, -20.0779020979
66.9, 21.1, -30.1603195739, -0.872703062583, -20.9193075899
67.4, 21.1, -32.6831871345, 2.94605263158, -24.1608187135
67.9, 21.1, -35.0275555556, 1.54266666667, -26.8848888889
68.4, 21.1, -36.6518867925, 2.92275943396, -29.8173349057
68.9, 21.1, -36.7811955168, -1.38866749689, -34.3922789539
69.4, 21.1, -34.8068965517, -6.69984326019, -37.5117554859
69.9, 21.1, -30.6926618705, -13.2998561151, -39.5523741007
70.4, 21.1, -30.114305949, -12.2600566572, -41.1362606232
70.9, 21.1, -28.562406015, -16.4422556391, -41.6015037594
71.4, 21.1, -32.099205298, -13.9271523179, -40.6960264901
40.9, 20.3, -51.482111437, -15.2049853372, -10.7631964809
41.4, 20.3, -63.375106082, 4.06209335219, -18.1285714286
41.9, 20.3, -41.5427648579, 25.5395348837, -36.588372093
42.4, 20.3, -23.7648522551, 19.1940902022, -49.2933125972
42.9, 20.3, -15.4719814241, 10.8787925697, -50.6236842105
43.4, 20.3, -11.9284313725, 4.52492997199, -51.3861344538
43.9, 20.3, -10.8504122497, 0.811778563015, -49.1229681979
44.4, 20.3, -12.461898017, -1.49220963173, -44.7152974504
44.9, 20.3, -13.9508152174, -2.13817934783, -42.704076087
45.4, 20.3, -15.1117804552, -3.13949129853, -40.7240963855
45.9, 20.3, -15.9286885246, -2.6618852459, -39.331420765
46.4, 20.3, -15.6737215909, -0.345596590909, -39.2498579545
46.9, 20.3, -15.7515497553, -2.73784665579, -40.0724306688
47.4, 20.3, -18.7178041543, -2.2618694362, -40.528041543
47.9, 20.3, -20.0327516779, -0.239597315436, -42.7680536913
48.4, 20.3, -21.8041184041, -1.69871299871, -45.6818532819
48.9, 20.3, -22.610472973, -2.32871621622, -48.5265765766
49.4, 20.3, -22.3636934673, -3.91394472362, -49.2909547739
49.9, 20.3, -22.701011378, -5.70960809102, -48.1711757269
50.4, 20.3, -24.6382716049, -10.4057239057, -43.3787878788
50.9, 20.3, -31.5623529412, -10.0894117647, -37.6775
51.4, 20.3, -31.9833091437, 0.0240928882438, -37.7116110305
51.9, 20.3, -23.906504065, 5.68638211382, -39.6157520325
52.4, 20.3, -19.337695078, 5.3549819928, -43.0255702281
52.9, 20.3, -15.3388059701, 6.00488466757, -45.1876526459
53.4, 20.3, -13.7783281734, 5.19365325077, -45.4055727554
53.9, 20.3, -12.956, 5.4672, -46.67808
54.4, 20.3, -10.8208935611, 7.19645203679, -49.2632063075
54.9, 20.3, -8.31090387374, 5.12424677188, -53.2717360115
55.4, 20.3, -4.58259109312, -0.972064777328, -49.6176788124
55.9, 20.3, -3.97068062827, -8.01348167539, -43.7802356021
56.4, 20.3, -10.9759948652, -11.1623876765, -34.0123234917
56.9, 20.3, -12.9366306028, -13.186553323, -27.6874806801
57.4, 20.3, -22.9679094541, -17.8090545939, -25.5190412783
57.9, 20.3, -25.9803532009, -14.0854304636, -25.3589403974
58.4, 20.3, -23.3679697352, -8.3814627995, -26.4113493064
58.9, 20.3, -21.7657726692, -7.16117496807, -27.2070242656
59.4, 20.3, -22.5324970131, -6.93930704898, -26.2348864994
59.9, 20.3, -24.7946629213, -4.00351123596, -23.8418539326
60.4, 20.3, -16.5253549696, 7.74918864097, -23.8943204868
60.9, 20.3, -8.49734848485, 4.725, -26.5526515152
61.4, 20.3, -13.4253112033, -2.53236514523, -27.4275242047
61.9, 20.3, -14.1724669604, -0.383700440529, -23.8594713656
62.4, 20.3, -6.59144008056, 1.82588116818, -24.2725075529
62.9, 20.3, -7.7141509434, -1.10229110512, -27.0371967655
63.4, 20.3, -10.9358787879, 0.90703030303, -32.1863030303
63.9, 20.3, -13.4265388496, 3.9717457114, -34.4791120081
64.4, 20.3, -8.31057692308, 11.2717948718, -34.9565705128
64.9, 20.3, -2.99854881266, 6.00448548813, -35.0613456464
65.4, 20.3, -3.88314447592, -8.47875354108, -38.0361189802
65.9, 20.3, -10.3958602846, -12.8844760673, -26.1319534282
66.4, 20.3, -7.45691176471, -22.0697058824, -23.3227941176
66.9, 20.3, -66.5891687657, -13.9462216625, -12.5591939547
67.4, 20.3, -32.1737920937, 13.4518301611, -1.90043923865
67.9, 20.3, -30.779217274, 4.05006747638, -22.0094466937
68.4, 20.3, -30.2074183976, 1.96364985163, -22.8316023739
68.9, 20.3, -28.5502898551, 2.98289855072, -23.4237681159
69.4, 20.3, -21.1798905609, -2.25690834473, -31.9808481532
69.9, 20.3, -17.4701704545, -10.7617897727, -38.2576704545
70.4, 20.3, -21.2316582915, -17.3809045226, -44.9222361809
70.9, 20.3, -26.7706806283, -19.8778795812, -49.7219895288
71.4, 20.3, -32.0101928375, -9.21887052342, -53.4632231405
40.9, 8.6, 30.1450737762, -13.161325542, -27.3843122378
41.4, 8.6, 55.2286127542, 22.2835667283, -38.0304752311
41.9, 8.6, 24.8493363014, 75.7734690068, -25.193810274
42.4, 8.6, 10.2950921644, 51.5976815436, -31.2216276846
42.9, 8.6, 8.10100159593, 46.2975460102, -39.0099008489
43.4, 8.6, 5.3289911745, 41.279795302, -49.2803733221
43.9, 8.6, 4.69842799325, 33.9852177066, -54.5158559865
44.4, 8.6, 4.80620312287, 27.9431459044, -53.9149317406
44.9, 8.6, 6.32517648054, 23.4492597293, -49.3634688663
45.4, 8.6, 6.82853567753, 22.0315336192, -44.2487617496
45.9, 8.6, 7.27972737018, 26.2921239531, -38.5934497487
46.4, 8.6, 8.32181524904, 32.106944636, -38.3083354406
46.9, 8.6, 9.17748661512, 34.9388371134, -43.5091309278
47.4, 8.6, 10.3571459821, 33.6241971429, -47.03320625
47.9, 8.6, 11.2758580969, 29.175483045, -46.7852944637
48.4, 8.6, 11.4973409962, 22.9195398496, -39.3593291353
48.9, 8.6, 10.8936697952, 22.0621706485, -29.0711460751
49.4, 8.6, 9.9513068, 25.0451243478, -16.6214610435
49.9, 8.6, 9.58224547826, 28.4392370435, -9.26856086957
50.4, 8.6, 9.03898812395, 32.998681072, -5.7395921943
50.9, 8.6, 7.60121003472, 34.8255284722, -14.5913303819
51.4, 8.6, 9.01018252951, 39.1368418212, -7.08269715008
51.9, 8.6, -1.1988165735, 48.2823213675, -24.9805801709
52.4, 8.6, -2.75525617324, 41.5772562607, -29.3183737564
52.9, 8.6, -4.5228659129, 38.3319011725, -27.8151420436
53.4, 8.6, -5.02764600671, 34.2977174497, -27.3016399329
53.9, 8.6, -6.32524045455, 31.4602980769, -28.9744620629
54.4, 8.6, -8.28405582215, 26.2036077181, -30.4414607383
54.9, 8.6, -9.69544575503, 22.6176280201, -30.3589216443
55.4, 8.6, -9.32179210084, 7.46428687395, -28.741434958
55.9, 8.6, -3.00670716918, 7.18476051926, -30.6252331658
56.4, 8.6, -3.23945121008, 8.52284961345, -29.5460384874
56.9, 8.6, -4.88046511745, 10.2765330369, -32.8250454698
57.4, 8.6, -1.79065115544, 8.2420341541, -30.7308740369
57.9, 8.6, 7.99960095638, 14.7989394295, -26.0744718121
58.4, 8.6, 0.290700315604, 24.3886525168, -38.419357047
58.9, 8.6, 1.79932344799, 30.7020771812, -46.6215036913
59.4, 8.6, -1.25754459295, 36.8737275168, -51.960963255
59.9, 8.6, -1.38160688289, 33.5973981544, -51.7173877517
60.4, 8.6, -1.28637250839, 35.1021830537, -50.1528573826
60.9, 8.6, -0.311005358205, 23.4201837248, -54.900761745
61.4, 8.6, 4.23101531987, 9.78905308081, -58.9533203704
61.9, 8.6, 48.1644862416, 31.686147651, -54.8144716443
62.4, 8.6, 15.0054483221, 57.7575409396, -47.1690154362
62.9, 8.6, -0.451752446695, 69.8398981544, -41.020890604
63.4, 8.6, -26.7572112605, 84.9109369748, -43.2637023529
63.9, 8.6, -58.1374114094, 70.5663902685, -54.4918815436
64.4, 8.6, -70.0280407718, 32.8315010067, -48.7450033557
64.9, 8.6, -23.9442545302, -4.7955302349, -37.5768560403
65.4, 8.6, -13.1492533557, 24.5004411074, -22.6127911074
65.9, 8.6, -34.6075795302, 11.3694692617, -21.5670758389
66.4, 8.6, 3.61558048658, -21.6264689597, -14.2410837248
66.9, 8.6, 31.3007120805, 15.1870968121, -7.05566134228
67.4, 8.6, 10.1728829244, 35.761322521, 1.03186586538
67.9, 8.6, 0.683189005201, 37.2760211409, -3.94218498322
68.4, 8.6, -16.4425867672, 33.8669266332, -2.90971321943
68.9, 8.6, -1.22459485185, 31.497997651, 2.21124925956
69.4, 8.6, -25.1294162479, 40.1848018425, -10.5863427638
69.9, 8.6, -20.402684396, 29.5758498322, -22.7762171141
70.4, 8.6, -19.0847684564, 35.3075548658, -33.0475021812
70.9, 8.6, -25.7293802013, 42.9301686242, -41.2001322148
71.4, 8.6, -47.8958517647, 65.0940855462, -55.1555176471
71.9, 8.6, -20.0399640336, -18.4896042017, -41.4856057143
72.4, 8.6, -17.3598564706, 22.0890094118, -48.5216060504
72.9, 8.6, -18.8676989933, 26.3404825503, -51.653865604
73.4, 8.6, -15.1606117253, 23.4986340034, -50.9726554439
73.9, 8.6, -10.027714849, 22.1843375839, -41.5700541946
74.4, 8.6, -2.78879811189, 17.3186051926, -32.2294396985
74.9, 8.6, 1.22372122584, 19.1883884228, -25.4646562081
75.4, 8.6, 2.57304510756, 24.7766959664, -24.3945058824
75.9, 8.6, 2.29516005369, 28.2022833893, -30.5552738255
76.4, 8.6, 1.41149135394, 22.3091462312, -41.77730134
76.9, 8.6, 1.00291172973, 16.6567733221, -47.6977394295
77.4, 8.6, -1.74433589161, 13.4066505034, -50.8916674497
77.9, 8.6, -8.50299028571, 11.8376704874, -53.3595579832
78.4, 8.6, -10.1905921644, 7.6479436745, -54.6713172819
78.9, 8.6, -8.04509809045, 5.26256951424, -53.7291879397
79.4, 8.6, -6.63625473154, 8.73426964765, -50.613060906
79.9, 8.6, -8.9111258557, 17.6149671141, -46.7303479866
80.4, 8.6, -0.270988408269, 20.6618694118, -30.739427563
80.9, 8.6, -4.4455498325, 24.5952048576, -23.5830386935
40.9, 8.0, -14.5524162832, 4.30623835398, -68.0929023009
41.4, 8.0, -15.574007563, -6.59292277311, -73.8016477311
41.9, 8.0, -14.853719554, -13.3712080617, -73.8645463122
42.4, 8.0, -16.8369063683, -19.668320654, -65.1375833046
42.9, 8.0, -18.2943796491, -20.2796491228, -49.9138168421
43.4, 8.0, -20.0966747277, -15.597254902, -38.7341444444
43.9, 8.0, -21.2612859862, -10.0977559689, -31.3562380623
44.4, 8.0, -21.1576947723, -3.40536756661, -25.8349824621
44.9, 8.0, -20.0823382625, 4.95174791128, -26.3408009242
45.4, 8.0, -18.3359554731, 10.6378654174, -33.5656393321
45.9, 8.0, -17.0389898955, 10.6441168467, -41.909288676
46.4, 8.0, -16.7273744467, 6.4597543662, -47.6778517103
46.9, 8.0, -17.2327612782, 2.97343607331, -49.5899103383
47.4, 8.0, -17.8895257576, -1.56990738693, -49.2440897727
47.9, 8.0, -17.9289139847, -5.65844137931, -46.5299254789
48.4, 8.0, -16.9756348249, -5.88361392996, -43.9936583658
48.9, 8.0, -15.8963203125, -5.63365611111, -45.1439949653
49.4, 8.0, -16.1624295276, -9.0843786811, -48.2728501969
49.9, 8.0, -17.7540186007, -15.4373087031, -45.5203588737
50.4, 8.0, -22.337038422, -17.3359629503, -37.6148596913
50.9, 8.0, -29.754402214, -13.1284929889, -31.8520595941
51.4, 8.0, -34.8818743289, -4.69619151007, -26.6969223154
51.9, 8.0, -29.8913649916, 3.19836754941, -24.336040536
52.4, 8.0, -28.3707199664, 6.95648676174, -24.9835271812
52.9, 8.0, -27.1583684564, 6.02765385906, -29.8644885906
53.4, 8.0, -25.4892407718, 0.618562039815, -33.3794917785
53.9, 8.0, -25.4487537688, -7.64125921273, -32.3943633166
54.4, 8.0, -26.7073139262, -12.3757959732, -27.1024145973
54.9, 8.0, -27.3434369128, -13.1600768456, -23.2177347315
55.4, 8.0, -26.6705892797, -14.1029437186, -22.7086075377
55.9, 8.0, -24.3781194631, -17.1016892617, -23.101647651
56.4, 8.0, -21.8090312081, -18.8377771812, -22.5643865772
56.9, 8.0, -18.7833229866, -19.5924325503, -23.0663
57.4, 8.0, -19.0451248322, -18.3660944631, -27.6723981544
57.9, 8.0, -19.1049884422, -12.9019956449, -33.8443824121
58.4, 8.0, -18.888809396, -11.0252366779, -39.0261442953
58.9, 8.0, -20.6583793624, -13.2088040268, -38.2174077181
59.4, 8.0, -28.7491680067, -8.08725517588, -37.7823505863
59.9, 8.0, -29.4769651007, -5.71178464765, -41.8807496644
60.4, 8.0, -30.2203847315, -4.9748282047, -42.7264800336
60.9, 8.0, -35.2436497487, -10.6025537856, -42.9952135678
61.4, 8.0, -36.0866906198, -6.86896750419, -41.3108792295
61.9, 8.0, -36.4878658824, -5.57800290756, -37.3054996639
62.4, 8.0, -36.9294755034, 0.0532136342785, -30.4941072148
62.9, 8.0, -39.2763552013, 5.3795295302, -25.8556082215
63.4, 8.0, -40.1446865772, 11.4184492617, -25.7171808725
63.9, 8.0, -42.8637729866, 8.69127731544, -26.468025
64.4, 8.0, -43.1771228188, 1.07523245022, -27.1680830537
64.9, 8.0, -43.2148753356, -7.39214864094, -19.0268333893
65.4, 8.0, -36.4006233221, -0.995869205319, -15.6581610738
65.9, 8.0, -32.750542953, -3.66510684564, -17.0403338926
66.4, 8.0, -28.2912734899, -4.12101956376, -20.9663927852
66.9, 8.0, -27.0754327181, -7.34711963087, -25.1193895973
67.4, 8.0, -22.5866132328, -9.04701897822, -32.0813835846
67.9, 8.0, -23.2784860738, -10.2907048993, -34.4216342282
68.4, 8.0, -23.0143733221, -11.885252651, -36.8909095638
68.9, 8.0, -22.1356820168, -10.8666529412, -33.2886484034
69.4, 8.0, -24.4480674497, -9.54818699664, -30.0177634228
69.9, 8.0, -26.3529517647, -10.5220000672, -27.8962186555
70.4, 8.0, -34.9595001678, -11.9619199329, -21.9759573826
70.9, 8.0, -31.4000347899, -10.6367424034, -23.4873112605
71.4, 8.0, -38.2118280201, -0.676932251678, -25.4802291946
71.9, 8.0, -38.9706340604, -1.68397398993, -29.0427149329
72.4, 8.0, -37.1444745394, 4.74854820771, -28.3983479062
72.9, 8.0, -32.9996298658, 7.78257115772, -29.6562489933
73.4, 8.0, -29.5854949664, 6.47998241611, -33.6960105705
73.9, 8.0, -28.9529931208, 7.51850191275, -40.0283137584
74.4, 8.0, -25.3208427852, -0.0474559205369, -48.321385906
74.9, 8.0, -20.6073486577, -1.64116732383, -52.5509097315
75.4, 8.0, -23.9537971429, -9.54798386555, -54.1773294118
75.9, 8.0, -23.6499016779, -14.3557152685, -55.7142738255
76.4, 8.0, -25.4808973154, -19.0254088926, -56.6660157718
76.9, 8.0, -27.167979698, -24.8625612416, -57.3406139262
77.4, 8.0, -30.1208327731, -28.811682521, -54.6428058824
77.9, 8.0, -35.3905439597, -31.1528298658, -52.0285780201
78.4, 8.0, -33.1591954774, -26.0471871022, -50.841161809
78.9, 8.0, -33.9208748744, -21.8591921273, -49.4114035176
79.4, 8.0, -30.9958758389, -20.7958531879, -44.3204872483
79.9, 8.0, -28.0932137584, -22.9713157718, -38.7835587248
80.4, 8.0, -28.6530191275, -29.1968015101, -29.782595302
80.9, 8.0, -26.4558159129, -33.4630567839, -22.727200335
40.9, 7.4, -2.82547390924, -4.07609013445, -68.9935178151
41.4, 7.4, -0.938320649564, -6.31725120805, -72.8917854027
41.9, 7.4, -4.87390586176, -7.47228216807, -76.2397196639
42.4, 7.4, -4.47158423529, -12.752747563, -59.9853763025
42.9, 7.4, -13.7509784746, -10.3092715932, -52.3151154237
43.4, 7.4, -21.5733310403, -7.6866538255, -48.6154803691
43.9, 7.4, -26.7804577889, -5.12100613065, -46.267158124
44.4, 7.4, -28.0315370184, -4.1079761139, -44.0235180905
44.9, 7.4, -26.1697491611, 0.943177615419, -43.0018258389
45.4, 7.4, -20.1723399329, 4.33506869128, -42.6130416107
45.9, 7.4, -13.294462709, 5.81620610368, -43.8427769231
46.4, 7.4, -8.54501652685, 5.46708805369, -45.7192739933
46.9, 7.4, -6.97162016779, 4.0825791443, -48.1504270134
47.4, 7.4, -7.46557501678, -0.101563288305, -49.6583100671
47.9, 7.4, -8.043682, -4.4595270084, -48.0791969748
48.4, 7.4, -8.16802370805, -7.31270010067, -42.6833444631
48.9, 7.4, -7.38101447987, -6.63716879195, -40.0076676174
49.4, 7.4, -6.72117166107, -6.98935241611, -37.7256431208
49.9, 7.4, -8.20870879195, -8.5797177349, -34.7655505034
50.4, 7.4, -13.8004558725, -7.49275194631, -31.3476580537
50.9, 7.4, -20.939490604, -2.67385920805, -30.1535543624
51.4, 7.4, -27.9544929412, 4.8791557479, -30.6689315966
51.9, 7.4, -33.2920525963, 5.85607480737, -30.6242519263
52.4, 7.4, -35.4162340604, 6.39989931208, -31.4508753356
52.9, 7.4, -35.4429478992, 5.03561833613, -33.6742744538
53.4, 7.4, -34.5777872269, 2.00381471277, -35.0575043697
53.9, 7.4, -35.5614172819, -3.75849620805, -34.7073003356
54.4, 7.4, -36.6293620168, -8.95615820168, -31.9201206723
54.9, 7.4, -36.7574824121, -10.6904870519, -28.7459738693
55.4, 7.4, -33.3864355705, -18.0265689597, -27.6797966443
55.9, 7.4, -30.8502364706, -20.5918932773, -28.5882240336
56.4, 7.4, -30.9812246644, -18.3729275168, -28.9682605705
56.9, 7.4, -26.9245770519, -20.3921872697, -30.3427433836
57.4, 7.4, -25.7472825503, -19.1949728188, -35.2620107383
57.9, 7.4, -22.9132461409, -15.8762142617, -39.8584271812
58.4, 7.4, -22.6340747029, -11.6887037861, -43.2382743633
58.9, 7.4, -24.9198107563, -4.64101416807, -46.4402315966
59.4, 7.4, -26.6944734899, -3.7595792953, -49.2544832215
59.9, 7.4, -29.3223685092, 0.134683689883, -52.3961984925
60.4, 7.4, -30.1587419192, -3.33228838384, -53.8738784512
60.9, 7.4, -30.1420402685, -5.94981127517, -54.4360634228
61.4, 7.4, -29.1718452101, -9.5942570084, -53.448777479
61.9, 7.4, -29.5936590604, -3.96742659396, -49.816488255
62.4, 7.4, -32.1294179832, 4.23693536134, -44.7623794958
62.9, 7.4, -37.45975, 12.6376223154, -41.9346548658
63.4, 7.4, -44.2017163025, 17.7251813445, -42.8091729412
63.9, 7.4, -50.5046395973, 5.49526057047, -42.9092558725
64.4, 7.4, -51.0415393277, 4.96537684034, -40.2492835294
64.9, 7.4, -47.698483557, -5.43363458054, -34.5790182886
65.4, 7.4, -43.5343654362, -10.2160587919, -30.8058052013
65.9, 7.4, -37.8415577181, -14.8001520134, -29.7278110738
66.4, 7.4, -31.8609315436, -13.6439582215, -29.8305894295
66.9, 7.4, -25.5711426891, -10.0728272605, -29.4564884034
67.4, 7.4, -23.0093365772, -8.6615127349, -29.4219456376
67.9, 7.4, -24.9042348993, -7.64464605705, -29.3566785235
68.4, 7.4, -28.2593377517, -6.11126231544, -28.4821840604
68.9, 7.4, -31.8616302013, -2.68170097315, -29.3998946309
69.4, 7.4, -34.8879687919, -2.59647465436, -31.6585218121
69.9, 7.4, -37.8978904202, -2.84120928739, -34.0133495798
70.4, 7.4, -40.3518879195, -1.40343240503, -36.0137721477
70.9, 7.4, -42.810394958, -4.68969105882, -37.4992677311
71.4, 7.4, -47.3117986555, 2.18032402353, -40.1675379832
71.9, 7.4, -48.1105053601, 4.24279517588, -42.0576956449
72.4, 7.4, -46.0787334454, 5.2144052605, -44.6102534454
72.9, 7.4, -41.441964094, 1.01206481555, -44.8303790268
73.4, 7.4, -37.172290084, 1.66246931126, -44.2518344538
73.9, 7.4, -30.325016443, -3.77946416107, -43.8245956376
74.4, 7.4, -19.5146191275, 2.19139219799, -41.6628355705
74.9, 7.4, -19.777314094, -8.19459751678, -45.2495697987
75.4, 7.4, -19.2459013423, -7.79523696309, -47.7368699664
75.9, 7.4, -20.9735384228, -9.52930268456, -50.6705924497
76.4, 7.4, -23.6721184564, -13.5539286913, -55.7545598993
76.9, 7.4, -25.5968855705, -19.271214094, -59.5586399329
77.4, 7.4, -27.5307166107, -25.0814364094, -61.5089463087
77.9, 7.4, -29.3898677852, -28.2284350671, -61.1017488255
78.4, 7.4, -32.1360362416, -26.2108422819, -60.0131087248
78.9, 7.4, -33.3716628571, -22.5477838655, -58.6568307563
79.4, 7.4, -32.9668475712, -20.5258969849, -55.4181971524
79.9, 7.4, -34.7382885906, -18.1555442953, -50.9541604027
80.4, 7.4, -36.8574301508, -19.1814532663, -44.8059763819
80.9, 7.4, -40.7574110553, -21.7142365159, -37.4418711893
21.3, 19.7, -41.7814939446, -45.821767301, -0.419487381436
21.3, 19.2, 7.40836721739, -23.8081408696, -3.95268422609
21.3, 18.7, -2.84902486678, -6.71936576125, 4.91752520761
21.3, 18.2, 18.1187189655, -63.3211991379, 9.2730072069
21.3, 17.7, 28.7180169091, 1.70610475782, -12.8113985455
21.3, 17.2, -22.5634871304, -2.31872278452, -12.6079521739
21.3, 16.7, -20.0269148352, -7.21461787546, -17.8471503663
21.3, 16.2, -26.3598982759, 18.5793846552, -21.3478360345
21.3, 15.7, -42.6212015437, -27.3166259005, -2.53608369297
21.3, 15.2, -3.34394969543, -37.4914335025, 4.83606817259
21.3, 14.7, -23.8717726804, -13.1121197595, -0.468612605842
21.3, 14.2, -29.9358126736, -24.423953125, -24.3451815972
21.3, 13.7, -33.6948082631, -37.7729703204, -28.1509768971
21.3, 13.2, -22.7907898132, -45.4915217317, -27.0612736842
21.3, 12.7, -14.5057970588, -24.1154775087, -34.3327423875
21.3, 12.2, -53.0594114035, -21.5940770175, -23.5949449123
21.3, 11.7, -13.8328921368, -11.3896673675, -32.111774188
21.3, 11.2, -28.4095022298, -1.18738231424, -40.4007024014
21.3, 10.7, -32.5667073379, 1.48970845119, -37.3833904437
21.3, 10.2, -31.6888955932, -4.79993430508, -34.4550049153
21.3, 9.7, -29.7421207192, -11.7031597432, -31.1319962329
21.3, 9.2, -15.4047407801, -25.5427328014, -39.3192065603
22.0, 19.7, -24.2402054054, -8.69541711149, -1.63151779932
22.0, 19.2, -10.9309877311, -4.23392702521, -0.786045546622
22.0, 18.7, -0.453593697504, -1.01649566098, -5.77684880492
22.0, 18.2, 8.10756621806, 1.94865636083, -11.7909960988
22.0, 17.7, 7.77913559284, 3.96035919463, -18.4798729306
22.0, 17.2, -2.16456776395, -0.718266134507, -24.4382869048
22.0, 16.7, -10.4109922437, -8.2600283559, -26.608129207
22.0, 16.2, -14.7108083333, -13.3422722789, -26.9735772109
22.0, 15.7, -12.3334914, -24.0301666, -27.866712
22.0, 15.2, -12.2574347921, -25.9069748359, -31.5695525164
22.0, 14.7, -11.7667256569, -27.3481386861, -36.5915479927
22.0, 14.2, -17.6080972119, -27.4418310409, -44.4615447955
22.0, 13.7, -23.3780745794, -27.0228143925, -45.5420424299
22.0, 13.2, -26.3247987109, -22.8679793738, -43.6749300184
22.0, 12.7, -27.3193054945, -16.7709703297, -40.4798430769
22.0, 12.2, -26.9838053913, -8.04203450435, -37.936709913
22.0, 11.7, -25.3240119835, -3.45007533678, -37.7887568182
22.0, 11.2, -26.5649169604, 2.32939876652, -37.557423348
22.0, 10.7, -25.1580054577, 3.34008996479, -37.7236017606
22.0, 10.2, -21.5546988075, 3.69214618399, -41.909739523
22.0, 9.7, -15.0320181818, 4.11529545455, -51.3365352273
22.0, 9.2, -5.62824088737, 3.98946556314, -60.904733959
22.7, 19.7, -38.2810272269, -12.633048, 11.5111470252
22.7, 19.2, -34.1928035294, 15.4937373109, 17.0167052101
22.7, 18.7, -8.00397206376, 12.969602349, -1.98775408725
22.7, 18.2, 9.01258447987, 5.09614318792, 1.15416142091
22.7, 17.7, 24.7447706376, -20.5957281879, -4.68107922819
22.7, 17.2, -6.69858013423, -25.2848901007, -18.289234396
22.7, 16.7, -8.63323942953, -3.7155348557, -27.9774827181
22.7, 16.2, -5.77677507563, -12.4308691261, -37.6997537815
22.7, 15.7, -9.57269243289, -16.0143171141, -45.8476889262
22.7, 15.2, -15.6984738255, -18.3630491611, -53.4854709732
22.7, 14.7, -23.204238255, -16.4460278523, -57.7137996644
22.7, 14.2, -32.1900552013, -11.5765969295, -57.3728129195
22.7, 13.7, -40.3784316583, -4.69531636516, -51.4243144054
22.7, 13.2, -42.9173568067, 1.18246615731, -40.313069916
22.7, 12.7, -43.5349838655, 1.56673344118, -29.7953830252
22.7, 12.2, -39.8189313758, -1.93937470302, -23.8583733221
22.7, 11.7, -42.0170353434, -2.54116605025, -17.721401675
22.7, 11.2, -33.6763313758, 1.57705171544, -13.7332015101
22.7, 10.7, -25.4467327181, -2.0319408943, -26.1736307047
22.7, 10.2, -36.4195788945, -3.26561785595, -49.6071038526
22.7, 9.7, -53.487390604, 32.9779590604, -71.6570969799
22.7, 9.2, 0.540120144295, 69.9508580537, -102.486715772
37.8, 19.7, -25.6859735242, -18.136936136, -38.5093751342
37.8, 19.2, -26.5330815567, -16.179099154, -40.71331489
37.8, 18.7, -26.033564966, -17.1924979592, -38.5799656463
37.8, 18.2, -24.0923452504, -15.956901209, -35.3023544041
37.8, 17.7, -21.0688544688, -14.4990451939, -31.7222952782
37.8, 17.2, -18.26995, -13.138284471, -29.4544300341
37.8, 16.7, -15.2665407155, -13.3778235094, -28.5177855196
37.8, 16.2, -14.4514404762, -10.5926825, -27.4628787415
37.8, 15.7, -12.4968281034, -7.30985205172, -26.6552598276
37.8, 15.2, -8.40663088339, -1.68023004611, -27.5917367491
37.8, 14.7, -3.45851542517, 2.52652544558, -31.7771030612
37.8, 14.2, -16.0662656897, 3.72762706897, -36.9463613793
37.8, 13.7, -14.5153527145, -3.68749879159, -36.6879704028
37.8, 13.2, -13.2188316583, -11.9671726968, -37.4096264657
37.8, 12.7, -8.70481111314, -23.0691343066, -40.5784198905
37.8, 12.2, -17.7082023569, -17.6703402357, -35.8948181818
37.8, 11.7, -19.177613197, -17.8401013011, -34.310210223
37.8, 11.2, -20.4328277586, -14.5490315517, -35.0703853448
37.8, 10.7, -20.757881113, -12.0426563238, -36.1181602024
37.8, 10.2, -20.9654090592, -13.151645993, -39.280628223
37.8, 9.7, -22.4042506969, -14.2517681185, -43.8484247387
37.8, 9.2, -28.4523461938, -13.0922015571, -48.4534252595
38.6, 19.7, -10.9522759396, -2.56610816946, -29.3124043624
38.6, 19.2, -14.3136344828, -16.989822686, -38.7114785844
38.6, 18.7, -25.1743236893, -23.166467767, -36.7126953398
38.6, 18.2, -27.3718019608, -4.52257945098, -38.8211262745
38.6, 17.7, -15.6676883764, -6.20834256458, -42.0696143911
38.6, 17.2, -15.5785523891, -2.53037297099, -46.26743157
38.6, 16.7, -6.17983845857, -4.67325258189, -47.7095429672
38.6, 16.2, -23.0292808149, -12.7321821732, -45.8439302207
38.6, 15.7, -24.7572685981, 6.7996531028, -34.8677026168
38.6, 15.2, -16.0685824027, 3.3540571912, -19.4976228426
38.6, 14.7, -14.2669650763, 7.48798269084, -11.8987434351
38.6, 14.2, -6.96154210884, 12.8325221088, -15.7623207483
38.6, 13.7, 8.06691456446, 17.72138223, -22.6874670732
38.6, 13.2, 17.7249326642, 8.94748337591, -30.8675708029
38.6, 12.7, 5.82644386404, -6.70895679785, -46.6973516995
38.6, 12.2, -9.95034150259, -10.9962076684, -53.4783552677
38.6, 11.7, -28.0272276008, -5.02368239915, -52.7908857749
38.6, 11.2, -30.7702333333, -1.28452619568, -45.3275411523
38.6, 10.7, -30.1885205589, 9.11656147705, -32.6126483034
38.6, 10.2, -22.2189519366, 17.2800385563, -30.2100105634
38.6, 9.7, -14.3261003839, 20.424659309, -39.323359501
38.6, 9.2, -24.8209898305, 18.313700565, -46.5714902072
52.4, 19.7, -23.1610284168, 7.58565629229, -59.4709066306
52.4, 19.2, -28.1195945946, 2.69540540541, -62.2674324324
52.4, 18.7, -22.7455629139, 2.74701986755, -53.4095364238
52.4, 18.2, -19.1258343634, 5.17799752781, -46.895302843
52.4, 17.7, -13.2185663925, 8.11621621622, -40.7938895417
52.4, 17.2, -15.0449564134, 15.2437110834, -39.5915317559
52.4, 16.7, -31.2995901639, 22.4228142077, -38.4554644809
52.4, 16.2, -45.2132841328, 8.25744157442, -40.0519065191
52.4, 15.7, -34.8886145405, 2.95144032922, -37.5796982167
52.4, 15.2, -36.3535340314, 9.91897905759, -27.8090314136
52.4, 14.7, -31.3447443182, -5.68394886364, -19.1288352273
52.4, 14.2, -15.2741421569, -3.86115196078, -20.2406862745
52.4, 13.7, -4.82313937754, -4.26359945873, -26.3611637348
52.4, 13.2, 1.68843626807, 4.23127463863, -28.7808147175
52.4, 12.7, -15.9967479675, 13.4074525745, -29.9390243902
52.4, 12.2, -12.2562130178, 2.99704142012, -35.9279585799
52.4, 11.7, -17.0419483101, 3.81292246521, -36.5349900596
52.4, 11.2, -19.4033898305, 0.76004842615, -29.9322033898
52.4, 10.7, -18.2343406593, -3.35453296703, -23.1512362637
52.4, 10.2, -9.4674091442, -10.6923798359, -21.7327080891
52.4, 9.7, -10.1388816645, -12.0200260078, -30.8009102731
52.4, 9.2, -21.6384615385, -12.2430247718, -38.2745762712
54.1, 19.7, -23.4085714286, 5.35650793651, -47.9325396825
54.1, 19.2, -27.4516129032, 3.89790322581, -47.8130645161
54.1, 18.7, -27.0200642055, 6.53836276083, -43.7296950241
54.1, 18.2, -25.6201481481, 8.54948148148, -38.5438518519
54.1, 17.7, -22.7445927904, 9.87837116155, -35.2275033378
54.1, 17.2, -23.1502164502, 10.0711399711, -37.1608946609
54.1, 16.7, -28.8411140584, 7.82148541114, -39.5441644562
54.1, 16.2, -35.2429811867, 6.16454413893, -38.1492040521
54.1, 15.7, -38.15173454, 1.20965309201, -32.4800904977
54.1, 15.2, -35.3690671031, -2.19885433715, -25.5582651391
54.1, 14.7, -29.1898591549, -1.58338028169, -22.1715492958
54.1, 14.2, -21.5250803859, -1.45900321543, -21.554340836
54.1, 13.7, -15.3637640449, -0.643117977528, -22.0387640449
54.1, 13.2, -13.7043674699, 1.87951807229, -25.0539156627
54.1, 12.7, -15.102173913, 3.95115942029, -26.761884058
54.1, 12.2, -15.9474043716, 2.26161202186, -24.8349726776
54.1, 11.7, -15.1150470219, 1.51175548589, -22.6051724138
54.1, 11.2, -13.7169954476, -1.30864946889, -20.115629742
54.1, 10.7, -12.4943055556, -4.05861111111, -20.1663888889
54.1, 10.2, -10.493830703, -5.41994261119, -22.3893830703
54.1, 9.7, -13.9485362096, -3.44329738059, -28.1298921418
54.1, 9.2, -24.8270801815, -2.44281391831, -34.3337367625
54.9, 19.7, -20.4484084881, 9.94045092838, -33.9547745358
54.9, 19.2, -21.9007633588, 1.64923664122, -32.1095419847
54.9, 18.7, -23.8751743375, 5.02175732218, -27.7693165969
54.9, 18.2, -22.0961693548, 7.52943548387, -24.4997983871
54.9, 17.7, -17.0577812018, 6.51895223421, -21.099229584
54.9, 17.2, -17.1842465753, 4.26198630137, -24.0327054795
54.9, 16.7, -21.2290662651, 5.6125, -25.9019578313
54.9, 16.2, -24.8730245232, 6.73596730245, -25.0182561308
54.9, 15.7, -27.1328929987, 8.70739762219, -20.8145310436
54.9, 15.2, -25.1664156627, 7.62891566265, -12.4325301205
54.9, 14.7, -22.7489711934, 4.2591563786, -10.1209876543
54.9, 14.2, -18.6810320781, 7.17057182706, -12.7528591353
54.9, 13.7, -13.2266055046, 11.8109072375, -14.5644240571
54.9, 13.2, -8.18051020408, 9.90734693878, -23.7910204082
54.9, 12.7, -7.50853018373, 8.53595800525, -27.5448818898
54.9, 12.2, -6.66424010217, 6.47496807152, -23.6719029374
54.9, 11.7, -5.93145896657, 7.5188449848, -24.2240121581
54.9, 11.2, -6.71350649351, 5.33272727273, -18.775974026
54.9, 10.7, -7.71402831403, 6.52213642214, -20.3366795367
54.9, 10.2, -9.08263795424, 10.3857335128, -22.3068640646
54.9, 9.7, -18.1480225989, 18.1487288136, -27.0241525424
54.9, 9.2, -18.2082742317, 22.4057919622, -32.711820331
70.1, 19.7, -53.9065717415, -38.7864184009, -63.4267250821
70.1, 19.2, 7.4933908046, -53.124137931, -89.5369252874
70.1, 18.7, -0.0929521276596, -24.0767287234, -70.1928191489
70.1, 18.2, -1.14449213162, -13.3686695279, -52.5095851216
70.1, 17.7, -0.929644268775, -9.734914361, -49.05256917
70.1, 17.2, -4.33914209115, -10.5777479893, -47.7032171582
70.1, 16.7, -10.2734087694, -12.3261669024, -44.8207920792
70.1, 16.2, -15.6565644172, -12.3003680982, -39.5332515337
70.1, 15.7, -15.9157652474, -10.2958573072, -35.4001150748
70.1, 15.2, -13.4943452381, -9.51974206349, -36.451984127
70.1, 14.7, -11.7861437908, -7.49882352941, -41.2090196078
70.1, 14.2, -12.6205539359, -8.14577259475, -46.8155976676
70.1, 13.7, -15.6004398827, -8.68563049853, -51.9026392962
70.1, 13.2, -18.4990825688, -8.97785058978, -57.8685452163
70.1, 12.7, -24.535734072, -6.17825484765, -64.5591412742
70.1, 12.2, -32.668579235, -3.03510928962, -66.2734972678
70.1, 11.7, -40.3516460905, 0.0728395061728, -66.5548353909
70.1, 11.2, -44.1128712871, 3.05767326733, -61.047029703
70.1, 10.7, -41.0795783926, -0.0607378129117, -54.8661396574
70.1, 10.2, -26.2304644809, 0.736338797814, -54.3718579235
70.1, 9.7, 48.7522875817, 29.048627451, -63.0853594771
70.1, 9.2, -66.7654639175, 84.8743556701, -81.5264175258
70.8, 19.7, -28.9175412294, -26.4917541229, -49.6167916042
70.8, 19.2, -16.574015748, -29.0955905512, -51.2503937008
70.8, 18.7, -13.6946188341, -21.2662182362, -45.5470852018
70.8, 18.2, -9.21666666667, -15.307165109, -36.5320872274
70.8, 17.7, -4.41210191083, -12.2449044586, -34.725955414
70.8, 17.2, -4.46680384088, -9.9304526749, -38.8990397805
70.8, 16.7, -9.56805970149, -10.2482089552, -42.4749253731
70.8, 16.2, -15.857827476, -12.4712460064, -40.0036741214
70.8, 15.7, -19.6215210356, -12.7186084142, -34.9839805825
70.8, 15.2, -17.0830122592, -12.6600700525, -32.7007005254
70.8, 14.7, -12.8397222222, -12.7934722222, -35.3491666667
70.8, 14.2, -11.8044776119, -13.6167164179, -41.5735820896
70.8, 13.7, -15.53015625, -15.5425, -47.69390625
70.8, 13.2, -22.3696343402, -12.853418124, -52.1810810811
70.8, 12.7, -30.3916398714, -8.30675241158, -55.6758842444
70.8, 12.2, -38.3105008078, -2.40323101777, -56.5584814216
70.8, 11.7, -44.1196594427, -0.700773993808, -54.973993808
70.8, 11.2, -47.150867052, -2.35216763006, -49.8145953757
70.8, 10.7, -43.9679748823, -4.63814756672, -44.2580847724
70.8, 10.2, -36.9688500728, 0.157205240175, -43.6139737991
70.8, 9.7, -35.9843014129, 9.88712715856, -46.6739403454
70.8, 9.2, -47.9332831325, 15.7361445783, -47.9501506024
71.5, 19.7, -11.4226917058, -16.9039123631, -33.0902973396
71.5, 19.2, -7.39602076125, -32.3570934256, -31.8022491349
71.5, 18.7, -9.4605077574, -40.7684062059, -21.7468265162
71.5, 18.2, -3.76212121212, -44.3249311295, -18.4015151515
71.5, 17.7, -7.88843373494, -40.6965060241, -16.6346987952
71.5, 17.2, -17.8118367347, -18.1455782313, -16.9608163265
71.5, 16.7, -6.61182065217, -4.36535326087, -22.336548913
71.5, 16.2, -6.92298850575, -10.3458128079, -25.5318555008
71.5, 15.7, -15.0705567452, -10.2056745182, -27.455888651
71.5, 15.2, -15.9150644202, -5.70763131814, -30.7277502478
71.5, 14.7, -7.63230769231, 0.198041958042, -36.0048951049
71.5, 14.2, -3.40567226891, -5.91071428571, -45.4155462185
71.5, 13.7, -9.61615720524, -7.7422125182, -51.9241630277
71.5, 13.2, -21.4713846154, -19.4401538462, -49.7784615385
71.5, 12.7, -37.6180576631, -9.25386949924, -45.2474962064
71.5, 12.2, -41.108424337, 1.7976599064, -42.6166926677
71.5, 11.7, -36.138694075, 7.49068923821, -42.6330108827
71.5, 11.2, -35.6191891892, 0.522027027027, -48.9477027027
71.5, 10.7, -37.4721448468, -1.4786908078, -45.3754874652
71.5, 10.2, -36.5222052067, -1.39203675345, -41.3082695253
71.5, 9.7, -36.3200650759, -1.21843817787, -33.99164859
71.5, 9.2, -39.5921348315, -3.93328651685, -26.8925561798
