31147.53756, 3,   0.139,  0.159,  9.764, 4,   0.011,  0.008,  0.011
31147.60629, 3,   0.130,  0.186,  9.771, 4,  -0.046, -0.043, -0.016, 5,  10.789,-18.086,-43.138
31147.67423, 3,   0.122,  0.193,  9.746, 4,  -0.045, -0.042, -0.015, 5,  10.258,-18.170,-42.746, 81, 213.463, -1.059,  0.849, 82,  -0.015,  0.004, -0.033, 83,   0.145,  0.181,  9.804, 84,   0.010,  0.007,  0.958
31147.74653, 3,   0.138,  0.169,  9.737, 4,  -0.047, -0.042, -0.018, 5,  10.579,-17.400,-43.032, 81, 213.440, -1.082,  0.792, 82,  -0.013,  0.008, -0.058, 83,   0.136,  0.185,  9.804, 84,   0.009,  0.007,  0.958
31147.81417, 3,   0.123,  0.192,  9.737, 4,  -0.047, -0.042, -0.017, 5,  10.912,-17.400,-43.198, 81, 214.202, -1.039,  0.805, 82,  -0.000, -0.008, -0.067, 83,   0.138,  0.178,  9.804, 84,   0.009,  0.007,  0.956
31147.88574, 3,   0.130,  0.186,  9.785, 4,  -0.046, -0.042, -0.017, 5,  10.580,-17.911,-43.176, 81, 214.490, -1.078,  0.808, 82,  -0.015,  0.008, -0.067, 83,   0.138,  0.184,  9.804, 84,   0.010,  0.007,  0.955
31147.95362, 3,   0.129,  0.194,  9.735, 4,  -0.047, -0.042, -0.017, 5,  10.248,-17.911,-42.716, 81, 213.535, -1.086,  0.804, 82,  -0.008,  0.000, -0.019, 83,   0.138,  0.186,  9.804, 84,   0.009,  0.007,  0.957
31148.02400, 3,   0.150,  0.167,  9.728, 4,  -0.045, -0.042, -0.019, 5,  10.816,-17.400,-43.000, 81, 213.654, -1.080,  0.781, 82,  -0.005,  0.009, -0.069, 83,   0.134,  0.185,  9.804, 84,   0.009,  0.007,  0.957
31148.09282, 3,   0.143,  0.190,  9.733, 4,  -0.046, -0.041, -0.017, 5,  10.500,-17.400,-43.000, 81, 214.303, -1.069,  0.793, 82,   0.015, -0.016, -0.076, 83,   0.136,  0.183,  9.804, 84,   0.009,  0.007,  0.955
31148.16192, 3,   0.142,  0.193,  9.753, 4,  -0.045, -0.043, -0.015, 5,  10.500,-17.400,-43.000, 81, 213.953, -1.076,  0.791, 82,   0.008,  0.006, -0.071, 83,   0.135,  0.184,  9.804, 84,   0.009,  0.007,  0.956
31148.23047, 3,   0.131,  0.217,  9.778, 4,  -0.048, -0.041, -0.016, 5,  10.500,-17.400,-43.000, 81, 213.825, -1.066,  0.795, 82,   0.006,  0.011, -0.051, 83,   0.136,  0.183,  9.804, 84,   0.009,  0.007,  0.957
31148.28497, 3,   0.146,  0.184,  9.771, 4,  -0.047, -0.041, -0.017, 81, 213.784, -1.079,  0.792, 82,  -0.004,  0.032, -0.026, 83,   0.135,  0.185,  9.804, 84,   0.009,  0.007,  0.957
31148.35493, 3,   0.141,  0.201,  9.732, 4,  -0.048, -0.041, -0.017, 5,  10.500,-17.000,-43.400, 81, 213.770, -1.065,  0.798, 82,   0.010,  0.002, -0.033, 83,   0.136,  0.182,  9.804, 84,   0.009,  0.007,  0.957
31148.42641, 3,   0.132,  0.180,  9.777, 4,  -0.048, -0.042, -0.016, 5,  10.500,-17.000,-43.400, 81, 214.011, -1.081,  0.807, 82,   0.003,  0.016, -0.072, 83,   0.138,  0.185,  9.804, 84,   0.009,  0.007,  0.956
31148.49901, 3,   0.123,  0.177,  9.746, 4,  -0.046, -0.043, -0.016, 5,  10.500,-17.000,-43.400, 81, 214.387, -0.981,  0.890, 82,  -0.020,  0.012, -0.027, 83,   0.152,  0.168,  9.804, 84,   0.010,  0.006,  0.955
31148.56811, 3,   0.129,  0.181,  9.757, 4,  -0.046, -0.043, -0.015, 5,  10.500,-17.000,-43.400, 81, 214.533, -0.782,  1.071, 82,  -0.060,  0.043, -0.058, 83,   0.183,  0.134,  9.804, 84,   0.011,  0.004,  0.955
31148.63721, 3,   0.148,  0.175,  9.746, 4,  -0.046, -0.043, -0.017, 5,  10.500,-17.000,-43.400, 81, 214.630, -0.616,  1.222, 82,  -0.080,  0.076, -0.047, 83,   0.209,  0.105,  9.804, 84,   0.012,  0.002,  0.955
31148.68897, 3,   0.140,  0.184,  9.722, 4,  -0.047, -0.042, -0.016, 5,  10.500,-17.000,-43.400, 81, 214.716, -0.426,  1.401, 82,  -0.091,  0.103, -0.058, 83,   0.240,  0.073,  9.803, 84,   0.013, -0.000,  0.954
31148.76158, 3,   0.142,  0.200,  9.718, 4,  -0.048, -0.041, -0.016, 5,  10.500,-17.000,-43.400, 81, 214.770, -0.297,  1.520, 82,  -0.120,  0.133, -0.081, 83,   0.260,  0.051,  9.803, 84,   0.013, -0.001,  0.954
31148.83401, 3,   0.143,  0.183,  9.743, 4,  -0.046, -0.042, -0.017, 5,  10.500,-17.000,-43.400, 81, 214.834, -0.134,  1.670, 82,  -0.144,  0.177, -0.084, 83,   0.286,  0.023,  9.802, 84,   0.014, -0.003,  0.954
31148.90884, 3,   0.120,  0.169,  9.717, 4,  -0.045, -0.041, -0.017, 5,  10.500,-17.000,-43.400, 81, 214.908,  0.063,  1.849, 82,  -0.173,  0.193, -0.058, 83,   0.316, -0.011,  9.802, 84,   0.015, -0.005,  0.954
31148.97986, 3,   0.160,  0.165,  9.753, 4,  -0.046, -0.041, -0.016, 5,  10.500,-17.000,-43.400, 81, 214.976,  0.254,  2.024, 82,  -0.226,  0.212, -0.083, 83,   0.346, -0.044,  9.800, 84,   0.016, -0.007,  0.954
31149.04911, 3,   0.135,  0.202,  9.751, 4,  -0.044, -0.042, -0.018, 5,  10.500,-17.000,-43.400, 81, 215.038,  0.408,  2.168, 82,  -0.211,  0.234, -0.046, 83,   0.371, -0.070,  9.799, 84,   0.017, -0.009,  0.953
31149.11968, 3,   0.135,  0.211,  9.746, 4,  -0.046, -0.044, -0.018, 5,  10.500,-17.000,-43.400, 81, 215.113,  0.588,  2.338, 82,  -0.265,  0.302, -0.047, 83,   0.400, -0.101,  9.798, 84,   0.018, -0.011,  0.953
31149.18893, 3,   0.132,  0.205,  9.754, 4,  -0.046, -0.042, -0.018, 5,  10.500,-17.000,-43.400, 81, 215.167,  0.740,  2.478, 82,  -0.289,  0.337, -0.050, 83,   0.424, -0.127,  9.797, 84,   0.019, -0.013,  0.953
31149.25803, 3,   0.132,  0.175,  9.740, 4,  -0.047, -0.042, -0.018, 5,  10.500,-17.000,-43.400, 81, 215.231,  0.926,  2.645, 82,  -0.320,  0.364, -0.041, 83,   0.452, -0.159,  9.795, 84,   0.020, -0.015,  0.953
31149.30814, 3,   0.140,  0.196,  9.737, 4,  -0.045, -0.040, -0.016, 5,  10.500,-17.000,-43.400, 81, 215.283,  1.071,  2.779, 82,  -0.343,  0.359, -0.053, 83,   0.475, -0.183,  9.793, 84,   0.020, -0.016,  0.953
31149.38230, 3,   0.137,  0.183,  9.752, 4,  -0.046, -0.041, -0.015, 5,  10.500,-17.000,-43.400, 81, 215.323,  1.190,  2.888, 82,  -0.354,  0.400, -0.055, 83,   0.494, -0.204,  9.792, 84,   0.021, -0.018,  0.953
31149.45537, 3,   0.127,  0.204,  9.733, 4,  -0.046, -0.041, -0.017, 5,  10.500,-17.000,-43.400, 81, 215.376,  1.332,  3.016, 82,  -0.379,  0.411, -0.038, 83,   0.516, -0.228,  9.790, 84,   0.022, -0.019,  0.952
31149.57034, 3,   0.135,  0.201,  9.742, 4,  -0.048, -0.045, -0.016, 5,  10.500,-17.000,-43.400, 81, 215.425,  1.500,  3.169, 82,  -0.415,  0.460, -0.055, 83,   0.542, -0.257,  9.788, 84,   0.022, -0.021,  0.952
31149.64035, 3,   0.125,  0.179,  9.767, 4,  -0.047, -0.042, -0.016, 5,  10.500,-17.000,-43.400, 81, 215.529,  1.768,  3.422, 82,  -0.450,  0.503, -0.042, 83,   0.585, -0.303,  9.785, 84,   0.024, -0.024,  0.952
31149.71189, 3,   0.108,  0.179,  9.765, 4,  -0.046, -0.043, -0.017, 5,  10.500,-17.000,-43.400, 81, 215.602,  1.955,  3.597, 82,  -0.490,  0.514, -0.015, 83,   0.615, -0.335,  9.782, 84,   0.025, -0.026,  0.952
31149.78047, 3,   0.130,  0.172,  9.740, 4,  -0.046, -0.042, -0.015, 5,  10.500,-17.000,-43.400, 81, 215.662,  2.139,  3.765, 82,  -0.536,  0.545, -0.013, 83,   0.643, -0.366,  9.779, 84,   0.026, -0.028,  0.951
31149.85082, 3,   0.140,  0.191,  9.764, 4,  -0.047, -0.043, -0.017, 5,  10.500,-17.000,-43.400, 81, 215.711,  2.289,  3.903, 82,  -0.537,  0.564, -0.036, 83,   0.667, -0.392,  9.776, 84,   0.026, -0.029,  0.951
31149.92120, 3,   0.136,  0.193,  9.749, 4,  -0.046, -0.042, -0.015, 5,  10.500,-17.000,-43.400, 81, 215.777,  2.464,  4.070, 82,  -0.555,  0.613, -0.009, 83,   0.695, -0.422,  9.773, 84,   0.027, -0.031,  0.951
31149.99244, 3,   0.117,  0.197,  9.750, 4,  -0.046, -0.042, -0.018, 5,  10.500,-17.000,-43.400, 81, 215.831,  2.607,  4.206, 82,  -0.582,  0.639, -0.022, 83,   0.718, -0.446,  9.770, 84,   0.028, -0.033,  0.951
31150.06050, 3,   0.110,  0.181,  9.753, 4,  -0.045, -0.040, -0.018, 5,  10.500,-17.000,-43.400, 81, 215.902,  2.778,  4.371, 82,  -0.630,  0.672, -0.017, 83,   0.747, -0.475,  9.767, 84,   0.029, -0.035,  0.951
31150.13188, 3,   0.147,  0.197,  9.745, 4,  -0.048, -0.039, -0.016, 5,  10.500,-17.000,-43.400, 81, 215.951,  2.914,  4.500, 82,  -0.658,  0.680, -0.011, 83,   0.768, -0.499,  9.764, 84,   0.029, -0.036,  0.950
31150.20065, 3,   0.113,  0.206,  9.739, 4,  -0.047, -0.045, -0.017, 5,  10.500,-17.400,-43.400, 81, 215.828,  3.050,  4.629, 82,  -0.643,  0.719, -0.016, 83,   0.790, -0.522,  9.761, 84,   0.030, -0.038,  0.951
31150.27051, 3,   0.165,  0.169,  9.734, 4,  -0.046, -0.041, -0.015, 5,  10.500,-17.400,-43.400, 81, 215.635,  3.182,  4.760, 82,  -0.700,  0.751, -0.019, 83,   0.813, -0.544,  9.758, 84,   0.031, -0.039,  0.951
31150.34193, 3,   0.135,  0.182,  9.771, 4,  -0.047, -0.041, -0.017, 5,  10.500,-17.400,-43.400, 81, 215.600,  3.346,  4.921, 82,  -0.675,  0.741, -0.020, 83,   0.840, -0.572,  9.754, 84,   0.032, -0.041,  0.951
31150.41206, 3,   0.120,  0.171,  9.747, 4,  -0.047, -0.043, -0.018, 5,  10.500,-17.400,-43.400, 81, 215.635,  3.474,  5.047, 82,  -0.726,  0.776,  0.021, 83,   0.861, -0.594,  9.751, 84,   0.033, -0.042,  0.951
31150.48061, 3,   0.108,  0.192,  9.738, 4,  -0.046, -0.040, -0.018, 5,  10.500,-17.400,-43.400, 81, 215.700,  3.630,  5.203, 82,  -0.767,  0.792,  0.001, 83,   0.887, -0.621,  9.747, 84,   0.033, -0.044,  0.951
31150.55105, 3,   0.144,  0.177,  9.755, 4,  -0.047, -0.044, -0.017, 5,  10.500,-17.400,-43.400, 81, 215.747,  3.753,  5.322, 82,  -0.800,  0.833, -0.005, 83,   0.908, -0.642,  9.743, 84,   0.034, -0.045,  0.951
31150.62158, 3,   0.132,  0.193,  9.774, 4,  -0.049, -0.043, -0.019, 5,  10.500,-17.400,-43.400, 81, 215.804,  3.911,  5.472, 82,  -0.789,  0.846,  0.015, 83,   0.933, -0.669,  9.739, 84,   0.035, -0.047,  0.950
31150.69050, 3,   0.140,  0.186,  9.752, 4,  -0.047, -0.043, -0.017, 5,  10.500,-17.400,-43.400, 81, 215.854,  4.032,  5.590, 82,  -0.821,  0.883,  0.038, 83,   0.953, -0.690,  9.736, 84,   0.036, -0.048,  0.950
31150.76054, 3,   0.142,  0.183,  9.755, 4,  -0.047, -0.042, -0.017, 5,  10.500,-17.400,-43.400, 81, 215.898,  4.147,  5.703, 82,  -0.832,  0.895,  0.020, 83,   0.972, -0.709,  9.733, 84,   0.036, -0.050,  0.950
31150.83184, 3,   0.131,  0.200,  9.750, 4,  -0.046, -0.042, -0.018, 5,  10.500,-17.400,-43.400, 81, 215.963,  4.293,  5.849, 82,  -0.855,  0.917,  0.027, 83,   0.997, -0.734,  9.728, 84,   0.037, -0.051,  0.950
31150.90066, 3,   0.127,  0.183,  9.753, 4,  -0.046, -0.043, -0.018, 5,  10.500,-17.400,-43.400, 81, 216.010,  4.397,  5.956, 82,  -0.884,  0.952,  0.025, 83,   1.015, -0.752,  9.725, 84,   0.038, -0.052,  0.950
31150.97187, 3,   0.136,  0.193,  9.736, 4,  -0.046, -0.042, -0.017, 5,  10.500,-17.400,-43.400, 81, 216.062,  4.503,  6.064, 82,  -0.906,  0.953,  0.031, 83,   1.033, -0.770,  9.722, 84,   0.038, -0.054,  0.949
31151.04231, 3,   0.131,  0.189,  9.772, 4,  -0.046, -0.046, -0.017, 5,  10.500,-17.400,-43.400, 81, 216.093,  4.607,  6.161, 82,  -0.913,  0.981,  0.018, 83,   1.049, -0.788,  9.719, 84,   0.039, -0.055,  0.949
31151.11058, 3,   0.136,  0.187,  9.778, 4,  -0.046, -0.039, -0.016, 5,  10.500,-17.400,-43.400, 81, 216.152,  4.739,  6.295, 82,  -0.940,  0.999,  0.058, 83,   1.072, -0.810,  9.714, 84,   0.039, -0.056,  0.949
31151.18023, 3,   0.150,  0.185,  9.746, 4,  -0.047, -0.041, -0.018, 5,  10.500,-17.400,-43.400, 81, 216.200,  4.836,  6.396, 82,  -0.952,  1.013,  0.067, 83,   1.089, -0.827,  9.711, 84,   0.040, -0.057,  0.949
31151.25165, 3,   0.119,  0.173,  9.775, 4,  -0.046, -0.042, -0.018, 5,  10.500,-17.400,-43.400, 81, 216.260,  4.962,  6.528, 82,  -0.961,  1.033,  0.040, 83,   1.111, -0.848,  9.707, 84,   0.041, -0.059,  0.949
31151.32129, 3,   0.144,  0.171,  9.746, 4,  -0.047, -0.046, -0.017, 5,  10.500,-17.400,-43.400, 81, 216.303,  5.051,  6.619, 82,  -1.007,  1.036,  0.071, 83,   1.126, -0.863,  9.703, 84,   0.041, -0.060,  0.949
31151.39112, 3,   0.116,  0.178,  9.739, 4,  -0.046, -0.040, -0.018, 5,  10.500,-17.400,-43.400, 81, 216.365,  5.171,  6.744, 82,  -1.003,  1.055,  0.046, 83,   1.147, -0.884,  9.699, 84,   0.042, -0.061,  0.948
31151.46080, 3,   0.154,  0.162,  9.729, 4,  -0.046, -0.044, -0.018, 5,  10.500,-17.400,-43.400, 81, 216.391,  5.254,  6.825, 82,  -1.044,  1.076,  0.043, 83,   1.160, -0.898,  9.696, 84,   0.042, -0.062,  0.948
31151.53182, 3,   0.109,  0.168,  9.731, 4,  -0.045, -0.040, -0.017, 5,  10.500,-17.400,-43.400, 81, 216.444,  5.364,  6.940, 82,  -1.026,  1.078,  0.037, 83,   1.180, -0.917,  9.692, 84,   0.043, -0.063,  0.948
31151.60062, 3,   0.110,  0.226,  9.753, 4,  -0.046, -0.045, -0.015, 5,  10.500,-17.400,-43.400, 81, 216.487,  5.438,  7.022, 82,  -1.085,  1.097,  0.042, 83,   1.194, -0.929,  9.689, 84,   0.043, -0.064,  0.948
31151.67063, 3,   0.002,  0.157,  9.726, 4,  -0.050, -0.043, -0.375, 5,  10.500,-17.400,-43.400, 81, 216.595,  5.496,  7.094, 82,  -1.096,  1.166,  0.067, 83,   1.206, -0.939,  9.687, 84,   0.044, -0.065,  0.947
31151.74131, 3,   0.476,  0.327,  9.786, 4,  -0.048, -0.046, -0.549, 5,  10.500,-17.400,-43.400, 81, 217.137,  5.415,  7.335, 82,  -1.244,  1.083,  0.043, 83,   1.246, -0.925,  9.683, 84,   0.046, -0.065,  0.946
31151.81081, 3,   0.159,  0.250,  9.740, 4,  -0.052, -0.045, -0.936, 5,  10.500,-17.400,-43.400, 81, 217.636,  5.264,  7.586, 82,  -0.813,  1.227,  0.106, 83,   1.289, -0.900,  9.680, 84,   0.048, -0.065,  0.944
31151.88055, 3,  -0.083, -0.127,  9.808, 4,  -0.058, -0.048, -1.245, 5,  10.900,-17.000,-43.400, 81, 219.204,  4.877,  7.982, 82,  -1.198,  1.084,  0.063, 83,   1.357, -0.834,  9.676, 84,   0.051, -0.063,  0.940
31151.95032, 3,   0.366,  0.278,  9.771, 4,  -0.051, -0.054, -1.216, 5,  11.300,-15.500,-43.400, 81, 220.997,  4.365,  8.374, 82,  -1.507,  0.620,  0.134, 83,   1.424, -0.746,  9.674, 84,   0.055, -0.061,  0.934
31152.02509, 3,  -0.417, -0.068,  9.747, 4,  -0.059, -0.048, -1.572, 5,  12.200,-13.400,-43.400, 81, 223.830,  3.675,  8.868, 82,  -1.142,  0.907,  0.101, 83,   1.509, -0.628,  9.670, 84,   0.060, -0.058,  0.925
31152.09086, 3,   0.036,  0.151,  9.723, 4,  -0.052, -0.036, -1.001, 5,  12.800,-12.300,-43.000, 81, 230.179,  2.789,  9.248, 82,  -1.991,  0.409,  0.080, 83,   1.574, -0.477,  9.668, 84,   0.063, -0.056,  0.903
31152.16207, 3,  -0.061,  0.306,  9.741, 4,  -0.055, -0.043, -1.162, 5,  13.200,-10.400,-43.000, 81, 233.830,  2.269,  9.409, 82,  -1.566,  0.539,  0.056, 83,   1.602, -0.388,  9.667, 84,   0.064, -0.055,  0.889
31152.23086, 3,   0.111,  0.181,  9.776, 4,  -0.048, -0.045, -0.532, 5,  13.600, -8.800,-43.000, 81, 239.328,  1.661,  9.557, 82,  -1.689,  0.591,  0.074, 83,   1.628, -0.284,  9.666, 84,   0.065, -0.054,  0.866
31152.30191, 3,   0.224,  0.177,  9.729, 4,  -0.052, -0.041, -0.650, 5,  14.000, -8.100,-43.000, 81, 244.109,  1.183,  9.674, 82,  -1.536,  0.384,  0.111, 83,   1.648, -0.202,  9.665, 84,   0.066, -0.053,  0.845
31152.37071, 3,  -0.436, -0.017,  9.800, 4,  -0.053, -0.044, -0.782, 5,  14.900, -7.200,-43.000, 81, 247.013,  0.939,  9.712, 82,  -1.430,  0.337,  0.064, 83,   1.654, -0.161,  9.665, 84,   0.066, -0.054,  0.831
31152.44051, 3,   0.147,  0.168,  9.723, 4,  -0.050, -0.037, -0.748, 5,  14.900, -6.400,-43.000, 81, 250.306,  0.563,  9.737, 82,  -2.094,  0.080,  0.135, 83,   1.659, -0.096,  9.665, 84,   0.067, -0.053,  0.815
31152.51330, 3,   0.239,  0.186,  9.720, 4,  -0.052, -0.040, -0.738, 5,  15.300, -5.300,-43.000, 81, 252.552,  0.294,  9.753, 82,  -1.514,  0.218,  0.059, 83,   1.661, -0.050,  9.665, 84,   0.067, -0.052,  0.803
31152.58120, 3,   0.175,  0.227,  9.754, 4,  -0.054, -0.045, -0.889, 5,  15.300, -4.900,-43.000, 81, 254.761, -0.036,  9.768, 82,  -1.424,  0.179,  0.056, 83,   1.664,  0.006,  9.664, 84,   0.068, -0.051,  0.792
31152.65229, 3,   0.157,  0.148,  9.729, 4,  -0.059, -0.032, -1.002, 5,  15.300, -4.200,-43.000, 81, 258.288, -0.528,  9.730, 82,  -1.482,  0.137,  0.089, 83,   1.657,  0.090,  9.665, 84,   0.069, -0.050,  0.773
31152.72111, 3,   0.043,  0.188,  9.789, 4,  -0.054, -0.031, -1.114, 5,  15.300, -3.100,-43.000, 81, 262.253, -1.007,  9.670, 82,  -1.490, -0.024,  0.064, 83,   1.647,  0.172,  9.666, 84,   0.069, -0.049,  0.750
31152.79118, 3,   0.094,  0.154,  9.749, 4,  -0.049, -0.052, -1.249, 5,  15.700, -0.300,-43.000, 81, 267.045, -1.565,  9.525, 82,  -1.579, -0.080,  0.121, 83,   1.622,  0.268,  9.668, 84,   0.070, -0.047,  0.722
31152.86214, 3,   0.037,  0.165,  9.725, 4,  -0.049, -0.043, -1.198, 5,  15.700,  1.900,-43.000, 81, 272.248, -2.113,  9.372, 82,  -1.502, -0.208,  0.080, 83,   1.596,  0.362,  9.669, 84,   0.070, -0.046,  0.690
31152.93213, 3,  -0.035,  0.157,  9.798, 4,  -0.050, -0.050, -1.035, 5,  15.300,  2.500,-43.400, 81, 277.105, -2.634,  9.192, 82,  -1.528, -0.286,  0.054, 83,   1.565,  0.451,  9.671, 84,   0.070, -0.045,  0.658
31153.00059, 3,   0.006,  0.210,  9.727, 4,  -0.052, -0.045, -0.882, 5,  14.900,  3.000,-43.400, 81, 280.835, -3.050,  9.003, 82,  -1.568, -0.365,  0.126, 83,   1.532,  0.522,  9.672, 84,   0.070, -0.044,  0.633
31153.07136, 3,  -0.071,  0.153,  9.713, 4,  -0.055, -0.033, -0.816, 5,  14.900,  4.300,-43.400, 81, 284.716, -3.440,  8.789, 82,  -1.490, -0.378,  0.053, 83,   1.496,  0.588,  9.674, 84,   0.070, -0.042,  0.607
31153.14214, 3,   0.260,  0.239,  9.884, 4,  -0.056, -0.034, -0.786, 5,  14.500,  4.800,-43.400, 81, 287.518, -3.675,  8.565, 82,  -1.529, -0.475,  0.035, 83,   1.458,  0.629,  9.677, 84,   0.070, -0.041,  0.587
31153.21115, 3,   0.036,  0.215,  9.744, 4,  -0.051, -0.049, -1.163, 5,  13.600,  6.000,-43.400, 81, 290.156, -3.894,  8.336, 82,  -1.159, -0.427,  0.204, 83,   1.419,  0.666,  9.681, 84,   0.069, -0.040,  0.569
31153.28189, 3,   0.120,  0.130,  9.723, 4,  -0.053, -0.049, -1.146, 5,  12.700,  6.700,-43.400, 81, 293.417, -4.339,  8.020, 82,  -1.328, -0.526,  0.061, 83,   1.364,  0.742,  9.683, 84,   0.070, -0.038,  0.545
31153.35212, 3,  -0.023,  0.236,  9.776, 4,  -0.050, -0.065, -1.060, 5,  12.200,  7.700,-43.400, 81, 296.875, -4.719,  7.661, 82,  -1.183, -0.676,  0.037, 83,   1.303,  0.807,  9.686, 84,   0.070, -0.035,  0.519
31153.42064, 3,   0.502,  0.173,  9.814, 4,  -0.050, -0.041, -1.048, 5,  11.800,  8.200,-43.400, 81, 301.488, -5.088,  7.276, 82,  -1.260, -0.634,  0.087, 83,   1.237,  0.870,  9.689, 84,   0.070, -0.034,  0.485
31153.49221, 3,  -0.241,  0.107,  9.725, 4,  -0.057, -0.049, -1.704, 5,  10.100,  9.300,-43.400, 81, 305.826, -5.353,  6.960, 82,  -0.681, -0.742,  0.122, 83,   1.183,  0.915,  9.692, 84,   0.069, -0.033,  0.452
31153.56060, 3,  -0.084,  0.169,  9.694, 4,  -0.054, -0.041, -1.571, 5,   8.200,  9.300,-43.400, 81, 311.348, -5.748,  6.405, 82,  -1.329, -0.875,  0.029, 83,   1.088,  0.982,  9.696, 84,   0.069, -0.030,  0.408
31153.63034, 3,   0.054,  0.135,  9.745, 4,  -0.050, -0.051, -1.572, 5,   4.800, 10.900,-43.400, 81, 318.886, -6.218,  5.673, 82,  -1.047, -0.893, -0.008, 83,   0.964,  1.062,  9.701, 84,   0.068, -0.027,  0.348
31153.70054, 3,  -0.341,  0.169,  9.726, 4,  -0.052, -0.032, -1.459, 5,   3.300, 11.500,-43.400, 81, 326.559, -6.527,  5.089, 82,  -0.810, -0.979,  0.040, 83,   0.864,  1.115,  9.705, 84,   0.067, -0.026,  0.285
31153.77272, 3,  -0.178,  0.241,  9.776, 4,  -0.051, -0.051, -0.927, 5,   2.300, 12.200,-43.400, 81, 334.572, -6.763,  4.329, 82,  -1.076, -0.985,  0.015, 83,   0.735,  1.155,  9.711, 84,   0.066, -0.024,  0.217
31153.84145, 3,  -0.105,  0.182,  9.734, 4,  -0.053, -0.032, -0.878, 5,   1.100, 12.200,-43.400, 81, 341.093, -6.782,  3.943, 82,  -0.848, -0.917,  0.061, 83,   0.670,  1.158,  9.715, 84,   0.064, -0.024,  0.162
31153.91156, 3,  -0.095,  0.256,  9.772, 4,  -0.051, -0.039, -0.722, 5,   0.500, 12.600,-43.800, 81, 345.768, -6.741,  3.569, 82,  -0.712, -0.969,  0.014, 83,   0.606,  1.151,  9.720, 84,   0.062, -0.024,  0.122
31153.98157, 3,   0.338,  0.186,  9.746, 4,  -0.051, -0.049, -0.863, 5,  -0.100, 12.600,-43.800, 81, 349.644, -6.671,  3.232, 82,  -0.644, -0.884,  0.047, 83,   0.549,  1.139,  9.725, 84,   0.060, -0.023,  0.088
31154.05067, 3,   0.467,  0.083,  9.728, 4,  -0.052, -0.056, -0.980, 5,  -1.900, 13.000,-43.800, 81, 352.635, -6.615,  2.915, 82,  -0.158, -0.944,  0.017, 83,   0.495,  1.130,  9.729, 84,   0.059, -0.022,  0.063
31154.12239, 3,  -0.143,  0.179,  9.771, 4,  -0.059, -0.046, -0.935, 5,  -3.300, 13.000,-43.800, 81, 356.869, -6.522,  2.647, 82,   0.017, -1.031, -0.005, 83,   0.450,  1.114,  9.733, 84,   0.057, -0.021,  0.026
31154.19131, 3,  -0.480,  0.032,  9.722, 4,  -0.049, -0.042, -0.760, 5,  -4.200, 13.000,-43.800, 81,   1.986, -6.417,  2.325, 82,  -0.538, -0.917,  0.034, 83,   0.395,  1.096,  9.737, 84,   0.056, -0.021, -0.018
31154.26050, 3,   0.011,  0.199,  9.759, 4,  -0.045, -0.042, -0.017, 5,  -4.800, 13.000,-44.200, 81,   6.765, -6.256,  2.030, 82,  -0.825, -1.037, -0.020, 83,   0.345,  1.069,  9.742, 84,   0.053, -0.021, -0.060
31154.33079, 3,   0.034,  0.203,  9.758, 4,  -0.046, -0.042, -0.018, 5,  -4.800, 13.000,-44.200, 81,   8.971, -6.041,  2.084, 82,  -0.343, -0.833,  0.014, 83,   0.355,  1.032,  9.746, 84,   0.051, -0.022, -0.079
31154.40236, 3,   0.006,  0.194,  9.759, 4,  -0.046, -0.041, -0.018, 5,  -4.800, 13.000,-44.200, 81,   9.793, -5.800,  2.173, 82,  -0.336, -0.788,  0.009, 83,   0.370,  0.991,  9.749, 84,   0.049, -0.023, -0.086
31154.47060, 3,   0.017,  0.204,  9.779, 4,  -0.045, -0.043, -0.017, 5,  -5.300, 12.600,-44.200, 81,  10.031, -5.590,  2.235, 82,  -0.375, -0.761,  0.007, 83,   0.381,  0.955,  9.753, 84,   0.047, -0.024, -0.088
31154.54046, 3,   0.037,  0.184,  9.734, 4,  -0.045, -0.041, -0.018, 5,  -5.300, 12.600,-44.200, 81,  11.167, -5.359,  2.318, 82,  -0.378, -0.712,  0.023, 83,   0.395,  0.916,  9.756, 84,   0.045, -0.025, -0.098
31154.61096, 3,   0.035,  0.187,  9.758, 4,  -0.047, -0.044, -0.019, 5,  -5.300, 12.600,-44.200, 81,  11.524, -5.156,  2.379, 82,  -0.368, -0.697, -0.025, 83,   0.405,  0.881,  9.759, 84,   0.043, -0.025, -0.101
31154.68030, 3,   0.037,  0.212,  9.735, 4,  -0.046, -0.043, -0.019, 5,  -5.300, 12.600,-44.200, 81,  11.582, -4.954,  2.438, 82,  -0.380, -0.659, -0.004, 83,   0.416,  0.847,  9.761, 84,   0.041, -0.026, -0.102
31154.75282, 3,   0.037,  0.203,  9.728, 4,  -0.047, -0.040, -0.019, 5,  -5.300, 12.600,-44.200, 81,  11.579, -4.739,  2.515, 82,  -0.392, -0.598, -0.028, 83,   0.429,  0.810,  9.764, 84,   0.039, -0.026, -0.102
31154.82576, 3,  -0.080,  0.273,  9.762, 4,  -0.046, -0.050, -0.015, 5,  -5.300, 12.600,-44.200, 81,  11.800, -4.403,  2.506, 82,  -0.390, -0.550, -0.041, 83,   0.428,  0.753,  9.768, 84,   0.036, -0.026, -0.104
31154.89544, 3,   0.057,  0.201,  9.721, 4,  -0.047, -0.043, -0.018, 5,  -5.300, 12.600,-44.200, 81,  12.093, -4.142,  2.425, 82,  -0.494, -0.435, -0.011, 83,   0.414,  0.708,  9.772, 84,   0.034, -0.025, -0.106
31154.96460, 3,   0.021,  0.192,  9.762, 4,  -0.049, -0.045, -0.240, 5,  -5.300, 12.600,-44.200, 81,  12.380, -3.855,  2.415, 82,  -0.355, -0.458, -0.055, 83,   0.412,  0.659,  9.776, 84,   0.031, -0.025, -0.108
31155.03599, 3,   0.193,  0.226,  9.791, 4,  -0.048, -0.037, -0.248, 5,  -5.700, 12.600,-44.200, 81,  12.510, -3.625,  2.395, 82,  -0.388, -0.428, -0.016, 83,   0.409,  0.620,  9.778, 84,   0.029, -0.024, -0.110
31155.10661, 3,   0.025,  0.499,  9.757, 4,  -0.050, -0.047, -0.462, 5,  -5.700, 12.600,-44.200, 81,  14.125, -3.405,  2.327, 82,  -0.204, -0.356,  0.010, 83,   0.397,  0.582,  9.781, 84,   0.027, -0.024, -0.123
31155.17763, 3,   0.101,  0.078,  9.731, 4,  -0.046, -0.036, -0.660, 5,  -6.100, 12.600,-44.200, 81,  14.536, -3.270,  2.228, 82,  -0.355, -0.061, -0.026, 83,   0.381,  0.559,  9.783, 84,   0.026, -0.023, -0.127
31155.25012, 3,   0.004,  0.150,  9.752, 4,  -0.047, -0.046, -0.741, 5,  -6.600, 12.200,-44.200, 81,  16.673, -3.067,  2.111, 82,  -0.260, -0.446, -0.055, 83,   0.361,  0.525,  9.786, 84,   0.024, -0.022, -0.145
31155.32135, 3,   0.125,  0.139,  9.749, 4,  -0.050, -0.034, -0.762, 5,  -7.100, 11.800,-44.200, 81,  18.111, -2.941,  1.995, 82,  -0.337, -0.353, -0.036, 83,   0.341,  0.503,  9.788, 84,   0.023, -0.021, -0.158
31155.39112, 3,  -0.015,  0.162,  9.759, 4,  -0.052, -0.041, -0.594, 5,  -7.600, 11.400,-44.200, 81,  20.729, -2.781,  1.851, 82,  -0.191, -0.337, -0.041, 83,   0.316,  0.476,  9.790, 84,   0.021, -0.020, -0.180
31155.46279, 3,  -0.129,  0.189,  9.775, 4,  -0.051, -0.042, -0.549, 5,  -8.000, 11.400,-44.200, 81,  23.731, -2.612,  1.731, 82,  -0.311, -0.285, -0.033, 83,   0.296,  0.447,  9.792, 84,   0.019, -0.019, -0.206
31155.53057, 3,   0.239,  0.204,  9.754, 4,  -0.047, -0.042, -0.470, 5,  -8.400, 11.000,-44.200, 81,  26.105, -2.454,  1.642, 82,  -0.409, -0.231, -0.019, 83,   0.281,  0.420,  9.794, 84,   0.018, -0.019, -0.226
31155.60232, 3,  -0.165,  0.151,  9.735, 4,  -0.048, -0.048, -0.706, 5,  -8.900, 10.600,-44.200, 81,  29.306, -2.330,  1.618, 82,  -0.038, -0.195, -0.041, 83,   0.277,  0.399,  9.795, 84,   0.016, -0.019, -0.253
31155.67319, 3,   0.100,  0.245,  9.763, 4,  -0.051, -0.048, -0.707, 5,  -9.900,  9.700,-43.800, 81,  32.540, -2.174,  1.520, 82,  -0.425, -0.221, -0.061, 83,   0.260,  0.372,  9.796, 84,   0.014, -0.018, -0.280
31155.74565, 3,  -0.050,  0.201,  9.758, 4,  -0.051, -0.056, -0.872, 5, -10.300,  9.200,-43.800, 81,  36.367, -2.028,  1.507, 82,  -0.158, -0.102, -0.034, 83,   0.258,  0.347,  9.797, 84,   0.013, -0.018, -0.312
31155.81871, 3,   0.180, -0.021,  9.726, 4,  -0.058, -0.047, -1.211, 5, -10.700,  8.700,-43.800, 81,  39.508, -1.944,  1.423, 82,  -0.293, -0.132, -0.040, 83,   0.243,  0.333,  9.798, 84,   0.012, -0.017, -0.338
31155.89190, 3,   0.268,  0.216,  9.719, 4,  -0.062, -0.041, -1.455, 5, -11.200,  7.800,-43.800, 81,  43.754, -1.814,  1.311, 82,  -0.044, -0.331, -0.073, 83,   0.224,  0.310,  9.799, 84,   0.010, -0.017, -0.373
31155.96375, 3,   0.379,  0.038,  9.777, 4,  -0.056, -0.035, -1.672, 5, -12.500,  6.300,-43.800, 81,  49.879, -1.713,  1.202, 82,   0.062, -0.077, -0.081, 83,   0.206,  0.293,  9.800, 84,   0.009, -0.016, -0.422
31156.03629, 3,  -0.050, -0.017,  9.740, 4,  -0.053, -0.038, -1.746, 5, -14.100,  2.600,-43.800, 81,  57.056, -1.623,  1.123, 82,   0.187, -0.240, -0.024, 83,   0.192,  0.278,  9.801, 84,   0.008, -0.015, -0.478
31156.10603, 3,   0.320,  0.160,  9.772, 4,  -0.058, -0.042, -1.455, 5, -14.700,  1.200,-43.800, 81,  68.629, -1.503,  0.961, 82,  -0.214, -0.274, -0.062, 83,   0.164,  0.257,  9.802, 84,   0.006, -0.014, -0.564
31156.17852, 3,   0.066,  0.175,  9.749, 4,  -0.054, -0.041, -1.354, 5, -14.700,  0.100,-43.800, 81,  78.233, -1.364,  0.935, 82,   0.160, -0.073, -0.031, 83,   0.160,  0.233,  9.803, 84,   0.004, -0.014, -0.631
31156.24859, 3,  -0.094,  0.057,  9.775, 4,  -0.054, -0.027, -1.202, 5, -15.100, -1.100,-43.800, 81,  83.672, -1.274,  0.849, 82,  -0.079, -0.043, -0.054, 83,   0.145,  0.218,  9.803, 84,   0.003, -0.013, -0.667
31156.29972, 3,  -0.206, -0.116,  9.833, 4,  -0.052, -0.033, -1.227, 5, -15.600, -1.600,-43.800, 81,  91.615, -1.129,  0.792, 82,  -0.230, -0.136, -0.029, 83,   0.136,  0.193,  9.804, 84,   0.002, -0.012, -0.717
31156.36820, 3,   0.278, -0.023,  9.752, 4,  -0.054, -0.043, -1.112, 5, -16.000, -2.800,-43.800, 81,  94.224, -1.029,  0.737, 82,  -0.333, -0.292,  0.029, 83,   0.126,  0.176,  9.804, 84,   0.001, -0.011, -0.733
31156.44115, 3,  -0.202, -0.008,  9.764, 4,  -0.052, -0.025, -1.145, 5, -16.400, -3.100,-44.300, 81,  98.486, -0.870,  0.741, 82,   0.151, -0.172, -0.053, 83,   0.127,  0.149,  9.805, 84,   0.000, -0.010, -0.757
31156.51037, 3,   0.285,  0.236,  9.740, 4,  -0.051, -0.040, -1.085, 5, -16.400, -7.300,-44.300, 81, 104.880, -0.723,  0.668, 82,  -0.317, -0.132, -0.042, 83,   0.114,  0.124,  9.805, 84,  -0.001, -0.009, -0.793
31156.58355, 3,  -0.398, -0.063,  9.725, 4,  -0.052, -0.047, -1.328, 5, -16.400, -8.800,-44.300, 81, 110.434, -0.632,  0.722, 82,   0.161,  0.128, -0.065, 83,   0.123,  0.108,  9.805, 84,  -0.002, -0.008, -0.821
31156.65598, 3,   0.166,  0.056,  9.718, 4,  -0.051, -0.046, -1.165, 5, -16.400, -9.400,-43.900, 81, 116.414, -0.513,  0.716, 82,  -0.521, -0.151, -0.080, 83,   0.123,  0.088,  9.805, 84,  -0.003, -0.007, -0.850
31156.72663, 3,  -0.100, -0.043,  9.761, 4,  -0.056, -0.042, -1.361, 5, -16.400,-10.000,-43.900, 81, 120.398, -0.431,  0.808, 82,   0.028, -0.018, -0.087, 83,   0.138,  0.074,  9.805, 84,  -0.004, -0.007, -0.868
31156.79674, 3,   0.248,  0.360,  9.795, 4,  -0.052, -0.041, -1.219, 5, -16.400,-12.200,-43.900, 81, 124.096, -0.304,  0.778, 82,  -0.233, -0.095, -0.044, 83,   0.133,  0.052,  9.806, 84,  -0.005, -0.006, -0.883
31156.84692, 3,  -0.375,  0.248,  9.778, 4,  -0.050, -0.025, -1.568, 5, -16.000,-14.200,-43.500, 81, 128.286, -0.213,  0.861, 82,   0.101,  0.323, -0.010, 83,   0.147,  0.036,  9.805, 84,  -0.006, -0.005, -0.900
31156.92013, 3,   0.381,  0.231,  9.746, 4,  -0.053, -0.062, -1.372, 5, -15.600,-14.200,-43.500, 81, 130.901, -0.211,  0.770, 82,  -0.506,  0.212, -0.028, 83,   0.132,  0.036,  9.806, 84,  -0.005, -0.004, -0.910
31156.99164, 3,   0.113, -0.140,  9.741, 4,  -0.056, -0.035, -1.677, 5, -13.600,-16.700,-43.500, 81, 134.843, -0.129,  0.859, 82,   0.234,  0.209, -0.060, 83,   0.147,  0.022,  9.806, 84,  -0.006, -0.004, -0.923
31157.06257, 3,   0.426,  0.122,  9.762, 4,  -0.052, -0.024, -1.318, 5, -12.000,-17.500,-43.500, 81, 139.411, -0.056,  0.948, 82,  -0.050, -0.150, -0.064, 83,   0.162,  0.010,  9.805, 84,  -0.008, -0.003, -0.938
31157.13411, 3,  -0.209,  0.055,  9.583, 4,  -0.053, -0.068, -1.430, 5, -10.700,-18.500,-43.500, 81, 144.757,  0.036,  0.973, 82,   0.259,  0.128, -0.043, 83,   0.167, -0.006,  9.805, 84,  -0.008, -0.002, -0.953
31157.20590, 3,   0.312,  0.030,  9.752, 4,  -0.050, -0.052, -1.278, 5,  -9.400,-19.300,-43.500, 81, 150.710,  0.099,  1.030, 82,  -0.385,  0.072, -0.222, 83,   0.176, -0.017,  9.805, 84,  -0.009, -0.001, -0.967
31157.27884, 3,   0.154,  0.112,  9.682, 4,  -0.051, -0.032, -1.518, 5,  -8.800,-20.100,-43.500, 81, 154.946,  0.147,  1.104, 82,   0.124,  0.055, -0.053, 83,   0.189, -0.025,  9.805, 84,  -0.010, -0.001, -0.976
31157.32886, 3,  -0.138, -0.048,  9.770, 5,  -7.200,-20.100,-43.500, 81, 159.971,  0.159,  1.281, 82,  -0.065,  0.139, -0.122, 83,   0.219, -0.027,  9.804, 84,  -0.011, -0.001, -0.985
31157.40290, 3,   0.317,  0.116,  9.701, 4,  -0.050, -0.044, -1.469, 5,  -5.900,-20.100,-43.500, 81, 162.538,  0.159,  1.319, 82,  -0.364, -0.021, -0.034, 83,   0.226, -0.027,  9.804, 84,  -0.012, -0.000, -0.988
31157.47100, 3,   0.102, -0.006,  9.782, 4,  -0.052, -0.045, -1.549, 5,  -1.800,-21.100,-43.500, 81, 167.363,  0.153,  1.486, 82,   0.063,  0.142, -0.102, 83,   0.254, -0.026,  9.803, 84,  -0.013, -0.000, -0.994
31157.54345, 3,   0.491,  0.139,  9.694, 4,  -0.050, -0.040, -1.290, 5,  -0.100,-21.500,-43.500, 81, 174.961,  0.144,  1.621, 82,  -0.176,  0.019, -0.021, 83,   0.277, -0.025,  9.803, 84,  -0.014,  0.001, -0.999
31157.61493, 3,  -0.207, -0.023,  9.612, 4,  -0.057, -0.046, -0.985, 5,   0.800,-21.900,-43.500, 81, 179.959,  0.133,  1.651, 82,   0.208,  0.162, -0.108, 83,   0.283, -0.023,  9.803, 84,  -0.014,  0.001, -1.000
31157.68647, 3,   0.927,  0.314,  9.719, 4,  -0.055, -0.045, -1.001, 5,   1.300,-21.900,-43.500, 81, 184.039,  0.167,  1.663, 82,  -0.492,  0.006, -0.191, 83,   0.285, -0.029,  9.802, 84,   0.014, -0.002,  0.999
31157.75908, 3,  -0.089,  0.104,  9.731, 4,  -0.054, -0.062, -1.549, 5,   2.800,-22.300,-43.500, 81, 187.280,  0.176,  1.861, 82,   0.609,  0.344, -0.083, 83,   0.318, -0.030,  9.801, 84,   0.016, -0.003,  0.998
31157.82818, 3,  -0.065,  0.023,  9.748, 4,  -0.050, -0.045, -1.492, 5,   4.300,-22.300,-43.500, 81, 190.989,  0.141,  1.938, 82,  -0.420,  0.128, -0.070, 83,   0.332, -0.024,  9.801, 84,   0.017, -0.003,  0.995
31157.89840, 3,   0.185,  0.081,  9.775, 4,  -0.051, -0.042, -1.091, 5,   5.200,-21.800,-43.500, 81, 193.026,  0.105,  1.954, 82,  -0.400,  0.041, -0.053, 83,   0.334, -0.018,  9.801, 84,   0.017, -0.003,  0.993
31157.97119, 3,   0.137,  0.165,  9.751, 4,  -0.046, -0.041, -0.123, 5,   5.900,-21.400,-43.500, 81, 196.351,  0.106,  2.011, 82,  -0.159,  0.099, -0.026, 83,   0.344, -0.018,  9.801, 84,   0.017, -0.003,  0.990
31158.04350, 3,   0.144,  0.153,  9.744, 4,  -0.044, -0.043, -0.017, 5,   5.900,-21.400,-43.500, 81, 198.067,  0.181,  1.991, 82,  -0.204,  0.196, -0.050, 83,   0.341, -0.031,  9.801, 84,   0.017, -0.004,  0.987
31158.11382, 3,   0.127,  0.165,  9.748, 4,  -0.047, -0.039, -0.017, 5,   5.900,-21.000,-43.500, 81, 198.804,  0.264,  2.036, 82,  -0.205,  0.198, -0.056, 83,   0.348, -0.045,  9.800, 84,   0.017, -0.005,  0.986
31158.16424, 3,   0.104,  0.166,  9.752, 4,  -0.046, -0.042, -0.019, 5,   6.300,-20.600,-43.500, 81, 199.258,  0.370,  2.092, 82,  -0.231,  0.229, -0.052, 83,   0.358, -0.063,  9.800, 84,   0.017, -0.006,  0.986
31158.23596, 3,   0.151,  0.152,  9.722, 4,  -0.046, -0.043, -0.016, 5,   6.800,-20.600,-43.500, 81, 199.998,  0.417,  2.110, 82,  -0.258,  0.238, -0.048, 83,   0.361, -0.071,  9.800, 84,   0.018, -0.007,  0.985
31158.30866, 3,   0.127,  0.166,  9.729, 4,  -0.046, -0.042, -0.017, 5,   6.800,-20.600,-43.500, 81, 201.350,  0.521,  2.171, 82,  -0.221,  0.241, -0.077, 83,   0.371, -0.089,  9.799, 84,   0.018, -0.008,  0.983
31158.38050, 3,   0.144,  0.170,  9.758, 4,  -0.044, -0.041, -0.018, 5,   6.800,-20.600,-43.500, 81, 201.817,  0.621,  2.227, 82,  -0.254,  0.273, -0.070, 83,   0.381, -0.106,  9.799, 84,   0.018, -0.009,  0.982
31158.49010, 3,   0.138,  0.156,  9.770, 4,  -0.047, -0.044, -0.017, 5,   6.800,-20.200,-43.500, 81, 201.926,  0.687,  2.264, 82,  -0.244,  0.288, -0.041, 83,   0.387, -0.118,  9.798, 84,   0.018, -0.010,  0.982
31158.56143, 3,   0.136,  0.174,  9.764, 4,  -0.046, -0.042, -0.017, 5,   6.800,-20.200,-43.500, 81, 202.233,  0.847,  2.369, 82,  -0.268,  0.301, -0.027, 83,   0.405, -0.145,  9.797, 84,   0.019, -0.011,  0.981
31158.63031, 3,   0.138,  0.180,  9.747, 4,  -0.047, -0.044, -0.015, 5,   6.800,-20.200,-43.500, 81, 202.422,  0.965,  2.451, 82,  -0.283,  0.339, -0.032, 83,   0.419, -0.165,  9.796, 84,   0.019, -0.012,  0.981
31158.70200, 3,   0.476,  0.219,  9.765, 4,  -0.047, -0.052, -0.024, 5,   6.800,-20.200,-43.500, 81, 202.538,  1.082,  2.540, 82,  -0.296,  0.365, -0.048, 83,   0.434, -0.185,  9.795, 84,   0.020, -0.014,  0.980
31158.77046, 3,   0.441,  0.086,  9.753, 4,  -0.052, -0.048, -0.616, 5,   6.800,-20.200,-43.500, 81, 203.195,  1.168,  2.676, 82,   0.018,  0.419, -0.029, 83,   0.458, -0.200,  9.794, 84,   0.021, -0.015,  0.979
31158.84066, 3,   0.015,  0.185,  9.720, 4,  -0.054, -0.036, -0.786, 5,   7.200,-20.200,-43.500, 81, 203.422,  1.170,  2.820, 82,  -0.041,  0.286, -0.040, 83,   0.482, -0.200,  9.793, 84,   0.022, -0.015,  0.979
31158.92224, 3,   0.189,  0.092,  9.749, 4,  -0.053, -0.039, -1.125, 5,   7.600,-19.800,-43.500, 81, 204.472,  1.141,  2.935, 82,  -0.487,  0.380, -0.071, 83,   0.502, -0.195,  9.792, 84,   0.023, -0.015,  0.977
31158.99073, 3,  -0.169,  0.235,  9.757, 4,  -0.049, -0.061, -1.276, 5,   8.000,-19.400,-43.500, 81, 205.840,  1.070,  3.067, 82,  -0.336,  0.275, -0.042, 83,   0.525, -0.183,  9.791, 84,   0.024, -0.015,  0.974
31159.06251, 3,   0.365,  0.074,  9.780, 4,  -0.048, -0.042, -1.150, 5,   9.100,-19.000,-43.500, 81, 206.779,  0.927,  3.203, 82,  -0.717,  0.394, -0.033, 83,   0.548, -0.159,  9.790, 84,   0.025, -0.014,  0.972
31159.13066, 3,  -0.245,  0.115,  9.715, 4,  -0.051, -0.061, -1.043, 5,  10.100,-18.000,-43.500, 81, 210.355,  0.811,  3.342, 82,  -0.207,  0.212, -0.009, 83,   0.572, -0.139,  9.789, 84,   0.026, -0.014,  0.965
31159.20202, 3,   0.195,  0.150,  9.698, 4,  -0.052, -0.039, -1.065, 5,  10.600,-16.900,-43.500, 81, 214.958,  0.679,  3.455, 82,  -0.836,  0.231, -0.073, 83,   0.591, -0.116,  9.788, 84,   0.027, -0.015,  0.953
31159.27069, 3,   0.050,  0.325,  9.708, 4,  -0.053, -0.040, -1.274, 5,  11.800,-15.600,-43.500, 81, 218.379,  0.561,  3.543, 82,  -0.411,  0.246, -0.089, 83,   0.606, -0.096,  9.787, 84,   0.028, -0.015,  0.944
31159.34189, 3,   0.053,  0.129,  9.743, 4,  -0.056, -0.037, -1.313, 5,  12.200,-13.500,-43.500, 81, 222.511,  0.342,  3.614, 82,  -0.569,  0.384, -0.079, 83,   0.618, -0.059,  9.787, 84,   0.028, -0.014,  0.932
31159.41118, 3,   0.051,  0.068,  9.767, 4,  -0.055, -0.061, -1.176, 5,  13.000,-11.400,-43.100, 81, 226.197,  0.161,  3.642, 82,  -0.570,  0.156, -0.044, 83,   0.623, -0.028,  9.787, 84,   0.029, -0.014,  0.919
31159.48061, 3,   0.305,  0.292,  9.743, 4,  -0.051, -0.033, -1.212, 5,  13.500,-10.300,-43.100, 81, 231.994, -0.020,  3.752, 82,  -0.591,  0.064, -0.019, 83,   0.642,  0.004,  9.786, 84,   0.030, -0.014,  0.898
31159.55279, 3,   0.135,  0.169,  9.763, 4,  -0.053, -0.066, -1.151, 5,  13.900, -8.800,-43.100, 81, 236.444, -0.205,  3.739, 82,  -0.334,  0.257, -0.043, 83,   0.640,  0.035,  9.786, 84,   0.030, -0.014,  0.881
31159.62039, 3,   0.237,  0.149,  9.751, 4,  -0.059, -0.024, -1.188, 5,  14.300, -8.300,-43.100, 81, 242.115, -0.383,  3.775, 82,  -0.511,  0.104, -0.022, 83,   0.646,  0.066,  9.785, 84,   0.030, -0.014,  0.856
31159.69096, 3,  -0.132,  0.130,  9.706, 4,  -0.052, -0.051, -1.326, 5,  15.200, -4.200,-43.100, 81, 248.370, -0.566,  3.761, 82,  -0.406,  0.052, -0.034, 83,   0.643,  0.097,  9.785, 84,   0.030, -0.014,  0.827
31159.76430, 3,   0.097,  0.211,  9.696, 4,  -0.048, -0.041, -1.460, 5,  15.200, -3.100,-43.100, 81, 254.009, -0.724,  3.728, 82,  -0.769,  0.006, -0.079, 83,   0.638,  0.124,  9.785, 84,   0.030, -0.015,  0.798
31159.83184, 3,  -0.102, -0.039,  9.662, 4,  -0.055, -0.030, -1.635, 5,  15.600, -0.300,-43.100, 81, 260.668, -0.965,  3.653, 82,  -0.528,  0.046, -0.089, 83,   0.625,  0.165,  9.785, 84,   0.030, -0.014,  0.762
31159.90057, 3,  -0.059,  0.242,  9.742, 4,  -0.056, -0.046, -1.722, 5,  15.600,  0.900,-43.500, 81, 267.641, -1.173,  3.557, 82,  -0.710, -0.240, -0.123, 83,   0.608,  0.201,  9.786, 84,   0.029, -0.014,  0.721
31159.97064, 3,   0.415,  0.259,  9.697, 4,  -0.052, -0.032, -1.206, 5,  15.600,  2.600,-43.500, 81, 273.141, -1.413,  3.439, 82,  -0.647,  0.001, -0.044, 83,   0.588,  0.242,  9.786, 84,   0.030, -0.013,  0.687
31160.04081, 3,   0.257,  0.194,  9.755, 4,  -0.051, -0.043, -1.329, 5,  15.600,  3.600,-43.500, 81, 279.568, -1.621,  3.358, 82,  -0.159, -0.019, -0.089, 83,   0.574,  0.277,  9.786, 84,   0.030, -0.013,  0.645
31160.11092, 3,   0.136,  0.181,  9.746, 4,  -0.053, -0.032, -1.109, 5,  14.800,  5.900,-43.500, 81, 284.911, -1.757,  3.273, 82,  -0.302, -0.107, -0.031, 83,   0.560,  0.301,  9.786, 84,   0.030, -0.013,  0.609
31160.18178, 3,   0.025,  0.187,  9.724, 4,  -0.060, -0.029, -1.379, 5,  13.900,  6.500,-43.500, 81, 290.265, -1.874,  3.131, 82,  -0.400, -0.139, -0.041, 83,   0.535,  0.321,  9.787, 84,   0.029, -0.013,  0.571
31160.25183, 3,   0.187,  0.151,  9.803, 4,  -0.048, -0.041, -1.438, 5,  13.100,  7.100,-43.500, 81, 294.946, -1.979,  2.973, 82,  -0.484, -0.151, -0.064, 83,   0.508,  0.339,  9.788, 84,   0.028, -0.013,  0.537
31160.32172, 3,  -0.235,  0.181,  9.749, 4,  -0.050, -0.031, -1.631, 5,  11.500,  8.900,-43.500, 81, 298.465, -2.092,  2.843, 82,  -0.299, -0.207,  0.015, 83,   0.486,  0.358,  9.788, 84,   0.028, -0.012,  0.511
31160.39137, 3,   0.213,  0.178,  9.807, 4,  -0.048, -0.046, -1.774, 5,   9.700,  9.000,-43.500, 81, 306.600, -2.260,  2.557, 82,  -0.672, -0.206, -0.041, 83,   0.437,  0.387,  9.789, 84,   0.028, -0.011,  0.449
31160.46126, 3,   0.416,  0.001,  9.729, 4,  -0.054, -0.040, -1.976, 5,   7.700, 10.100,-43.500, 81, 313.269, -2.400,  2.373, 82,  -0.193, -0.232,  0.017, 83,   0.406,  0.411,  9.790, 84,   0.027, -0.011,  0.396
31160.53051, 3,   0.631,  0.261,  9.716, 4,  -0.062, -0.053, -2.072, 5,   3.900, 11.700,-43.500, 81, 324.294, -2.517,  2.090, 82,   0.059, -0.429, -0.062, 83,   0.357,  0.431,  9.791, 84,   0.026, -0.011,  0.306
31160.60062, 3,  -0.286,  0.082,  9.751, 4,  -0.055, -0.071, -2.335, 5,   1.200, 12.100,-43.500, 81, 332.226, -2.607,  1.901, 82,   0.306, -0.185, -0.075, 83,   0.325,  0.446,  9.791, 84,   0.026, -0.011,  0.240
31160.67133, 3,  -0.033,  0.330,  9.782, 4,  -0.058, -0.038, -1.747, 5,  -1.000, 11.900,-44.000, 81, 344.290, -2.702,  1.464, 82,  -0.536, -0.380, -0.042, 83,   0.250,  0.462,  9.793, 84,   0.025, -0.009,  0.136
31160.74098, 3,   0.078, -0.297, 10.005, 4,  -0.064, -0.044, -2.103, 5,  -2.400, 11.900,-44.000, 81, 356.015, -2.715,  1.211, 82,  -0.240, -0.134, -0.011, 83,   0.207,  0.464,  9.793, 84,   0.024, -0.010,  0.035
31160.81093, 3,   0.509,  0.307,  9.721, 4,  -0.050, -0.051, -1.236, 5,  -5.000, 12.300,-44.000, 81,   6.855, -2.607,  0.922, 82,  -0.080, -0.744,  0.210, 83,   0.158,  0.446,  9.795, 84,   0.022, -0.009, -0.060
31160.88098, 3,  -0.713,  0.067,  9.750, 4,  -0.052, -0.036, -0.935, 5,  -6.200, 12.300,-44.000, 81,  16.432, -2.545,  0.789, 82,   0.375, -0.128, -0.075, 83,   0.135,  0.435,  9.796, 84,   0.021, -0.010, -0.143
31160.95050, 3,   0.091,  0.232,  9.738, 4,  -0.050, -0.039, -0.372, 5,  -7.800, 12.300,-44.000, 81,  22.630, -2.411,  0.535, 82,  -0.805, -0.346, -0.048, 83,   0.091,  0.413,  9.798, 84,   0.020, -0.009, -0.196
31161.02174, 3,  -0.198,  0.132,  9.840, 4,  -0.054, -0.051, -1.166, 5,  -8.300, 11.900,-44.000, 81,  25.943, -2.283,  0.513, 82,   0.003, -0.158, -0.060, 83,   0.088,  0.391,  9.798, 84,   0.018, -0.009, -0.225
31161.09032, 3,   0.239,  0.074,  9.736, 4,  -0.049, -0.040, -0.672, 5,  -8.900, 11.500,-44.000, 81,  29.047, -2.150,  0.483, 82,  -0.280, -0.236,  0.041, 83,   0.083,  0.368,  9.799, 84,   0.017, -0.009, -0.251
31161.16060, 3,  -0.012,  0.194,  9.719, 4,  -0.047, -0.047, -0.018, 5,  -8.900, 11.100,-44.000, 81,  32.311, -2.025,  0.464, 82,   0.160, -0.272, -0.064, 83,   0.079,  0.347,  9.800, 84,   0.016, -0.009, -0.278
31161.23129, 3,   0.018,  0.180,  9.731, 4,  -0.047, -0.041, -0.015, 5,  -8.900, 10.700,-44.000, 81,  33.681, -1.908,  0.532, 82,  -0.103, -0.133, -0.082, 83,   0.091,  0.327,  9.801, 84,   0.015, -0.009, -0.290
31161.30063, 3,   0.007,  0.176,  9.755, 4,  -0.047, -0.041, -0.017, 5,  -9.300, 10.300,-44.000, 81,  34.893, -1.790,  0.596, 82,  -0.084, -0.126, -0.070, 83,   0.102,  0.306,  9.801, 84,   0.013, -0.010, -0.300
31161.37104, 3,   0.020,  0.166,  9.743, 4,  -0.046, -0.043, -0.016, 5,  -9.700,  9.900,-44.000, 81,  36.405, -1.656,  0.672, 82,  -0.108, -0.107, -0.047, 83,   0.115,  0.283,  9.802, 84,   0.012, -0.010, -0.312
31161.44221, 3,   0.007,  0.177,  9.741, 4,  -0.047, -0.042, -0.015, 5,  -9.700,  9.900,-44.000, 81,  38.322, -1.541,  0.735, 82,  -0.106, -0.097, -0.060, 83,   0.126,  0.264,  9.802, 84,   0.011, -0.010, -0.328
31161.51086, 3,   0.016,  0.190,  9.744, 4,  -0.047, -0.043, -0.017, 5,  -9.700,  9.900,-44.000, 81,  39.144, -1.429,  0.794, 82,  -0.129, -0.068, -0.062, 83,   0.136,  0.245,  9.803, 84,   0.009, -0.011, -0.335
31161.58069, 3,   0.022,  0.180,  9.764, 4,  -0.047, -0.041, -0.015, 5,  -9.700,  9.900,-44.000, 81,  39.522, -1.298,  0.869, 82,  -0.133, -0.032, -0.059, 83,   0.149,  0.222,  9.803, 84,   0.008, -0.011, -0.338
31161.65195, 3,   0.013,  0.196,  9.746, 4,  -0.046, -0.044, -0.017, 5,  -9.700,  9.900,-44.000, 81,  39.663, -1.188,  0.928, 82,  -0.137, -0.024, -0.040, 83,   0.159,  0.203,  9.803, 84,   0.007, -0.011, -0.339
31161.72084, 3,   0.021,  0.175,  9.751, 4,  -0.045, -0.041, -0.017, 5,  -9.700,  9.900,-44.000, 81,  39.745, -1.084,  0.989, 82,  -0.157,  0.010, -0.057, 83,   0.169,  0.185,  9.803, 84,   0.006, -0.011, -0.340
31161.79051, 3,  -0.008,  0.178,  9.765, 4,  -0.048, -0.042, -0.017, 5,  -9.700,  9.900,-44.000, 81,  39.823, -0.961,  1.063, 82,  -0.161,  0.010, -0.053, 83,   0.182,  0.164,  9.804, 84,   0.005, -0.012, -0.341
31161.86199, 3,   0.017,  0.175,  9.765, 4,  -0.046, -0.043, -0.017, 5,  -9.700,  9.900,-44.000, 81,  39.895, -0.856,  1.116, 82,  -0.199,  0.032, -0.039, 83,   0.191,  0.147,  9.804, 84,   0.004, -0.012, -0.341
31161.93060, 3,   0.086,  0.170,  9.771, 4,  -0.046, -0.049, -0.039, 5,  -9.700,  9.900,-44.000, 81,  39.957, -0.756,  1.181, 82,  -0.185,  0.046, -0.039, 83,   0.202,  0.129,  9.804, 84,   0.003, -0.012, -0.342
31162.00174, 3,  -0.287,  0.041,  9.750, 4,  -0.052, -0.048, -0.721, 5,  -9.700,  9.900,-44.000, 81,  40.422, -0.647,  1.265, 82,  -0.131,  0.059, -0.032, 83,   0.216,  0.111,  9.804, 84,   0.001, -0.012, -0.346
31162.07161, 3,   0.612,  0.148,  9.729, 4,  -0.055, -0.042, -1.135, 5,  -9.700,  9.900,-44.000, 81,  40.633, -0.585,  1.282, 82,  -0.507, -0.059, -0.054, 83,   0.219,  0.100,  9.804, 84,   0.001, -0.012, -0.347
31162.14135, 3,  -0.063, -0.057,  9.795, 4,  -0.053, -0.052, -1.279, 5, -10.100,  9.500,-44.000, 81,  40.742, -0.553,  1.356, 82,   0.380,  0.053, -0.075, 83,   0.232,  0.095,  9.803, 84,   0.000, -0.013, -0.348
31162.21032, 3,   0.266,  0.225,  9.736, 4,  -0.056, -0.024, -1.147, 5, -10.900,  7.600,-44.000, 81,  43.066, -0.524,  1.399, 82,  -0.302, -0.147, -0.009, 83,   0.239,  0.090,  9.803, 84,  -0.000, -0.013, -0.367
31162.28070, 3,  -0.122,  0.186,  9.784, 4,  -0.054, -0.036, -0.997, 5, -12.000,  7.100,-44.000, 81,  46.062, -0.495,  1.409, 82,   0.025,  0.140, -0.067, 83,   0.241,  0.085,  9.803, 84,  -0.001, -0.013, -0.391
31162.35032, 3,  -0.114,  0.135,  9.767, 4,  -0.052, -0.048, -1.185, 5, -12.900,  5.200,-44.000, 81,  52.582, -0.465,  1.405, 82,  -0.362,  0.106, -0.019, 83,   0.240,  0.080,  9.803, 84,  -0.002, -0.013, -0.443
31162.42177, 3,   0.108,  0.135,  9.744, 4,  -0.053, -0.038, -1.176, 5, -13.300,  4.800,-44.000, 81,  62.054, -0.441,  1.410, 82,  -0.356,  0.059, -0.037, 83,   0.241,  0.075,  9.803, 84,  -0.003, -0.013, -0.515
31162.49089, 3,   0.066,  0.174,  9.705, 4,  -0.053, -0.062, -1.129, 5, -13.700,  3.800,-44.000, 81,  66.097, -0.426,  1.428, 82,  -0.137,  0.062, -0.060, 83,   0.244,  0.073,  9.803, 84,  -0.004, -0.012, -0.545
31162.56045, 3,   0.215,  0.160,  9.730, 4,  -0.055, -0.047, -1.235, 5, -14.100,  3.800,-44.000, 81,  70.818, -0.423,  1.452, 82,  -0.182,  0.101, -0.098, 83,   0.248,  0.072,  9.803, 84,  -0.004, -0.012, -0.579
31162.63050, 3,   0.206,  0.189,  9.752, 4,  -0.053, -0.035, -1.346, 5, -15.000,  1.000,-44.000, 81,  75.037, -0.420,  1.541, 82,  -0.048,  0.088, -0.073, 83,   0.264,  0.072,  9.803, 84,  -0.005, -0.013, -0.609
31162.70295, 3,   0.218,  0.054,  9.759, 4,  -0.055, -0.039, -1.427, 5, -15.400, -1.000,-44.000, 81,  81.432, -0.433,  1.557, 82,  -0.060,  0.115, -0.051, 83,   0.266,  0.074,  9.803, 84,  -0.006, -0.013, -0.652
31162.77232, 3,   0.537, -0.057,  9.778, 4,  -0.060, -0.035, -1.940, 5, -15.900, -2.400,-44.400, 81,  88.005, -0.452,  1.565, 82,  -0.049, -0.023, -0.043, 83,   0.268,  0.077,  9.803, 84,  -0.007, -0.013, -0.695
31162.84054, 3,  -0.034,  0.054,  9.770, 4,  -0.057, -0.047, -2.082, 5, -16.300, -4.900,-44.400, 81,  95.971, -0.465,  1.575, 82,   0.268, -0.137, -0.025, 83,   0.270,  0.080,  9.803, 84,  -0.007, -0.012, -0.743
31162.91092, 3,   0.277,  0.007,  9.790, 4,  -0.052, -0.037, -1.791, 5, -16.300, -7.400,-44.400, 81, 105.686, -0.549,  1.533, 82,  -0.296, -0.040, -0.033, 83,   0.262,  0.094,  9.803, 84,  -0.008, -0.012, -0.797
31162.98215, 3,  -0.326, -0.025,  9.764, 4,  -0.060, -0.050, -1.629, 5, -16.700, -9.400,-44.400, 81, 113.566, -0.583,  1.530, 82,   0.015, -0.093, -0.012, 83,   0.262,  0.100,  9.803, 84,  -0.008, -0.012, -0.837
31163.05076, 3,  -0.007,  0.095,  9.763, 4,  -0.053, -0.041, -1.393, 5, -16.700,-12.200,-44.000, 81, 119.960, -0.600,  1.437, 82,  -0.572, -0.128, -0.039, 83,   0.246,  0.103,  9.803, 84,  -0.008, -0.011, -0.866
31163.12059, 3,   0.058,  0.069,  9.711, 4,  -0.053, -0.050, -1.366, 5, -16.300,-14.300,-44.000, 81, 125.964, -0.610,  1.436, 82,  -0.253, -0.010, -0.040, 83,   0.246,  0.104,  9.803, 84,  -0.009, -0.010, -0.891
31163.19155, 3,   0.270,  0.108,  9.763, 4,  -0.048, -0.020, -1.405, 5, -15.900,-13.700,-43.600, 81, 129.541, -0.606,  1.435, 82,  -0.188, -0.034, -0.092, 83,   0.246,  0.104,  9.803, 84,  -0.009, -0.010, -0.905
31163.26135, 3,   0.045, -0.013,  9.803, 4,  -0.051, -0.034, -1.230, 5, -15.400,-15.200,-43.600, 81, 131.980, -0.618,  1.406, 82,   0.029,  0.003, -0.040, 83,   0.241,  0.106,  9.803, 84,  -0.009, -0.010, -0.913
31163.33054, 3,   0.022,  0.078,  9.752, 4,  -0.054, -0.043, -1.269, 5, -14.500,-16.400,-43.600, 81, 137.140, -0.612,  1.400, 82,  -0.194, -0.117, -0.000, 83,   0.240,  0.105,  9.803, 84,  -0.009, -0.009, -0.931
31163.40065, 3,   0.471,  0.260,  9.691, 4,  -0.054, -0.054, -1.377, 5, -13.400,-16.800,-43.600, 81, 140.932, -0.603,  1.390, 82,  -0.216, -0.025, -0.051, 83,   0.238,  0.103,  9.803, 84,  -0.010, -0.009, -0.942
31163.47039, 3,   0.138,  0.137,  9.777, 4,  -0.049, -0.024, -1.686, 5, -11.500,-19.300,-43.600, 81, 143.904, -0.617,  1.445, 82,   0.224,  0.154, -0.112, 83,   0.247,  0.106,  9.803, 84,  -0.010, -0.009, -0.951
31163.54055, 3,   0.399,  0.060,  9.810, 4,  -0.057, -0.052, -2.272, 5,  -9.100,-19.100,-43.600, 81, 149.660, -0.658,  1.399, 82,  -0.102,  0.024, -0.026, 83,   0.239,  0.113,  9.803, 84,  -0.010, -0.009, -0.965
31163.61096, 3,   0.154, -0.139,  9.789, 4,  -0.055, -0.035, -2.159, 5,  -6.900,-20.200,-43.600, 81, 154.624, -0.715,  1.446, 82,   0.151, -0.062,  0.007, 83,   0.247,  0.122,  9.803, 84,  -0.011, -0.009, -0.976
31163.68091, 3,   0.039,  0.060,  9.725, 4,  -0.052, -0.079, -1.661, 5,  -4.700,-21.600,-43.600, 81, 162.388, -0.780,  1.394, 82,  -0.084, -0.273, -0.014, 83,   0.239,  0.134,  9.803, 84,  -0.011, -0.009, -0.988
31163.75209, 3,  -0.567, -0.004,  9.828, 4,  -0.053, -0.042, -1.391, 5,  -2.300,-20.900,-43.600, 81, 168.673, -0.806,  1.372, 82,  -0.196, -0.078, -0.078, 83,   0.235,  0.138,  9.803, 84,  -0.011, -0.008, -0.995
31163.82055, 3,   0.626,  0.204,  9.814, 4,  -0.052, -0.038, -0.954, 5,  -1.100,-21.400,-43.600, 81, 174.779, -0.789,  1.287, 82,  -0.787, -0.139,  0.025, 83,   0.220,  0.135,  9.803, 84,  -0.011, -0.007, -0.999
31163.89135, 3,  -0.697,  0.022,  9.736, 4,  -0.050, -0.033, -1.081, 5,   0.400,-21.800,-43.600, 81, 179.578, -0.741,  1.355, 82,   0.394,  0.077,  0.011, 83,   0.232,  0.127,  9.803, 84,  -0.012, -0.007, -1.000
31163.96134, 3,   0.071,  0.151,  9.714, 4,  -0.045, -0.038, -0.018, 5,   0.400,-22.300,-43.600, 81, 182.093, -0.697,  1.290, 82,  -0.918, -0.098, -0.067, 83,   0.221,  0.119,  9.803, 84,   0.011,  0.006,  1.000
31164.03236, 3,   0.110,  0.142,  9.762, 4,  -0.046, -0.043, -0.018, 5,   0.400,-22.300,-43.600, 81, 183.200, -0.583,  1.365, 82,  -0.163,  0.051, -0.089, 83,   0.234,  0.100,  9.803, 84,   0.012,  0.005,  1.000
31164.10185, 3,   0.095,  0.153,  9.770, 4,  -0.046, -0.042, -0.017, 5,   0.400,-22.300,-43.600, 81, 183.764, -0.493,  1.424, 82,  -0.134,  0.058, -0.041, 83,   0.244,  0.084,  9.803, 84,   0.013,  0.004,  0.999
31164.17080, 3,   0.104,  0.144,  9.744, 4,  -0.046, -0.043, -0.017, 5,   0.400,-22.300,-43.600, 81, 183.945, -0.405,  1.481, 82,  -0.159,  0.084, -0.034, 83,   0.253,  0.069,  9.803, 84,   0.013,  0.003,  0.999
31164.24087, 3,   0.089,  0.137,  9.729, 4,  -0.047, -0.043, -0.016, 5,   0.900,-22.300,-43.600, 81, 184.767, -0.296,  1.554, 82,  -0.162,  0.093, -0.059, 83,   0.266,  0.051,  9.803, 84,   0.014,  0.002,  0.999
31164.31159, 3,   0.102,  0.145,  9.777, 4,  -0.046, -0.041, -0.017, 5,   0.900,-22.300,-43.600, 81, 185.286, -0.209,  1.610, 82,  -0.187,  0.101, -0.074, 83,   0.276,  0.036,  9.803, 84,   0.014,  0.001,  0.999
31164.38261, 3,   0.110,  0.147,  9.753, 4,  -0.047, -0.044, -0.017, 5,   0.900,-22.300,-43.600, 81, 185.555, -0.123,  1.665, 82,  -0.183,  0.124, -0.026, 83,   0.285,  0.021,  9.802, 84,   0.015,  0.000,  0.999
31164.45259, 3,   0.096,  0.133,  9.737, 4,  -0.047, -0.043, -0.018, 5,   0.900,-22.300,-43.600, 81, 185.668, -0.041,  1.719, 82,  -0.184,  0.140, -0.049, 83,   0.294,  0.007,  9.802, 84,   0.015, -0.000,  0.999
31164.52050, 3,   0.084,  0.130,  9.755, 4,  -0.046, -0.043, -0.016, 5,   0.900,-22.300,-43.600, 81, 185.802,  0.062,  1.789, 82,  -0.210,  0.144, -0.065, 83,   0.306, -0.011,  9.802, 84,   0.016, -0.001,  0.999
31164.59292, 3,   0.107,  0.157,  9.752, 4,  -0.046, -0.042, -0.018, 5,   0.900,-22.300,-43.600, 81, 185.885,  0.142,  1.841, 82,  -0.231,  0.155, -0.047, 83,   0.315, -0.024,  9.802, 84,   0.016, -0.002,  0.999
31164.66248, 3,   0.239,  0.114,  9.738, 4,  -0.049, -0.054, -0.389, 5,   0.900,-22.300,-43.600, 81, 186.020,  0.217,  1.910, 82,  -0.220,  0.194, -0.050, 83,   0.327, -0.037,  9.801, 84,   0.017, -0.003,  0.998
31164.73124, 3,   0.260,  0.236,  9.694, 4,  -0.048, -0.044, -0.581, 5,   1.300,-22.300,-43.600, 81, 186.722,  0.281,  2.012, 82,  -0.105,  0.162, -0.063, 83,   0.344, -0.048,  9.800, 84,   0.017, -0.003,  0.998
31164.80062, 3,   0.080,  0.185,  9.777, 4,  -0.053, -0.065, -0.809, 5,   1.300,-22.300,-43.600, 81, 187.229,  0.281,  2.071, 82,  -0.094,  0.285, -0.107, 83,   0.354, -0.048,  9.800, 84,   0.018, -0.004,  0.998
31164.87197, 3,  -0.109,  0.172,  9.774, 4,  -0.049, -0.054, -0.876, 5,   1.800,-22.300,-43.600, 81, 188.032,  0.258,  2.178, 82,  -0.293,  0.229, -0.023, 83,   0.373, -0.044,  9.799, 84,   0.019, -0.004,  0.997
31164.94064, 3,   0.299, -0.004,  9.752, 4,  -0.045, -0.016, -0.985, 5,   2.200,-22.300,-43.600, 81, 188.995,  0.220,  2.259, 82,  -0.496,  0.209, -0.025, 83,   0.387, -0.038,  9.799, 84,   0.020, -0.003,  0.997
31165.01127, 3,  -0.186,  0.129,  9.733, 4,  -0.052, -0.052, -0.941, 5,   2.800,-21.900,-43.600, 81, 190.012,  0.182,  2.288, 82,  -0.092,  0.027, -0.047, 83,   0.392, -0.031,  9.799, 84,   0.020, -0.003,  0.996
31165.08201, 3,   0.237,  0.135,  9.729, 4,  -0.053, -0.050, -0.774, 5,   3.800,-21.900,-43.600, 81, 192.243,  0.137,  2.373, 82,  -0.592,  0.153, -0.065, 83,   0.406, -0.024,  9.798, 84,   0.020, -0.003,  0.994
31165.15194, 3,   0.067,  0.138,  9.750, 4,  -0.052, -0.041, -0.643, 5,   6.000,-21.100,-43.600, 81, 195.030,  0.111,  2.454, 82,  -0.183,  0.154, -0.068, 83,   0.420, -0.019,  9.798, 84,   0.021, -0.004,  0.991
31165.22195, 3,   0.628,  0.165,  9.734, 4,  -0.051, -0.040, -0.742, 5,   6.000,-20.700,-43.600, 81, 197.930,  0.099,  2.481, 82,  -0.357,  0.155, -0.048, 83,   0.425, -0.017,  9.797, 84,   0.021, -0.004,  0.988
31165.29053, 3,  -0.022,  0.123,  9.778, 4,  -0.052, -0.047, -0.664, 5,   6.500,-20.300,-44.000, 81, 200.245,  0.075,  2.583, 82,   0.187,  0.177, -0.063, 83,   0.442, -0.013,  9.797, 84,   0.022, -0.005,  0.984
31165.36054, 3,   0.190,  0.211,  9.736, 4,  -0.053, -0.042, -0.583, 5,   6.900,-19.900,-44.000, 81, 202.309,  0.061,  2.642, 82,  -0.474,  0.134, -0.018, 83,   0.452, -0.010,  9.796, 84,   0.023, -0.005,  0.981
31165.43107, 3,   0.108,  0.141,  9.735, 4,  -0.047, -0.032, -0.503, 5,   7.300,-19.900,-44.000, 81, 203.805,  0.050,  2.692, 82,  -0.270,  0.219, -0.060, 83,   0.461, -0.009,  9.796, 84,   0.023, -0.005,  0.978
31165.50182, 3,   0.061,  0.164,  9.736, 4,  -0.052, -0.042, -0.443, 5,   7.700,-19.500,-44.000, 81, 205.513,  0.043,  2.705, 82,  -0.355,  0.149, -0.060, 83,   0.463, -0.007,  9.796, 84,   0.023, -0.006,  0.975
31165.57107, 3,  -0.048,  0.127,  9.749, 4,  -0.050, -0.045, -0.347, 5,   8.500,-19.100,-44.000, 81, 207.189,  0.046,  2.707, 82,  -0.402,  0.172, -0.060, 83,   0.463, -0.008,  9.796, 84,   0.023, -0.006,  0.972
31165.64121, 3,  -0.016,  0.209,  9.753, 4,  -0.046, -0.042, -0.132, 5,   8.900,-19.100,-43.600, 81, 208.782,  0.074,  2.742, 82,  -0.518,  0.140, -0.047, 83,   0.469, -0.013,  9.795, 84,   0.023, -0.007,  0.968
31165.71110, 3,   0.162,  0.162,  9.747, 4,  -0.049, -0.043, -0.143, 5,   9.300,-18.700,-43.600, 81, 209.523,  0.111,  2.762, 82,  -0.488,  0.228, -0.042, 83,   0.472, -0.019,  9.795, 84,   0.023, -0.007,  0.967
31165.78188, 3,   0.150,  0.181,  9.760, 4,  -0.046, -0.039, -0.018, 5,   9.700,-18.700,-43.600, 81, 210.744,  0.160,  2.799, 82,  -0.317,  0.189, -0.048, 83,   0.479, -0.027,  9.795, 84,   0.023, -0.008,  0.964
31165.85235, 3,   0.106,  0.191,  9.744, 4,  -0.047, -0.043, -0.018, 5,   9.700,-18.300,-43.600, 81, 211.684,  0.217,  2.809, 82,  -0.330,  0.218, -0.035, 83,   0.481, -0.037,  9.795, 84,   0.023, -0.009,  0.962
31165.92053, 3,   0.138,  0.170,  9.747, 4,  -0.046, -0.041, -0.016, 5,   9.700,-18.300,-43.200, 81, 212.415,  0.273,  2.839, 82,  -0.380,  0.238, -0.050, 83,   0.486, -0.047,  9.795, 84,   0.023, -0.009,  0.960
31165.99088, 3,   0.125,  0.175,  9.774, 4,  -0.046, -0.042, -0.015, 5,   9.700,-18.300,-43.200, 81, 212.558,  0.347,  2.881, 82,  -0.355,  0.229, -0.047, 83,   0.493, -0.059,  9.794, 84,   0.023, -0.010,  0.960
31166.06221, 3,   0.124,  0.187,  9.739, 4,  -0.047, -0.043, -0.018, 5,  10.100,-17.900,-43.200, 81, 212.601,  0.403,  2.906, 82,  -0.372,  0.244, -0.019, 83,   0.497, -0.069,  9.794, 84,   0.023, -0.010,  0.960
31166.13115, 3,   0.109,  0.155,  9.746, 4,  -0.046, -0.041, -0.017, 5,  10.100,-17.900,-43.200, 81, 213.414,  0.451,  2.928, 82,  -0.377,  0.264, -0.055, 83,   0.501, -0.077,  9.794, 84,   0.023, -0.011,  0.957
31166.20202, 3,   0.127,  0.159,  9.765, 4,  -0.047, -0.044, -0.017, 5,  10.100,-17.900,-43.200, 81, 213.874,  0.517,  2.956, 82,  -0.397,  0.244, -0.047, 83,   0.506, -0.089,  9.793, 84,   0.023, -0.012,  0.956
31166.27179, 3,   0.141,  0.166,  9.733, 4,  -0.047, -0.042, -0.017, 5,  10.100,-17.900,-43.200, 81, 213.950,  0.564,  2.977, 82,  -0.382,  0.255, -0.028, 83,   0.509, -0.097,  9.793, 84,   0.023, -0.012,  0.956
31166.34192, 3,   0.111,  0.160,  9.769, 4,  -0.048, -0.043, -0.016, 5,  10.100,-17.900,-43.200, 81, 213.960,  0.605,  2.995, 82,  -0.372,  0.270, -0.060, 83,   0.512, -0.104,  9.793, 84,   0.023, -0.013,  0.956
31166.41053, 3,   0.128,  0.173,  9.758, 4,  -0.045, -0.042, -0.017, 5,  10.100,-17.900,-43.200, 81, 213.964,  0.666,  3.021, 82,  -0.406,  0.274, -0.023, 83,   0.517, -0.114,  9.792, 84,   0.024, -0.013,  0.956
31166.48064, 3,   0.126,  0.185,  9.743, 4,  -0.047, -0.042, -0.017, 5,  10.100,-17.900,-43.200, 81, 213.932,  0.704,  3.035, 82,  -0.391,  0.293, -0.034, 83,   0.519, -0.120,  9.792, 84,   0.024, -0.014,  0.956
31166.55096, 3,   0.148,  0.186,  9.738, 4,  -0.045, -0.040, -0.015, 5,  10.100,-17.900,-43.200, 81, 213.924,  0.738,  3.047, 82,  -0.395,  0.311, -0.049, 83,   0.521, -0.126,  9.792, 84,   0.024, -0.014,  0.956
31166.62198, 3,   0.123,  0.177,  9.762, 4,  -0.043, -0.042, -0.014, 5,  10.100,-17.900,-43.600, 81, 213.906,  0.783,  3.071, 82,  -0.377,  0.320, -0.053, 83,   0.525, -0.134,  9.792, 84,   0.024, -0.014,  0.956
31166.69089, 3,   0.123,  0.133,  9.759, 4,  -0.044, -0.042, -0.016, 5,  10.100,-17.900,-43.600, 81, 213.929,  0.809,  3.080, 82,  -0.404,  0.316, -0.029, 83,   0.527, -0.138,  9.792, 84,   0.024, -0.015,  0.956
31166.76298, 3,   0.126,  0.225,  9.739, 4,  -0.044, -0.042, -0.016, 5,  10.100,-17.900,-43.600, 81, 213.925,  0.855,  3.098, 82,  -0.407,  0.279, -0.032, 83,   0.530, -0.146,  9.791, 84,   0.024, -0.015,  0.956
31166.83056, 3,   0.132,  0.171,  9.734, 4,  -0.046, -0.042, -0.017, 5,  10.100,-17.900,-43.600, 81, 213.906,  0.864,  3.102, 82,  -0.405,  0.373, -0.052, 83,   0.531, -0.148,  9.791, 84,   0.024, -0.015,  0.956
31166.90179, 3,   0.139,  0.167,  9.738, 4,  -0.046, -0.042, -0.018, 5,  10.100,-17.900,-43.600, 81, 213.888,  0.887,  3.104, 82,  -0.399,  0.323, -0.057, 83,   0.531, -0.152,  9.791, 84,   0.024, -0.015,  0.956
31166.97034, 3,   0.127,  0.160,  9.735, 4,  -0.046, -0.043, -0.020, 5,  10.100,-17.900,-43.600, 81, 213.889,  0.922,  3.116, 82,  -0.394,  0.325, -0.053, 83,   0.533, -0.158,  9.791, 84,   0.024, -0.016,  0.956
31167.04054, 3,   0.150,  0.171,  9.755, 4,  -0.047, -0.042, -0.019, 5,  10.100,-17.900,-43.600, 81, 213.857,  0.939,  3.117, 82,  -0.406,  0.321, -0.055, 83,   0.533, -0.161,  9.791, 84,   0.024, -0.016,  0.956
31167.11037, 3,   0.133,  0.181,  9.760, 4,  -0.046, -0.041, -0.018, 5,  10.100,-17.900,-43.600, 81, 213.850,  0.967,  3.128, 82,  -0.385,  0.336, -0.035, 83,   0.535, -0.166,  9.791, 84,   0.024, -0.016,  0.956
31167.18084, 3,   0.125,  0.170,  9.745, 4,  -0.046, -0.043, -0.017, 5,  10.100,-17.900,-43.600, 81, 213.848,  0.989,  3.139, 82,  -0.404,  0.350, -0.031, 83,   0.537, -0.169,  9.790, 84,   0.024, -0.016,  0.956
31167.25229, 3,   0.125,  0.183,  9.780, 4,  -0.046, -0.042, -0.016, 5,  10.100,-17.900,-43.600, 81, 213.824,  1.001,  3.133, 82,  -0.411,  0.341, -0.046, 83,   0.536, -0.171,  9.791, 84,   0.024, -0.016,  0.956
31167.32196, 3,   0.133,  0.192,  9.750, 4,  -0.048, -0.031, -0.018, 5,  10.100,-17.900,-43.600, 81, 213.793,  1.007,  3.124, 82,  -0.409,  0.356, -0.011, 83,   0.534, -0.172,  9.791, 84,   0.024, -0.016,  0.957
31167.39161, 3,   0.139,  0.184,  9.756, 4,  -0.047, -0.042, -0.018, 5,  10.100,-17.900,-43.600, 81, 213.779,  1.020,  3.148, 82,  -0.406,  0.367, -0.041, 83,   0.538, -0.175,  9.790, 84,   0.024, -0.016,  0.957
31167.46031, 3,   0.130,  0.169,  9.759, 4,  -0.048, -0.042, -0.016, 5,  10.100,-17.900,-43.600, 81, 213.823,  1.024,  3.155, 82,  -0.401,  0.360, -0.034, 83,   0.540, -0.175,  9.790, 84,   0.024, -0.017,  0.956
31167.53033, 3,   0.122,  0.178,  9.776, 4,  -0.046, -0.042, -0.017, 5,  10.100,-17.900,-43.600, 81, 213.829,  1.040,  3.155, 82,  -0.410,  0.347, -0.031, 83,   0.540, -0.178,  9.790, 84,   0.024, -0.017,  0.956
31167.60062, 3,   0.129,  0.187,  9.713, 4,  -0.046, -0.042, -0.017, 5,  10.100,-17.900,-43.600, 81, 213.794,  1.037,  3.142, 82,  -0.415,  0.355, -0.015, 83,   0.537, -0.178,  9.790, 84,   0.024, -0.017,  0.957
31167.67048, 3,   0.148,  0.181,  9.765, 4,  -0.047, -0.040, -0.017, 5,  10.100,-17.900,-43.600, 81, 213.784,  1.046,  3.138, 82,  -0.407,  0.366, -0.078, 83,   0.537, -0.179,  9.790, 84,   0.024, -0.017,  0.957
31167.74034, 3,   0.125,  0.178,  9.764, 4,  -0.049, -0.042, -0.019, 5,  10.100,-17.900,-43.600, 81, 213.763,  1.054,  3.134, 82,  -0.388,  0.362, -0.025, 83,   0.536, -0.180,  9.790, 84,   0.023, -0.017,  0.957
31167.81044, 3,   0.138,  0.175,  9.732, 4,  -0.047, -0.041, -0.017, 5,  10.100,-17.900,-43.600, 81, 213.741,  1.053,  3.115, 82,  -0.408,  0.359, -0.027, 83,   0.533, -0.180,  9.791, 84,   0.023, -0.017,  0.957
31167.88070, 3,   0.154,  0.160,  9.750, 4,  -0.046, -0.040, -0.017, 5,  10.100,-17.900,-43.600, 81, 213.721,  1.059,  3.107, 82,  -0.394,  0.356, -0.059, 83,   0.532, -0.181,  9.791, 84,   0.023, -0.017,  0.957
31167.95206, 3,   0.123,  0.158,  9.745, 4,  -0.046, -0.042, -0.017, 5,  10.100,-17.900,-43.600, 81, 213.702,  1.051,  3.091, 82,  -0.374,  0.340, -0.040, 83,   0.529, -0.180,  9.791, 84,   0.023, -0.017,  0.957
31168.02042, 3,   0.114,  0.172,  9.750, 4,  -0.046, -0.042, -0.013, 5,  10.100,-17.900,-43.600, 81, 213.672,  1.043,  3.068, 82,  -0.402,  0.337, -0.046, 83,   0.525, -0.179,  9.791, 84,   0.023, -0.016,  0.957
31168.09080, 3,   0.103,  0.160,  9.707, 4,  -0.048, -0.044, -0.018, 5,  10.100,-17.900,-43.600, 81, 213.657,  1.044,  3.056, 82,  -0.408,  0.350, -0.041, 83,   0.523, -0.179,  9.791, 84,   0.023, -0.016,  0.957
31168.16271, 3,   0.113,  0.193,  9.708, 4,  -0.045, -0.043, -0.017, 5,  10.100,-17.900,-43.600, 81, 213.633,  1.037,  3.031, 82,  -0.416,  0.338, -0.084, 83,   0.519, -0.177,  9.791, 84,   0.023, -0.016,  0.957
31168.23025, 3,   0.117,  0.166,  9.746, 4,  -0.047, -0.042, -0.017, 5,  10.100,-17.900,-43.600, 81, 213.619,  1.027,  3.016, 82,  -0.403,  0.369, -0.084, 83,   0.516, -0.176,  9.791, 84,   0.023, -0.016,  0.957
31168.30164, 3,   0.130,  0.190,  9.738, 4,  -0.045, -0.043, -0.014, 5,  10.100,-17.900,-43.600, 81, 213.579,  1.016,  2.993, 82,  -0.395,  0.340, -0.046, 83,   0.512, -0.174,  9.792, 84,   0.022, -0.016,  0.957
31168.37156, 3,   0.127,  0.181,  9.778, 4,  -0.047, -0.043, -0.018, 5,  10.100,-17.900,-43.600, 81, 213.573,  1.005,  2.983, 82,  -0.380,  0.362, -0.053, 83,   0.510, -0.172,  9.792, 84,   0.022, -0.016,  0.957
31168.44014, 3,   0.171,  0.181,  9.834, 4,  -0.052, -0.128, -0.016, 5,  10.100,-17.900,-43.600, 81, 213.544,  0.991,  2.959, 82,  -0.379,  0.350, -0.014, 83,   0.506, -0.170,  9.792, 84,   0.022, -0.016,  0.957
