timestamp,ssid,bssid,frequency,rss,wifiNo,legit
4706367435848,HUAWEI-5GCPE-154B,c4:b8:b4:8d:15:4c,2437,-68,0,false
4706367435884,,90:17:ac:c0:66:cb,2457,-68,0,false
4706367435858,Meetingcontrol(4H03),a0:63:91:49:51:4f,2452,-70,0,false
4706367435863,,90:17:ac:c0:66:cf,2412,-71,0,false
4706367435781,,90:17:ac:c0:55:7f,5180,-71,0,false
4706367435832,4H-05-5G-121,b0:95:8e:2e:8b:ae,5745,-72,0,false
4706367435853,,90:17:ac:c0:1e:0f,2412,-73,0,false
4706367435809,,90:17:ac:ac:55:7f,5180,-73,0,false
4706367435879,Mobile(4H03),28:a1:eb:9a:85:4e,2467,-74,0,false
4706367435765,AP-00:25:92:5d:5b:2a,00:25:92:5d:5b:2a,5180,-75,0,false
4706367435894,yu2.4g,48:7d:2e:0e:20:2a,2462,-76,0,false
4706367435904,HUAWEI-5GCPE-5G-FCBB,dc:99:14:d7:fc:be,5300,-78,0,false
4706367435776,,90:17:ac:c0:77:ff,5180,-80,0,false
4706367435899,2H03,28:a1:eb:9a:2e:28,2472,-80,0,false
4706367435873,HUAWEI Mate 10 Pro,e4:a7:c5:c8:9d:17,2462,-80,0,false
4706367435889,Huawei_PE_f869,80:13:82:12:33:2f,2462,-80,0,false
4706367435909,HUAWEI-5GCPE-5G-1500,c4:b8:b4:8d:15:03,5300,-81,0,false
4706367435838,HWTXM_5G,88:d7:f6:b6:59:e4,5765,-81,0,false
4706367435804,,90:17:ac:ac:7f:ff,5180,-82,0,false
4706367435826,,90:17:ac:c0:15:3f,5180,-83,0,false
4706367435868,HUAWEI-5GCPE-5G-AC63,34:0a:98:07:ac:66,5260,-84,0,false
4706367435843,QQ_SM_187499269,c0:bd:d1:5d:82:52,2437,-84,0,false
4706367435787,,90:17:ac:c0:56:5f,5180,-86,0,false
4706367435821,,90:17:ac:ac:82:9f,5180,-87,0,false
4706367435814,,9c:37:f4:05:84:1f,5180,-88,0,false
4706367435770,Huawei-Employee,90:17:ac:ab:e8:71,5180,-89,0,false
4706367435798,AP-74:72:b0:df:b0:44,74:72:b0:df:b0:44,5180,-90,0,false
4706367435793,,90:17:ac:c0:24:ff,5180,-90,0,false
4706390582569,hw_manage_3ee0,b4:43:26:1e:3e:eb,2412,-57,1,true
4706390582557,hw_manage_d580,ac:f9:70:89:d5:8b,2412,-63,1,true
4706390582672,hw_manage_3e80,b4:43:26:1e:3e:8b,2412,-64,1,true
4706390582629,hw_manage_3e40,b4:43:26:1e:3e:4b,2412,-64,1,true
4706390582590,,90:17:ac:c0:69:8f,2412,-64,1,true
4706390582660,hw_manage_3ec0,b4:43:26:1e:3e:cb,2412,-65,1,true
4706390582665,,90:17:ac:ac:4b:cb,2412,-65,1,true
4706390582758,,90:17:ac:be:fa:0f,2412,-65,1,true
4706390582741,,90:17:ac:be:fa:0b,2472,-66,1,true
4706390582735,TP3218-55,50:01:d9:76:2c:e0,2462,-67,1,true
4706390582634,,90:17:ac:c0:5b:ab,2412,-69,1,true
4706390582724,Meetingcontrol(4H03),a0:63:91:49:51:4f,2452,-71,1,true
4706390582718,HUAWEI-5GCPE-154B,c4:b8:b4:8d:15:4c,2437,-72,1,true
4706390582578,,90:17:ac:ab:69:5f,5180,-72,1,true
4706390582645,,90:17:ac:c0:64:ef,2412,-72,1,true
4706390582684,智能配件5,b0:95:8e:c2:3b:91,2432,-74,1,true
4706390582692,叫声妈妈给你用,dc:ee:06:ca:0d:b0,2437,-74,1,true
4706390582711,NETGEAR73-5G,2c:30:33:d5:f6:72,5765,-76,1,true
4706390582747,Mobile(4H03),28:a1:eb:9a:85:4e,2467,-76,1,true
4706390582615,hw_manage_9a00,ac:f9:70:89:9a:0b,2412,-76,1,true
4706390582771,HUAWEI-5GCPE-5G-1541,c4:b8:b4:8d:15:44,5300,-77,1,true
4706390582596,,90:17:ac:ac:56:af,2412,-77,1,true
4706390582698,4H-05-5G-121,b0:95:8e:2e:8b:ae,5745,-78,1,true
4706390582678,,ac:f9:70:89:89:bf,5745,-78,1,true
4706390582705,Meetingcontrol(4H03)-5G,a0:63:91:49:51:4e,5765,-81,1,true
4706390582777,PHICO,2c:b2:1a:ab:80:81,2472,-81,1,true
4706390582545,Huawei-Employee,90:17:ac:ab:e8:71,5180,-83,1,true
4706390582540,AP-74:72:b0:df:b0:44,74:72:b0:df:b0:44,5180,-83,1,true
4706390582563,,90:17:ac:c0:58:df,5180,-83,1,true
4706390582764,HUAWEI-5GCPE-5G-FCBB,dc:99:14:d7:fc:be,5300,-85,1,true
4706390582621,,90:17:ac:c0:66:3f,5180,-85,1,true
4706390582654,AP-00:25:92:5d:5b:2a,00:25:92:5d:5b:2a,5180,-85,1,true
4706390582603,,90:17:ac:c0:53:ff,5180,-85,1,true
4706390582729,HUAWEI-5GCPE-5G-AC63,34:0a:98:07:ac:66,5260,-87,1,true
4706390582551,AP-00:25:92:5d:5c:a3,00:25:92:5d:5c:a3,5180,-88,1,true
4706390582609,AP-00:25:92:5d:61:36,00:25:92:5d:61:36,5180,-88,1,true
4706390582639,AC_EAP,80:38:bc:17:17:d5,5180,-89,1,true
4706390582533,,90:17:ac:c0:13:5f,5180,-90,1,true
4706390582584,AirStation-FreeWiFi,cc:2d:e0:60:22:51,5180,-90,1,true
4706392046538,hw_manage_3e40,b4:43:26:1e:3e:4b,2412,-65,2,true
4706392046680,,90:17:ac:be:fa:0b,2472,-65,2,true
4706392046587,,9c:37:f4:04:a0:3f,5180,-70,2,true
4706392046625,4H-05-5G-121,b0:95:8e:2e:8b:ae,5745,-72,2,true
4706392046660,叫声妈妈给你用,dc:ee:06:ca:0d:b0,2437,-72,2,true
4706392046688,,90:17:ac:ac:94:4b,2472,-72,2,true
4706392046470,,90:17:ac:ab:69:5f,5180,-74,2,true
4706392046616,智能配件5,b0:95:8e:c2:3b:91,2432,-74,2,true
4706392046578,,90:17:ac:c0:57:9f,5180,-74,2,true
4706392046596,,90:17:ac:ac:55:5f,5180,-74,2,true
4706392046706,Mobile(4H03),28:a1:eb:9a:85:4e,2467,-76,2,true
4706392046697,HUAWEI-5GCPE-5G-1541,c4:b8:b4:8d:15:44,5300,-78,2,true
4706392046559,,90:17:ac:ac:43:bf,5180,-79,2,true
4706392046499,,90:17:ac:c0:66:3f,5180,-82,2,true
4706392046725,HUAWEI-5GCPE-5G-FCBB,dc:99:14:d7:fc:be,5300,-83,2,true
4706392046446,Huawei-Employee,90:17:ac:ab:e8:71,5180,-83,2,true
4706392046518,AP-00:25:92:5d:5c:a3,00:25:92:5d:5c:a3,5180,-85,2,true
4706392046639,Meetingcontrol(4H03)-5G,a0:63:91:49:51:4e,5765,-85,2,true
4706392046547,,90:17:ac:be:e5:9f,5180,-85,2,true
4706392046715,HUAWEI-5GCPE-5G-1500,c4:b8:b4:8d:15:03,5300,-85,2,true
4706392046509,AP-74:72:b0:df:b0:44,74:72:b0:df:b0:44,5180,-86,2,true
4706392046670,HUAWEI-5GCPE-5G-AC63,34:0a:98:07:ac:66,5260,-87,2,true
4706392046489,AP-00:25:92:5d:61:48,00:25:92:5d:61:48,5180,-87,2,true
4706392046650,HWTXM_5G,88:d7:f6:b6:59:e4,5765,-87,2,true
4706392046568,AP-00:25:92:5d:5b:2a,00:25:92:5d:5b:2a,5180,-88,2,true
4706392046479,AirStation-FreeWiFi,cc:2d:e0:60:22:51,5180,-89,2,true
4706392046435,AP-74:72:b0:df:b0:94,74:72:b0:df:b0:94,5180,-90,2,true
4706392046606,Huawei-Employee,90:17:ac:c0:f2:f1,5200,-90,2,true
4706392046460,,90:17:ac:c0:fe:9f,5180,-91,2,true
4706392046528,,90:17:ac:c0:28:bf,5180,-91,2,true
4706393426699,,90:17:ac:ac:8a:4f,2412,-41,3,true
4706393426735,,90:17:ac:ac:8a:4b,2467,-43,3,true
4706393426577,,90:17:ac:c0:57:8f,2422,-65,3,true
4706393426688,4H-05-4G-121,b0:95:8e:2e:8b:ac,2462,-66,3,true
4706393426500,,9c:37:f4:04:a9:9f,5180,-68,3,true
4706393426626,HUAWEI-5GCPE-154B,c4:b8:b4:8d:15:4c,2437,-69,3,true
4706393426616,4H-05-5G-121,b0:95:8e:2e:8b:ae,5745,-69,3,true
4706393426664,Meetingcontrol(4H03),a0:63:91:49:51:4f,2452,-69,3,true
4706393426510,,90:17:ac:ab:69:5f,5180,-70,3,true
4706393426708,HUAWEI Mate 10 Pro,e4:a7:c5:c8:9d:17,2462,-71,3,true
4706393426636,NETGEAR73-5G,2c:30:33:d5:f6:72,5765,-72,3,true
4706393426587,,90:17:ac:c0:57:9f,5260,-72,3,true
4706393426717,,90:17:ac:ac:94:4f,2412,-73,3,true
4706393426725,Huawei-Employee,ac:f9:70:3b:6d:21,2472,-73,3,true
4706393426781,,90:17:ac:ac:94:4b,2472,-75,3,true
4706393426606,,ac:f9:70:89:d7:9f,5745,-75,3,true
4706393426645,HUAWEI-D187,a8:0c:63:e8:d1:87,2442,-75,3,true
4706393426470,,90:17:ac:ac:55:5f,5180,-76,3,true
4706393426772,PHICO,2c:b2:1a:ab:80:81,2472,-77,3,true
4706393426754,HUAWEI-5GCPE-5G-1541,c4:b8:b4:8d:15:44,5300,-80,3,true
4706393426490,,90:17:ac:c0:7d:3f,5180,-81,3,true
4706393426537,,90:17:ac:c0:16:1f,5180,-81,3,true
4706393426460,AP-74:72:b0:df:b0:44,74:72:b0:df:b0:44,5180,-82,3,true
4706393426555,,90:17:ac:c1:02:3f,5180,-82,3,true
4706393426763,HUAWEI-5GCPE-5G-FCBB,dc:99:14:d7:fc:be,5300,-83,3,true
4706393426596,,90:17:ac:be:ed:ff,5240,-83,3,true
4706393426744,HUAWEI-5GCPE-5G-1500,c4:b8:b4:8d:15:03,5300,-85,3,true
4706393426547,,90:17:ac:ae:06:1f,5180,-86,3,true
4706393426480,Huawei-Employee,90:17:ac:ab:e8:71,5180,-87,3,true
4706393426679,HUAWEI-5GCPE-5G-AC63,34:0a:98:07:ac:66,5260,-88,3,true
4706393426655,vHAG_5G,dc:fe:18:82:df:5d,5785,-88,3,true
4706393426518,AirStation-FreeWiFi,cc:2d:e0:60:22:51,5180,-89,3,true
4706393426528,,90:17:ac:c0:53:ff,5180,-89,3,true
4706393426567,Huawei-Employee,90:17:ac:c0:f2:f1,5200,-91,3,true
4706394860213,,90:17:ac:ac:8a:4b,2467,-44,4,true
4706394860046,,90:17:ac:ac:7f:2f,2412,-60,4,true
4706394860024,hw_manage_3ee0,b4:43:26:1e:3e:eb,2412,-61,4,true
4706394860081,,9c:37:f4:04:a9:9f,5180,-63,4,true
4706394860177,HUAWEI-5GCPE-154B,c4:b8:b4:8d:15:4c,2437,-65,4,true
4706394860038,hw_manage_2a40,b4:43:26:1e:2a:4b,2412,-65,4,true
4706394860067,,90:17:ac:ac:4b:cf,2412,-67,4,true
4706394860270,,9c:37:f4:05:6a:2f,2412,-67,4,true
4706394860148,,90:17:ac:c0:64:ef,2412,-68,4,true
4706394860111,hw_manage_36c0,b4:43:26:1e:36:cb,2412,-68,4,true
4706394860135,hw_manage_d800,ac:f9:70:89:d8:0b,2412,-68,4,true
4706394860162,,90:17:ac:c0:57:8f,2437,-68,4,true
4706394860199,Huawei-Employee,90:17:ac:c0:6f:c1,2452,-68,4,true
4706394860003,hw_manage_3600,b4:43:26:1e:36:0b,2412,-69,4,true
4706394859996,,9c:37:f4:04:a0:3f,5180,-70,4,true
4706394860228,TP3218-55,50:01:d9:76:2c:e0,2462,-71,4,true
4706394860096,hw_manage_d8e0,ac:f9:70:89:d8:eb,2412,-71,4,true
4706394860192,Meetingcontrol(4H03),a0:63:91:49:51:4f,2452,-76,4,true
4706394860010,,90:17:ac:ac:55:5f,5180,-76,4,true
4706394860234,,90:17:ac:ac:94:4b,2472,-76,4,true
4706394860031,,90:17:ac:c0:7d:3f,5180,-76,4,true
4706394860277,jiao,48:7d:2e:e9:75:9a,2472,-76,4,true
4706394860088,,90:17:ac:ab:69:5f,5180,-77,4,true
4706394859974,,90:17:ac:ac:43:bf,5180,-77,4,true
4706394860240,,90:17:ac:ac:94:4f,2412,-77,4,true
4706394860053,hw_manage_d580,ac:f9:70:89:d5:8b,2412,-78,4,true
4706394860256,HUAWEI-5GCPE-5G-1541,c4:b8:b4:8d:15:44,5300,-79,4,true
4706394860170,NETGEAR73-5G,2c:30:33:d5:f6:72,5765,-79,4,true
4706394860247,HUAWEI-5GCPE-5G-1500,c4:b8:b4:8d:15:03,5300,-80,4,true
4706394860018,,90:17:ac:ab:6d:ff,5180,-81,4,true
4706394860185,vHAG_5G,dc:fe:18:82:df:5d,5785,-82,4,true
4706394860220,Huawei_PE_f869,80:13:82:12:33:2f,2462,-82,4,true
4706394860263,HUAWEI-5GCPE-5G-FCBB,dc:99:14:d7:fc:be,5300,-84,4,true
4706394859958,Huawei-Employee,90:17:ac:ab:e8:71,5180,-84,4,true
4706394860074,,90:17:ac:c1:08:ff,5180,-84,4,true
4706394859967,,90:17:ac:be:e5:9f,5180,-87,4,true
4706394860156,,9c:37:f4:05:6a:bf,5220,-87,4,true
4706394860206,HUAWEI-5GCPE-5G-AC63,34:0a:98:07:ac:66,5260,-88,4,true
4706394860119,,90:17:ac:ae:8d:df,5180,-88,4,true
4706394859981,AP-00:25:92:5d:5b:2a,00:25:92:5d:5b:2a,5180,-89,4,true
4706394860103,AirStation-FreeWiFi,cc:2d:e0:60:22:51,5180,-89,4,true
4706394860060,AP-00:25:92:5d:61:36,00:25:92:5d:61:36,5180,-89,4,true
4706394859988,,90:17:ac:c0:56:df,5180,-89,4,true
4706394860127,,90:17:ac:be:f9:1f,5180,-91,4,true
4706396293541,,90:17:ac:ac:8a:4f,2412,-45,5,true
4706396293558,,90:17:ac:ac:8a:4b,2467,-48,5,true
4706396293417,,90:17:ac:ae:11:af,2412,-60,5,true
4706396293344,,9c:37:f4:04:a9:9f,5180,-62,5,true
4706396293408,,90:17:ac:ae:11:ab,2427,-66,5,true
4706396293577,,9c:37:f4:05:6a:2f,2412,-67,5,true
4706396293435,HUAWEI-5GCPE-154B,c4:b8:b4:8d:15:4c,2437,-68,5,true
4706396293532,TP3218-55,50:01:d9:76:2c:e0,2462,-68,5,true
4706396293549,,90:17:ac:ac:94:4f,2412,-72,5,true
4706396293607,,90:17:ac:ac:94:4b,2472,-73,5,true
4706396293504,HUAWEI-D187,a8:0c:63:e8:d1:87,2442,-73,5,true
4706396293444,4H-05-5G-121,b0:95:8e:2e:8b:ae,5745,-74,5,true
4706396293293,,9c:37:f4:04:a0:3f,5180,-74,5,true
4706396293372,,90:17:ac:ab:69:5f,5180,-75,5,true
4706396293453,HUAWEI_novaplus_570D,f4:cb:52:7a:d8:4f,2437,-76,5,true
4706396293334,,9c:37:f4:04:a1:ff,5180,-77,5,true
4706396293486,NETGEAR73-5G,2c:30:33:d5:f6:72,5765,-79,5,true
4706396293495,i-jinqiao,84:d9:31:50:d4:f1,2437,-80,5,true
4706396293588,HUAWEI-5GCPE-5G-FCBB,dc:99:14:d7:fc:be,5300,-81,5,true
4706396293567,HUAWEI-5GCPE-5G-1500,c4:b8:b4:8d:15:03,5300,-81,5,true
4706396293462,DUBAI,88:25:93:18:9c:41,2437,-81,5,true
4706396293303,,90:17:ac:ac:55:5f,5180,-82,5,true
4706396293597,jiao,48:7d:2e:e9:75:9a,2472,-82,5,true
4706396293618,HUAWEI-5GCPE-5G-1541,c4:b8:b4:8d:15:44,5300,-83,5,true
4706396293381,AP-00:25:92:5d:61:48,00:25:92:5d:61:48,5180,-84,5,true
4706396293390,,90:17:ac:ae:06:1f,5180,-84,5,true
4706396293515,vHAG_5G,dc:fe:18:82:df:5d,5785,-84,5,true
4706396293399,DIRECT-GA-BSA,ee:8c:9a:e4:35:2c,5220,-84,5,true
4706396293524,HUAWEI-5GCPE-5G-AC63,34:0a:98:07:ac:66,5260,-87,5,true
4706396293326,Huawei-Employee,90:17:ac:ab:e8:71,5180,-87,5,true
4706396293471,Meetingcontrol(4H03)-5G,a0:63:91:49:51:4e,5765,-87,5,true
4706396293352,AirStation-FreeWiFi,cc:2d:e0:60:22:51,5180,-87,5,true
4706396293314,AP-74:72:b0:df:b0:94,74:72:b0:df:b0:94,5180,-88,5,true
4706396293426,,90:17:ac:be:ed:ff,5240,-88,5,true
4706396293362,,90:17:ac:be:f9:1f,5180,-89,5,true
4706397689665,,90:17:ac:ac:8a:4f,2412,-46,6,true
4706397689684,,90:17:ac:ac:8a:4b,2467,-47,6,true
4706397689408,,90:17:ac:c0:64:ef,2412,-60,6,true
4706397689391,hw_manage_3ee0,b4:43:26:1e:3e:eb,2412,-61,6,true
4706397689444,,9c:37:f4:04:a0:3f,5180,-64,6,true
4706397689675,Mobile(4H03),28:a1:eb:9a:85:4e,2467,-65,6,true
4706397689648,TP3218-55,50:01:d9:76:2c:e0,2462,-66,6,true
4706397689534,,9c:37:f4:04:a9:9f,5180,-66,6,true
4706397689495,hw_manage_3600,b4:43:26:1e:36:0b,2412,-66,6,true
4706397689435,,9c:37:f4:04:9e:ef,2412,-66,6,true
4706397689732,,90:17:ac:c0:57:8f,2472,-66,6,true
4706397689464,hw_manage_2a40,b4:43:26:1e:2a:4b,2412,-67,6,true
4706397689381,hw_manage_d8e0,ac:f9:70:89:d8:eb,2412,-67,6,true
4706397689713,,9c:37:f4:05:6a:2b,2472,-67,6,true
4706397689603,HUAWEI-5GCPE-154B,c4:b8:b4:8d:15:4c,2437,-68,6,true
4706397689400,,90:17:ac:ac:4b:cb,2412,-69,6,true
4706397689543,hw_manage_9ac0,ac:f9:70:89:9a:cb,2412,-69,6,true
4706397689631,Meetingcontrol(4H03),a0:63:91:49:51:4f,2452,-71,6,true
4706397689722,,90:17:ac:ac:94:4f,2412,-71,6,true
4706397689475,,90:17:ac:c0:69:9f,5180,-73,6,true
4706397689525,,9c:37:f4:04:a1:ff,5180,-75,6,true
4706397689564,4H-05-5G-121,b0:95:8e:2e:8b:ae,5745,-76,6,true
4706397689592,NETGEAR73-5G,2c:30:33:d5:f6:72,5765,-76,6,true
4706397689639,Huawei-Employee,90:17:ac:c0:6f:c1,2452,-76,6,true
4706397689426,,90:17:ac:ac:43:bf,5180,-78,6,true
4706397689455,,90:17:ac:ac:55:5f,5180,-79,6,true
4706397689623,,9c:37:f4:05:77:4b,2442,-79,6,true
4706397689755,2H03,28:a1:eb:9a:2e:28,2472,-80,6,true
4706397689703,HUAWEI-5GCPE-5G-1500,c4:b8:b4:8d:15:03,5300,-81,6,true
4706397689505,,90:17:ac:c0:1f:ff,5180,-81,6,true
4706397689579,Meetingcontrol(4H03)-5G,a0:63:91:49:51:4e,5765,-82,6,true
4706397689371,AP-00:25:92:5d:61:48,00:25:92:5d:61:48,5180,-82,6,true
4706397689746,HUAWEI-5GCPE-5G-FCBB,dc:99:14:d7:fc:be,5300,-83,6,true
4706397689693,HUAWEI-5GCPE-5G-1541,c4:b8:b4:8d:15:44,5300,-83,6,true
4706397689356,Huawei-Employee,90:17:ac:ab:e8:71,5180,-83,6,true
4706397689553,,90:17:ac:be:ed:ff,5240,-85,6,true
4706397689613,Huawei-Employee,90:17:ac:c0:6f:d1,5785,-85,6,true
4706397689485,AP-74:72:b0:df:b0:94,74:72:b0:df:b0:94,5180,-87,6,true
4706397689657,HUAWEI-5GCPE-5G-AC63,34:0a:98:07:ac:66,5260,-88,6,true
4706397689516,,90:17:ac:c1:08:ff,5180,-88,6,true
4706397689416,,9c:37:f4:05:77:3f,5180,-88,6,true
4706399122968,,90:17:ac:ac:8a:4f,2412,-50,7,true
4706399122951,,90:17:ac:ac:8a:4b,2467,-50,7,true
4706399122650,hw_manage_36c0,b4:43:26:1e:36:cb,2412,-54,7,true
4706399122660,hw_manage_3ee0,b4:43:26:1e:3e:eb,2412,-59,7,true
4706399122799,,90:17:ac:ae:11:ab,2427,-59,7,true
4706399122759,hw_manage_3e80,b4:43:26:1e:3e:8b,2412,-60,7,true
4706399122678,hw_manage_d800,ac:f9:70:89:d8:0b,2412,-62,7,true
4706399122987,,9c:37:f4:05:6a:2b,2472,-62,7,true
4706399122960,,9c:37:f4:05:6a:2f,2412,-63,7,true
4706399122773,hw_manage_3ec0,b4:43:26:1e:3e:cb,2412,-64,7,true
4706399122882,HUAWEI-5GCPE-154B,c4:b8:b4:8d:15:4c,2437,-65,7,true
4706399122995,,90:17:ac:ac:94:4f,2412,-65,7,true
4706399122790,,90:17:ac:ae:11:af,2412,-65,7,true
4706399122923,2F-26培训教室,00:5a:13:54:0d:c8,2462,-66,7,true
4706399122942,TP3218-55,50:01:d9:76:2c:e0,2462,-68,7,true
4706399122895,Meetingcontrol(4H03),a0:63:91:49:51:4f,2452,-68,7,true
4706399122741,,9c:37:f4:04:a9:9f,5180,-68,7,true
4706399122782,,9c:37:f4:04:9e:ef,2412,-68,7,true
4706399122913,Huawei-Employee,90:17:ac:c0:6f:c1,2452,-73,7,true
4706399122750,,9c:37:f4:04:a1:ff,5180,-73,7,true
4706399122710,,90:17:ac:bf:00:af,2412,-74,7,true
4706399122829,4H-05-5G-121,b0:95:8e:2e:8b:ae,5745,-75,7,true
4706399122850,NETGEAR73-5G,2c:30:33:d5:f6:72,5765,-76,7,true
4706399122978,HUAWEI-5GCPE-5G-1541,c4:b8:b4:8d:15:44,5300,-79,7,true
4706399122687,AP-74:72:b0:df:b0:44,74:72:b0:df:b0:44,5180,-79,7,true
4706399122722,,90:17:ac:c0:1f:ff,5180,-79,7,true
4706399122809,AirStation-FreeWiFi,cc:2d:e0:60:22:52,2422,-79,7,true
4706399123186,HUAWEI-5GCPE-5G-FCBB,dc:99:14:d7:fc:be,5300,-80,7,true
4706399122697,,90:17:ac:c0:56:df,5180,-80,7,true
4706399122839,Meetingcontrol(4H03)-5G,a0:63:91:49:51:4e,5765,-81,7,true
4706399123005,HUAWEI-5GCPE-5G-1500,c4:b8:b4:8d:15:03,5300,-81,7,true
4706399122731,,90:17:ac:c1:08:ff,5180,-82,7,true
4706399122872,TP-LINK_5G_JIAO,48:7d:2e:e9:75:9c,5765,-82,7,true
4706399122933,HUAWEI-5GCPE-5G-AC63,34:0a:98:07:ac:66,5260,-83,7,true
4706399122904,Huawei-Employee,90:17:ac:ab:ed:21,2452,-83,7,true
4706399122640,Huawei-Employee,90:17:ac:ab:e8:71,5180,-84,7,true
4706399122861,HWTXM_5G,88:d7:f6:b6:59:e4,5765,-85,7,true
4706399122818,TP-LINK5g_202A,48:7d:2e:0e:20:2c,5745,-85,7,true
4706399122669,AP-00:25:92:5d:5c:a3,00:25:92:5d:5c:a3,5180,-86,7,true
4706400513243,,90:17:ac:ac:8a:4f,2412,-44,8,true
4706400513214,,90:17:ac:ac:8a:4b,2467,-46,8,true
4706400513054,hw_manage_3e80,b4:43:26:1e:3e:8b,2412,-59,8,true
4706400513066,hw_manage_3ee0,b4:43:26:1e:3e:eb,2412,-60,8,true
4706400513160,,90:17:ac:ae:11:af,2412,-61,8,true
4706400513253,,9c:37:f4:05:6a:2b,2472,-62,8,true
4706400513220,,9c:37:f4:05:6a:2f,2412,-63,8,true
4706400513166,,90:17:ac:ae:11:ab,2427,-63,8,true
4706400513238,,90:17:ac:ac:94:4b,2472,-66,8,true
4706400513197,4H-05-4G-121,b0:95:8e:2e:8b:ac,2462,-66,8,true
4706400513208,,90:17:ac:ac:94:4f,2412,-67,8,true
4706400513204,TP3218-55,50:01:d9:76:2c:e0,2462,-69,8,true
4706400513136,hw_manage_3ec0,b4:43:26:1e:3e:cb,2412,-69,8,true
4706400513114,,90:17:ac:ab:6b:4b,2412,-69,8,true
4706400513172,4H-05-5G-121,b0:95:8e:2e:8b:ae,5745,-72,8,true
4706400513142,hw_manage_9ac0,ac:f9:70:89:9a:cb,2412,-75,8,true
4706400513059,AP-00:25:92:5d:61:48,00:25:92:5d:61:48,5180,-80,8,true
4706400513087,,90:17:ac:c0:79:5f,5180,-80,8,true
4706400513232,HUAWEI-5GCPE-5G-1500,c4:b8:b4:8d:15:03,5300,-81,8,true
4706400513122,AP-00:25:92:5d:5b:2a,00:25:92:5d:5b:2a,5180,-82,8,true
4706400513094,,90:17:ac:c0:5b:3f,5180,-82,8,true
4706400513261,Huawei-Employee,90:17:ac:c0:2c:81,2472,-82,8,true
4706400513227,HUAWEI-5GCPE-5G-FCBB,dc:99:14:d7:fc:be,5300,-83,8,true
4706400513249,HUAWEI-5GCPE-5G-1541,c4:b8:b4:8d:15:44,5300,-83,8,true
4706400513080,AP-74:72:b0:df:b0:44,74:72:b0:df:b0:44,5180,-83,8,true
4706400513185,Meetingcontrol(4H03)-5G,a0:63:91:49:51:4e,5765,-83,8,true
4706400513100,,90:17:ac:be:fa:1f,5180,-83,8,true
4706400513049,Huawei-Employee,90:17:ac:ab:e8:71,5180,-84,8,true
4706400513192,HUAWEI-5GCPE-5G-AC63,34:0a:98:07:ac:66,5260,-85,8,true
4706400513178,,b4:43:26:1e:36:7f,5745,-85,8,true
4706400513108,,9c:37:f4:05:77:3f,5180,-86,8,true
4706400513128,mi8se,4a:2c:a0:c8:6d:b2,5180,-86,8,true
4706400513074,AP-00:25:92:5d:5c:a3,00:25:92:5d:5c:a3,5180,-88,8,true
4706400513154,,90:17:ac:c0:6d:bf,5180,-89,8,true
4706400513148,AP-00:25:92:5d:61:36,00:25:92:5d:61:36,5180,-90,8,true
4706401887299,Meetingcontrol(4H03),a0:63:91:49:51:4f,2452,-58,9,true
4706401887144,,90:17:ac:c0:57:8f,2412,-58,9,true
4706401887131,hw_manage_36c0,b4:43:26:1e:36:cb,2412,-59,9,true
4706401887347,,9c:37:f4:05:6a:2f,2412,-60,9,true
4706401887125,hw_manage_3e80,b4:43:26:1e:3e:8b,2412,-60,9,true
4706401887325,,9c:37:f4:05:6a:2b,2472,-61,9,true
4706401887162,hw_manage_3ee0,b4:43:26:1e:3e:eb,2412,-62,9,true
4706401887156,,9c:37:f4:04:9e:eb,2412,-62,9,true
4706401887337,,90:17:ac:ac:94:4b,2472,-63,9,true
4706401887223,,90:17:ac:ae:11:af,2412,-63,9,true
4706401887178,,9c:37:f4:04:9e:ef,2412,-63,9,true
4706401887229,,90:17:ac:ae:11:ab,2427,-65,9,true
4706401887137,hw_manage_d780,ac:f9:70:89:d7:8b,2412,-69,9,true
4706401887168,hw_manage_9540,ac:f9:70:89:95:4b,2412,-69,9,true
4706401887192,hw_manage_3600,b4:43:26:1e:36:0b,2412,-70,9,true
4706401887185,,90:17:ac:ac:56:ab,2417,-70,9,true
4706401887197,,90:17:ac:ab:6b:4f,2412,-70,9,true
4706401887151,hw_manage_d580,ac:f9:70:89:d5:8b,2412,-71,9,true
4706401887236,4H-05-5G-121,b0:95:8e:2e:8b:ae,5745,-73,9,true
4706401887205,AirStation-FreeWiFi,cc:2d:e0:60:22:52,2422,-74,9,true
4706401887257,NETGEAR73-5G,2c:30:33:d5:f6:72,5765,-76,9,true
4706401887250,DUBAI,88:25:93:18:9c:41,2437,-76,9,true
4706401887273,智能配件5,b0:95:8e:c2:3b:91,2432,-77,9,true
4706401887292,,90:17:ac:ac:56:6f,2412,-77,9,true
4706401887318,HUAWEI-5GCPE-5G-1500,c4:b8:b4:8d:15:03,5300,-80,9,true
4706401887332,HUAWEI-5GCPE-5G-FCBB,dc:99:14:d7:fc:be,5300,-81,9,true
4706401887242,Meetingcontrol(4H03)-5G,a0:63:91:49:51:4e,5765,-81,9,true
4706401887353,PHICO,2c:b2:1a:ab:80:81,2472,-81,9,true
4706401887266,HWTXM_5G,88:d7:f6:b6:59:e4,5765,-82,9,true
4706401887305,HUAWEI-5GCPE-5G-AC63,34:0a:98:07:ac:66,5260,-84,9,true
4706401887311,HUAWEI-5GCPE-5G-1541,c4:b8:b4:8d:15:44,5300,-84,9,true
4706401887286,vHAG_5G,dc:fe:18:82:df:5d,5785,-86,9,true
4706401887212,,90:17:ac:c0:53:ff,5260,-87,9,true
4706403257215,,90:17:ac:ac:8a:4b,2467,-40,10,true
4706403257021,hw_manage_36c0,b4:43:26:1e:36:cb,2412,-53,10,true
4706403257088,hw_manage_3e80,b4:43:26:1e:3e:8b,2412,-54,10,true
4706403257129,,90:17:ac:ae:11:ab,2427,-59,10,true
4706403257118,,90:17:ac:ae:11:af,2412,-59,10,true
4706403256992,,90:17:ac:ac:92:2f,2412,-59,10,true
4706403257096,,90:17:ac:ac:7f:2b,2427,-59,10,true
4706403257067,hw_manage_3ee0,b4:43:26:1e:3e:eb,2412,-63,10,true
4706403256875,hw_manage_3ec0,b4:43:26:1e:3e:cb,2412,-65,10,true
4706403256905,hw_manage_2a40,b4:43:26:1e:2a:4b,2412,-68,10,true
4706403257197,Meetingcontrol(4H03),a0:63:91:49:51:4f,2452,-69,10,true
4706403256895,hw_manage_d780,ac:f9:70:89:d7:8b,2412,-69,10,true
4706403257224,TP3218-55,50:01:d9:76:2c:e0,2462,-70,10,true
4706403257079,hw_manage_3600,b4:43:26:1e:36:0b,2412,-70,10,true
4706403257140,4H-05-5G-121,b0:95:8e:2e:8b:ae,5745,-73,10,true
4706403257002,,9c:37:f4:04:a1:ff,5180,-73,10,true
4706403256926,,90:17:ac:bf:d1:0b,2412,-73,10,true
4706403256974,,90:17:ac:c0:15:bf,5180,-73,10,true
4706403256886,hw_manage_9ac0,ac:f9:70:89:9a:cb,2412,-74,10,true
4706403257160,NETGEAR73-5G,2c:30:33:d5:f6:72,5765,-75,10,true
4706403257149,Meetingcontrol(4H03)-5G,a0:63:91:49:51:4e,5765,-76,10,true
4706403257233,HUAWEI-5GCPE-5G-1500,c4:b8:b4:8d:15:03,5300,-77,10,true
4706403257243,HUAWEI-5GCPE-5G-FCBB,dc:99:14:d7:fc:be,5300,-78,10,true
4706403257172,HWTXM_5G,88:d7:f6:b6:59:e4,5765,-82,10,true
4706403257043,,90:17:ac:c0:65:df,5180,-82,10,true
4706403256984,,90:17:ac:c1:08:ff,5180,-84,10,true
4706403257206,HUAWEI-5GCPE-5G-AC63,34:0a:98:07:ac:66,5260,-85,10,true
4706403257252,HUAWEI-5GCPE-5G-1541,c4:b8:b4:8d:15:44,5300,-85,10,true
4706403256965,Huawei-Employee,90:17:ac:ab:e8:71,5180,-85,10,true
4706403257056,AP-00:25:92:5d:61:48,00:25:92:5d:61:48,5180,-86,10,true
4706403257187,Huawei-Employee,ac:f9:70:89:9b:71,5805,-86,10,true
4706403256916,,90:17:ac:c0:f6:9f,5180,-87,10,true
4706403257011,AirStation-FreeWiFi,cc:2d:e0:60:22:51,5180,-88,10,true
4706403256954,AP-00:25:92:5d:61:36,00:25:92:5d:61:36,5180,-89,10,true
4706403257032,AP-74:72:b0:e3:52:b7,74:72:b0:e3:52:b7,5180,-89,10,true
4706403257262,,90:17:ac:c0:53:ff,5320,-89,10,true
4706403256942,AP-00:25:92:1a:51:88,00:25:92:1a:51:88,5180,-90,10,true
4706403257107,Huawei-Employee,9c:37:f4:05:77:d1,5240,-90,10,true
4706404690244,,90:17:ac:ac:7f:2b,2427,-53,11,true
4706404690253,,90:17:ac:ac:7f:2f,2412,-53,11,true
4706404690027,hw_manage_3e80,b4:43:26:1e:3e:8b,2412,-55,11,true
4706404690065,,90:17:ac:ac:92:2f,2412,-55,11,true
4706404690236,hw_manage_36c0,b4:43:26:1e:36:cb,2412,-57,11,true
4706404690043,hw_manage_3ee0,b4:43:26:1e:3e:eb,2412,-59,11,true
4706404690272,,90:17:ac:ae:11:af,2412,-60,11,true
4706404690280,,90:17:ac:ae:11:ab,2427,-62,11,true
4706404690408,Mobile(4H03),28:a1:eb:9a:85:4e,2467,-63,11,true
4706404690115,,9c:37:f4:04:9e:eb,2412,-63,11,true
4706404690346,HUAWEI-5GCPE-154B,c4:b8:b4:8d:15:4c,2437,-65,11,true
4706404690225,hw_manage_2a40,b4:43:26:1e:2a:4b,2412,-66,11,true
4706404690034,hw_manage_3e40,b4:43:26:1e:3e:4b,2412,-66,11,true
4706404690215,hw_manage_3600,b4:43:26:1e:36:0b,2412,-67,11,true
4706404690388,Meetingcontrol(4H03),a0:63:91:49:51:4f,2452,-68,11,true
4706404690152,hw_manage_8e80,ac:f9:70:89:8e:8b,2412,-71,11,true
4706404690162,hw_manage_9540,ac:f9:70:89:95:4b,2412,-72,11,true
4706404690106,hw_manage_2ca0,b4:43:26:1e:2c:ab,2412,-72,11,true
4706404690172,hw_manage_d2e0,ac:f9:70:89:d2:eb,2412,-72,11,true
4706404690310,NETGEAR73-5G,2c:30:33:d5:f6:72,5765,-74,11,true
4706404690095,,90:17:ac:c0:15:bf,5180,-74,11,true
4706404690356,,9c:37:f4:05:77:4f,2412,-74,11,true
4706404690084,hw_manage_3a00,b4:43:26:1e:3a:0b,2412,-76,11,true
4706404690290,4H-05-5G-121,b0:95:8e:2e:8b:ae,5745,-77,11,true
4706404690437,jiao,48:7d:2e:e9:75:9a,2472,-77,11,true
4706404690015,,90:17:ac:c0:60:5f,5180,-77,11,true
4706404690125,hw_manage_d8e0,ac:f9:70:89:d8:eb,2412,-79,11,true
4706404690428,HUAWEI-5GCPE-5G-FCBB,dc:99:14:d7:fc:be,5300,-80,11,true
4706404690299,Meetingcontrol(4H03)-5G,a0:63:91:49:51:4e,5765,-80,11,true
4706404690377,Huawei-Employee,90:17:ac:ab:ed:21,2452,-80,11,true
4706404690263,4G38,28:a1:eb:81:96:e2,2422,-80,11,true
4706404690192,AP-00:25:92:5d:61:48,00:25:92:5d:61:48,5180,-81,11,true
4706404690418,HUAWEI-5GCPE-5G-1500,c4:b8:b4:8d:15:03,5300,-81,11,true
4706404690448,HUAWEI-5GCPE-5G-1541,c4:b8:b4:8d:15:44,5300,-82,11,true
4706404690320,TP-LINK_5G_JIAO,48:7d:2e:e9:75:9c,5765,-83,11,true
4706404690181,,90:17:ac:ac:7d:9f,5180,-83,11,true
4706404690398,HUAWEI-5GCPE-5G-AC63,34:0a:98:07:ac:66,5260,-84,11,true
4706404690330,HWTXM_5G,88:d7:f6:b6:59:e4,5765,-84,11,true
4706404690366,vHAG_5G,dc:fe:18:82:df:5d,5785,-84,11,true
4706404690141,,90:17:ac:bf:ba:1f,5180,-85,11,true
4706404690005,Huawei-Employee,90:17:ac:ab:e8:71,5180,-86,11,true
4706404690133,,90:17:ac:c1:08:ff,5180,-86,11,true
4706404690055,AP-00:25:92:1a:51:88,00:25:92:1a:51:88,5180,-88,11,true
4706404690204,Huawei-Employee,90:17:ac:c0:f2:f1,5200,-88,11,true
4706404690075,AP-00:25:92:5d:61:36,00:25:92:5d:61:36,5180,-91,11,true
4706406123658,,90:17:ac:ac:7f:2b,2427,-57,12,true
4706406123673,,90:17:ac:ac:7f:2f,2412,-57,12,true
4706406123628,hw_manage_3e80,b4:43:26:1e:3e:8b,2412,-58,12,true
4706406123565,,90:17:ac:ac:92:2b,2412,-61,12,true
4706406123615,,90:17:ac:c0:57:8f,2412,-64,12,true
4706406123634,,9c:37:f4:04:9e:eb,2412,-64,12,true
4706406123704,HUAWEI-5GCPE-154B,c4:b8:b4:8d:15:4c,2437,-69,12,true
4706406123600,hw_manage_2a40,b4:43:26:1e:2a:4b,2412,-69,12,true
4706406123646,hw_manage_2ca0,b4:43:26:1e:2c:ab,2412,-69,12,true
4706406123729,4H-05-4G-121,b0:95:8e:2e:8b:ac,2462,-70,12,true
4706406123679,4H-05-5G-121,b0:95:8e:2e:8b:ae,5745,-73,12,true
4706406123742,TP3218-55,50:01:d9:76:2c:e0,2462,-73,12,true
4706406123688,NETGEAR73-5G,2c:30:33:d5:f6:72,5765,-74,12,true
4706406123723,Huawei-Employee,90:17:ac:ab:ed:21,2452,-75,12,true
4706406123710,4H-05-4G-122,14:e6:e4:72:f4:b4,2437,-75,12,true
4706406123593,,90:17:ac:c0:60:5f,5180,-77,12,true
4706406123716,,90:17:ac:ac:56:6b,2447,-77,12,true
4706406123572,AP-00:25:92:5d:5b:2a,00:25:92:5d:5b:2a,5180,-78,12,true
4706406123747,,90:17:ac:c1:04:6b,2462,-78,12,true
4706406123764,HUAWEI-5GCPE-5G-FCBB,dc:99:14:d7:fc:be,5300,-79,12,true
4706406123756,HUAWEI-5GCPE-5G-1500,c4:b8:b4:8d:15:03,5300,-79,12,true
4706406123666,,90:17:ac:c0:6c:bf,5220,-79,12,true
4706406123558,AP-74:72:b0:df:b0:44,74:72:b0:df:b0:44,5180,-82,12,true
4706406123736,HUAWEI-5GCPE-5G-AC63,34:0a:98:07:ac:66,5260,-84,12,true
4706406123771,HUAWEI-5GCPE-5G-1541,c4:b8:b4:8d:15:44,5300,-84,12,true
4706406123695,Meetingcontrol(4H03)-5G,a0:63:91:49:51:4e,5765,-86,12,true
4706406123608,AirStation-FreeWiFi,cc:2d:e0:60:22:51,5180,-86,12,true
4706406123640,,90:17:ac:c1:08:ff,5180,-86,12,true
4706406123545,Huawei-Employee,90:17:ac:ab:e8:71,5180,-87,12,true
4706406123621,,90:17:ac:c0:f6:9f,5180,-87,12,true
4706406123580,mi8se,4a:2c:a0:c8:6d:b2,5180,-89,12,true
4706406123653,Huawei-Employee,90:17:ac:c0:f2:f1,5200,-89,12,true
4706406123551,AC_EAP,80:38:bc:17:17:d5,5180,-90,12,true
4706407477078,,90:17:ac:ac:7f:2f,2412,-60,13,true
4706407477117,,90:17:ac:ac:7f:2b,2427,-62,13,true
4706407477085,,90:17:ac:ac:4b:cf,2412,-62,13,true
4706407477091,,90:17:ac:ac:88:0b,2412,-62,13,true
4706407477246,4H-05-4G-121,b0:95:8e:2e:8b:ac,2462,-64,13,true
4706407477102,,90:17:ac:ac:4b:cb,2422,-65,13,true
4706407477142,HUAWEI-5GCPE-154B,c4:b8:b4:8d:15:4c,2437,-67,13,true
4706407477184,,90:17:ac:c0:57:9f,5785,-69,13,true
4706407477126,4H-05-5G-121,b0:95:8e:2e:8b:ae,5745,-71,13,true
4706407477203,Huawei-Employee,90:17:ac:ab:ed:21,2452,-72,13,true
4706407477240,TP3218-55,50:01:d9:76:2c:e0,2462,-73,13,true
4706407477110,,90:17:ac:c1:08:ef,2427,-74,13,true
4706407477210,Meetingcontrol(4H03),a0:63:91:49:51:4f,2452,-75,13,true
4706407477194,Huawei-Employee,ac:f9:70:89:9b:61,2452,-75,13,true
4706407477262,HUAWEI Mate 10 Pro,e4:a7:c5:c8:9d:17,2462,-75,13,true
4706407477288,HUAWEI-5GCPE-5G-FCBB,dc:99:14:d7:fc:be,5300,-78,13,true
4706407477161,NETGEAR73-5G,2c:30:33:d5:f6:72,5765,-79,13,true
4706407477217,Huawei-Employee,90:17:ac:c0:6f:c1,2452,-80,13,true
4706407477006,AP-74:72:b0:df:b0:44,74:72:b0:df:b0:44,5180,-81,13,true
4706407477063,AP-00:25:92:5d:5b:2a,00:25:92:5d:5b:2a,5180,-81,13,true
4706407477269,yu2.4g,48:7d:2e:0e:20:2a,2462,-81,13,true
4706407477296,HUAWEI-5GCPE-5G-1500,c4:b8:b4:8d:15:03,5300,-82,13,true
4706407477170,vHAG_5G,dc:fe:18:82:df:5d,5785,-82,13,true
4706407477031,,90:17:ac:ac:7d:9f,5180,-82,13,true
4706407477225,HUAWEI-5GCPE-5G-AC63,34:0a:98:07:ac:66,5260,-83,13,true
4706407477303,HUAWEI-5GCPE-5G-1541,c4:b8:b4:8d:15:44,5300,-83,13,true
4706407477039,AP-00:25:92:5d:61:48,00:25:92:5d:61:48,5180,-83,13,true
4706407477053,,90:17:ac:c0:1c:bf,5180,-83,13,true
4706407477152,Meetingcontrol(4H03)-5G,a0:63:91:49:51:4e,5765,-84,13,true
4706407477233,123456,bc:5f:f6:54:0f:48,2457,-85,13,true
4706407477254,例콘토숭10,50:fa:84:66:ac:66,2457,-85,13,true
4706407477135,Huawei-Employee,90:17:ac:ab:ed:31,5745,-86,13,true
4706407477072,,90:17:ac:c0:f6:9f,5180,-87,13,true
4706407477280,,90:17:ac:c1:08:ff,5280,-87,13,true
4706407477016,Huawei-Employee,90:17:ac:ab:e8:71,5180,-88,13,true
4706407477023,,90:17:ac:c0:59:1f,5180,-89,13,true
4706407477046,AC_EAP,80:38:bc:17:17:d5,5180,-91,13,true
4706408952759,,90:17:ac:ac:88:0f,2412,-52,14,true
4706408952692,,90:17:ac:ac:88:0b,2412,-55,14,true
4706408952744,,90:17:ac:c0:57:8f,2412,-56,14,true
4706408952780,,90:17:ac:ac:7f:2b,2427,-59,14,true
4706408952700,hw_manage_3ee0,b4:43:26:1e:3e:eb,2412,-63,14,true
4706408952800,HUAWEI-5GCPE-154B,c4:b8:b4:8d:15:4c,2437,-66,14,true
4706408952709,hw_manage_d800,ac:f9:70:89:d8:0b,2412,-67,14,true
4706408952727,,90:17:ac:bf:c8:ef,2412,-67,14,true
4706408952833,4H-05-4G-121,b0:95:8e:2e:8b:ac,2462,-68,14,true
4706408952772,hw_manage_8e80,ac:f9:70:89:8e:8b,2412,-68,14,true
4706408952736,hw_manage_3600,b4:43:26:1e:36:0b,2412,-70,14,true
4706408952740,hw_manage_2a40,b4:43:26:1e:2a:4b,2412,-70,14,true
4706408952785,4H-05-5G-121,b0:95:8e:2e:8b:ae,5745,-71,14,true
4706408952815,Huawei-Employee,90:17:ac:ab:ed:21,2452,-71,14,true
4706408952805,NETGEAR73-5G,2c:30:33:d5:f6:72,5765,-73,14,true
4706408952829,TP3218-55,50:01:d9:76:2c:e0,2462,-73,14,true
4706408952790,,ac:f9:70:89:89:bf,5745,-73,14,true
4706408952846,Mobile(4H03),28:a1:eb:9a:85:4e,2467,-74,14,true
4706408952820,Yuhon justin,60:45:cb:22:1f:c1,2457,-74,14,true
4706408952854,HUAWEI-5GCPE-5G-1500,c4:b8:b4:8d:15:03,5300,-76,14,true
4706408952842,HUAWEI Mate 10 Pro,e4:a7:c5:c8:9d:17,2462,-76,14,true
4706408952732,AP-00:25:92:5d:5b:2a,00:25:92:5d:5b:2a,5180,-77,14,true
4706408952704,,90:17:ac:c0:6b:1f,5180,-77,14,true
4706408952776,,90:17:ac:c0:6c:bf,5220,-78,14,true
4706408952683,,90:17:ac:ac:7d:9f,5180,-79,14,true
4706408952810,,90:17:ac:ac:56:6b,2447,-79,14,true
4706408952859,HUAWEI-5GCPE-5G-FCBB,dc:99:14:d7:fc:be,5300,-80,14,true
4706408952767,hw_manage_3a00,b4:43:26:1e:3a:0b,2412,-80,14,true
4706408952837,MERCURY_9C8A,d0:c7:c0:80:9c:8a,2462,-80,14,true
4706408952795,Meetingcontrol(4H03)-5G,a0:63:91:49:51:4e,5765,-82,14,true
4706408952850,HUAWEI-5GCPE-5G-1541,c4:b8:b4:8d:15:44,5300,-84,14,true
4706408952696,,90:17:ac:be:f9:3f,5180,-84,14,true
4706408952688,AP-00:25:92:5d:61:48,00:25:92:5d:61:48,5180,-85,14,true
4706408952674,AP-74:72:b0:df:b0:44,74:72:b0:df:b0:44,5180,-86,14,true
4706408952825,HUAWEI-5GCPE-5G-AC63,34:0a:98:07:ac:66,5260,-87,14,true
4706408952763,AP-00:25:92:5d:61:36,00:25:92:5d:61:36,5180,-89,14,true
4706408952748,,90:17:ac:c0:f6:9f,5180,-89,14,true
4706408952719,AC_EAP,80:38:bc:17:17:d5,5180,-89,14,true
4706408952714,,9c:37:f4:05:76:1f,5180,-89,14,true
4706408952723,,90:17:ac:c0:ee:df,5180,-89,14,true
4706408952679,Huawei-Employee,90:17:ac:ab:e8:71,5180,-90,14,true
4706408952753,AP-00:25:92:1a:51:88,00:25:92:1a:51:88,5180,-90,14,true
4706410322435,,90:17:ac:ac:88:0f,2412,-54,15,true
4706410322640,,90:17:ac:ac:7f:2f,2412,-56,15,true
4706410322540,,90:17:ac:ac:88:0b,2412,-56,15,true
4706410322752,4H-05-4G-121,b0:95:8e:2e:8b:ac,2462,-64,15,true
4706410322455,hw_manage_3ee0,b4:43:26:1e:3e:eb,2412,-65,15,true
4706410322611,hw_manage_3ec0,b4:43:26:1e:3e:cb,2412,-67,15,true
4706410322762,Mobile(4H03),28:a1:eb:9a:85:4e,2467,-69,15,true
4706410322562,hw_manage_3e40,b4:43:26:1e:3e:4b,2412,-70,15,true
4706410322471,hw_manage_8e80,ac:f9:70:89:8e:8b,2412,-70,15,true
4706410322649,4H-05-5G-121,b0:95:8e:2e:8b:ae,5745,-71,15,true
4706410322592,,90:17:ac:bf:c8:ef,2412,-71,15,true
4706410322663,,ac:f9:70:89:89:bf,5745,-71,15,true
4706410322704,,90:17:ac:c0:64:ef,2412,-71,15,true
4706410322463,hw_manage_36c0,b4:43:26:1e:36:cb,2412,-72,15,true
4706410322772,HUAWEI-5GCPE-5G-1500,c4:b8:b4:8d:15:03,5300,-74,15,true
4706410322713,,9c:37:f4:05:6f:eb,2452,-74,15,true
4706410322814,jiao,48:7d:2e:e9:75:9a,2472,-75,15,true
4706410322674,NETGEAR73-5G,2c:30:33:d5:f6:72,5765,-76,15,true
4706410322480,,90:17:ac:c0:5b:ab,2412,-76,15,true
4706410322823,,90:17:ac:bf:d1:0f,2412,-76,15,true
4706410322620,hw_manage_9ac0,ac:f9:70:89:9a:cb,2412,-77,15,true
4706410322511,,90:17:ac:c0:89:df,5180,-77,15,true
4706410322721,,9c:37:f4:05:6f:ef,2412,-78,15,true
4706410322783,HUAWEI-5GCPE-5G-FCBB,dc:99:14:d7:fc:be,5300,-79,15,true
4706410322552,,90:17:ac:c0:6b:1f,5180,-79,15,true
4706410322804,2H03,28:a1:eb:9a:2e:28,2472,-80,15,true
4706410322630,,90:17:ac:c0:6c:bf,5220,-81,15,true
4706410322742,HUAWEI-5GCPE-5G-AC63,34:0a:98:07:ac:66,5260,-82,15,true
4706410322793,HUAWEI-5GCPE-5G-1541,c4:b8:b4:8d:15:44,5300,-83,15,true
4706410322502,AP-00:25:92:5d:61:48,00:25:92:5d:61:48,5180,-84,15,true
4706410322530,,90:17:ac:be:f9:3f,5180,-84,15,true
4706410322446,Huawei-Employee,90:17:ac:ab:e8:71,5180,-85,15,true
4706410322424,AP-74:72:b0:df:b0:44,74:72:b0:df:b0:44,5180,-85,15,true
4706410322685,HWTXM_5G,88:d7:f6:b6:59:e4,5765,-85,15,true
4706410322695,TP-LINK_5G_JIAO,48:7d:2e:e9:75:9c,5765,-86,15,true
4706410322602,AP-00:25:92:5d:5b:2a,00:25:92:5d:5b:2a,5180,-88,15,true
4706410322583,AC_EAP,80:38:bc:17:17:d5,5180,-88,15,true
4706410322490,,90:17:ac:c0:59:1f,5180,-90,15,true
4706410322521,Huawei-Employee,90:17:ac:c0:62:51,5180,-90,15,true
4706410322572,AP-00:25:92:5d:5c:a3,00:25:92:5d:5c:a3,5180,-90,15,true
4706410322732,,90:17:ac:c0:ee:df,5260,-90,15,true
4706411756314,,90:17:ac:ac:8a:5f,5180,-48,16,true
4706411756195,,90:17:ac:ac:88:0b,2412,-55,16,true
4706411756426,,90:17:ac:ac:7f:2b,2427,-56,16,true
4706411756334,,90:17:ac:c0:57:8f,2412,-61,16,true
4706411756400,hw_manage_3e80,b4:43:26:1e:3e:8b,2412,-62,16,true
4706411756204,hw_manage_3ee0,b4:43:26:1e:3e:eb,2412,-63,16,true
4706411756485,DUBAI,88:25:93:18:9c:41,2437,-63,16,true
4706411756417,,ac:f9:70:89:d3:6f,2412,-64,16,true
4706411756472,HUAWEI-5GCPE-154B,c4:b8:b4:8d:15:4c,2437,-65,16,true
4706411756462,,ac:f9:70:89:89:bf,5745,-66,16,true
4706411756538,4H-05-4G-121,b0:95:8e:2e:8b:ac,2462,-67,16,true
4706411756350,,90:17:ac:ac:92:2f,2412,-67,16,true
4706411756408,hw_manage_d800,ac:f9:70:89:d8:0b,2412,-68,16,true
4706411756367,,90:17:ac:bf:c8:eb,2412,-68,16,true
4706411756506,,90:17:ac:c0:64:eb,2437,-68,16,true
4706411756586,NETGEAR73,2c:30:33:d5:f6:73,2472,-68,16,true
4706411756452,4H-05-5G-121,b0:95:8e:2e:8b:ae,5745,-69,16,true
4706411756443,,90:17:ac:c0:85:2b,2427,-69,16,true
4706411756435,,90:17:ac:ac:4b:cb,2422,-71,16,true
4706411756557,Mobile(4H03),28:a1:eb:9a:85:4e,2467,-72,16,true
4706411756236,hw_manage_3e40,b4:43:26:1e:3e:4b,2412,-72,16,true
4706411756294,,90:17:ac:bf:00:cf,2412,-72,16,true
4706411756303,hw_manage_2a40,b4:43:26:1e:2a:4b,2412,-74,16,true
4706411756284,,90:17:ac:c0:57:9f,5180,-74,16,true
4706411756567,HUAWEI-5GCPE-5G-1500,c4:b8:b4:8d:15:03,5300,-75,16,true
4706411756518,NETGEAR73-5G,2c:30:33:d5:f6:72,5765,-77,16,true
4706411756548,MERCURY_9C8A,d0:c7:c0:80:9c:8a,2462,-77,16,true
4706411756389,,90:17:ac:c0:84:1f,5180,-77,16,true
4706411756577,HUAWEI-5GCPE-5G-FCBB,dc:99:14:d7:fc:be,5300,-79,16,true
4706411756186,AP-00:25:92:5d:5b:2a,00:25:92:5d:5b:2a,5180,-80,16,true
4706411756218,,90:17:ac:be:f9:3f,5180,-80,16,true
4706411756324,,90:17:ac:c0:67:1f,5180,-82,16,true
4706411756529,HUAWEI-5GCPE-5G-AC63,34:0a:98:07:ac:66,5260,-84,16,true
4706411756497,Meetingcontrol(4H03)-5G,a0:63:91:49:51:4e,5765,-84,16,true
4706411756228,,9c:37:f4:05:76:1f,5180,-86,16,true
4706411756596,HUAWEI-5GCPE-5G-1541,c4:b8:b4:8d:15:44,5300,-87,16,true
4706411756265,AP-74:72:b0:df:b0:44,74:72:b0:df:b0:44,5180,-87,16,true
4706411756359,Huawei-Employee,90:17:ac:ab:e8:71,5180,-89,16,true
4706411756342,,90:17:ac:c0:f6:9f,5180,-89,16,true
4706411756255,AC_EAP,80:38:bc:17:17:d5,5180,-89,16,true
4706411756246,AP-00:25:92:5d:5c:a3,00:25:92:5d:5c:a3,5180,-89,16,true
4706411756275,wlanaccessv2.0,ac:85:3d:b1:2f:50,5180,-89,16,true
4706411756380,Huawei-Employee,ac:85:3d:b1:2f:51,5180,-89,16,true
4706413210506,,90:17:ac:ac:88:0f,2412,-50,17,true
4706413210463,,90:17:ac:ac:88:0b,2412,-51,17,true
4706413210437,hw_manage_3ee0,b4:43:26:1e:3e:eb,2412,-61,17,true
4706413210531,,90:17:ac:ac:7f:2b,2427,-62,17,true
4706413210498,,90:17:ac:c0:57:8f,2412,-63,17,true
4706413210551,HUAWEI-5GCPE-154B,c4:b8:b4:8d:15:4c,2437,-65,17,true
4706413210445,hw_manage_d800,ac:f9:70:89:d8:0b,2412,-66,17,true
4706413210409,,90:17:ac:ac:94:5f,5180,-69,17,true
4706413210639,,90:17:ac:ac:92:2b,2412,-70,17,true
4706413210541,4H-05-5G-121,b0:95:8e:2e:8b:ae,5745,-71,17,true
4706413210514,,90:17:ac:ac:4b:cf,2412,-71,17,true
4706413210350,,90:17:ac:bf:c8:eb,2412,-71,17,true
4706413210607,TP3218-55,50:01:d9:76:2c:e0,2462,-72,17,true
4706413210380,hw_manage_3600,b4:43:26:1e:36:0b,2412,-72,17,true
4706413210478,,90:17:ac:c0:57:9f,5180,-72,17,true
4706413210630,Mobile(4H03),28:a1:eb:9a:85:4e,2467,-73,17,true
4706413210599,,90:17:ac:bf:d1:0f,2412,-75,17,true
4706413210617,yu2.4g,48:7d:2e:0e:20:2a,2462,-76,17,true
4706413210522,AirStation-FreeWiFi,cc:2d:e0:60:22:52,2422,-77,17,true
4706413210341,AP-00:25:92:5d:5b:2a,00:25:92:5d:5b:2a,5180,-78,17,true
4706413210687,HUAWEI-5GCPE-5G-1500,c4:b8:b4:8d:15:03,5300,-78,17,true
4706413210561,Yuhon justin,60:45:cb:22:1f:c1,2457,-78,17,true
4706413210590,H3,9c:b2:b2:e9:1b:49,2462,-78,17,true
4706413210656,HUAWEI-5GCPE-5G-FCBB,dc:99:14:d7:fc:be,5300,-79,17,true
4706413210674,jiao,48:7d:2e:e9:75:9a,2472,-79,17,true
4706413210400,,90:17:ac:c0:89:df,5180,-79,17,true
4706413210580,,90:17:ac:c0:ee:cf,2457,-79,17,true
4706413210647,1H03,28:a1:eb:80:44:c2,2467,-79,17,true
4706413210571,HUAWEI-5GCPE-5G-AC63,34:0a:98:07:ac:66,5260,-82,17,true
4706413210428,,90:17:ac:be:f9:3f,5180,-83,17,true
4706413210665,HUAWEI-5GCPE-5G-1541,c4:b8:b4:8d:15:44,5300,-85,17,true
4706413210370,,9c:37:f4:05:6a:3f,5180,-85,17,true
4706413210360,AirStation-FreeWiFi,cc:2d:e0:60:22:51,5180,-88,17,true
4706413210390,,90:17:ac:c0:71:3f,5180,-88,17,true
4706413210419,AP-00:25:92:5d:61:48,00:25:92:5d:61:48,5180,-89,17,true
4706413210490,Huawei-Employee,90:17:ac:c0:f2:f1,5200,-89,17,true
4706413210455,AC_EAP,80:38:bc:17:17:d5,5180,-89,17,true
4706414622137,,90:17:ac:ac:8a:5f,5180,-43,18,true
4706414622071,,90:17:ac:ac:88:0b,2412,-50,18,true
4706414622149,,90:17:ac:ac:88:0f,2412,-51,18,true
4706414622198,hw_manage_9a00,ac:f9:70:89:9a:0b,2412,-64,18,true
4706414622084,hw_manage_3ee0,b4:43:26:1e:3e:eb,2412,-65,18,true
4706414622277,Meetingcontrol(4H03),a0:63:91:49:51:4f,2452,-67,18,true
4706414622204,,90:17:ac:bf:c8:ef,2412,-68,18,true
4706414622228,,ac:f9:70:89:89:bf,5745,-68,18,true
4706414622109,,ac:f9:70:89:d3:6f,2412,-68,18,true
4706414622129,,90:17:ac:c0:15:af,2412,-68,18,true
4706414622186,hw_manage_3e80,b4:43:26:1e:3e:8b,2412,-69,18,true
4706414622180,hw_manage_2ca0,b4:43:26:1e:2c:ab,2412,-69,18,true
4706414622306,Mobile(4H03),28:a1:eb:9a:85:4e,2467,-70,18,true
4706414622161,,90:17:ac:bf:c8:eb,2412,-70,18,true
4706414622143,hw_manage_d2e0,ac:f9:70:89:d2:eb,2412,-70,18,true
4706414622210,4H-05-5G-121,b0:95:8e:2e:8b:ae,5745,-71,18,true
4706414622288,4H-05-4G-121,b0:95:8e:2e:8b:ac,2462,-71,18,true
4706414622322,,9c:37:f4:04:9e:eb,2472,-71,18,true
4706414622089,hw_manage_d800,ac:f9:70:89:d8:0b,2412,-72,18,true
4706414622267,HUAWEI-5GCPE-154B,c4:b8:b4:8d:15:4c,2437,-73,18,true
4706414622247,DUBAI,88:25:93:18:9c:41,2437,-74,18,true
4706414622216,,90:17:ac:c0:64:eb,2437,-74,18,true
4706414622192,,9c:37:f4:05:6a:3f,5180,-74,18,true
4706414622294,,90:17:ac:bf:d1:0b,2462,-74,18,true
4706414622241,4H-05-4G-122,14:e6:e4:72:f4:b4,2437,-76,18,true
4706414622253,NETGEAR73-5G,2c:30:33:d5:f6:72,5765,-78,18,true
4706414622300,,90:17:ac:bf:d1:0f,2412,-80,18,true
4706414622283,,9c:37:f4:05:6f:eb,2452,-81,18,true
4706414622260,HWTXM,88:d7:f6:b6:59:e0,2437,-82,18,true
4706414622234,Meetingcontrol(4H03)-5G,a0:63:91:49:51:4e,5765,-83,18,true
4706414622222,智能配件5,b0:95:8e:c2:3b:91,2432,-83,18,true
4706414622114,AP-00:25:92:5d:5b:2a,00:25:92:5d:5b:2a,5180,-84,18,true
4706414622313,HUAWEI-5GCPE-5G-1500,c4:b8:b4:8d:15:03,5300,-84,18,true
4706414622329,HUAWEI-5GCPE-5G-FCBB,dc:99:14:d7:fc:be,5300,-86,18,true
4706414622337,HUAWEI-5GCPE-5G-1541,c4:b8:b4:8d:15:44,5300,-86,18,true
4706414622173,AirStation-FreeWiFi,cc:2d:e0:60:22:51,5180,-87,18,true
4706414622343,,90:17:ac:ac:84:7f,5320,-87,18,true
4706414622078,Huawei-Employee,90:17:ac:ab:e8:71,5180,-88,18,true
4706414622167,AP-00:25:92:5d:61:36,00:25:92:5d:61:36,5180,-88,18,true
4706414622096,,9c:37:f4:05:76:1f,5180,-88,18,true
4706414622102,,90:17:ac:bf:c7:7f,5180,-88,18,true
4706414622122,,90:17:ac:c0:20:3f,5180,-90,18,true
4706414622155,HUAWEI5G-UMTSNP,88:ce:fa:f6:62:e6,5180,-90,18,true
4706415974816,,90:17:ac:ac:8a:5f,5180,-41,19,true
4706415974784,,90:17:ac:ac:88:0b,2412,-49,19,true
4706415974836,,90:17:ac:ac:88:0f,2412,-50,19,true
4706415974811,,90:17:ac:ac:84:cf,2412,-68,19,true
4706415974857,,ac:f9:70:89:d3:7f,5745,-69,19,true
4706415974797,hw_manage_3ee0,b4:43:26:1e:3e:eb,2412,-70,19,true
4706415974754,,90:17:ac:ac:84:cb,2412,-70,19,true
4706415974912,4H-05-4G-121,b0:95:8e:2e:8b:ac,2462,-71,19,true
4706415974801,hw_manage_d800,ac:f9:70:89:d8:0b,2412,-71,19,true
4706415974771,,90:17:ac:ac:94:5f,5180,-71,19,true
4706415974846,hw_manage_d580,ac:f9:70:89:d5:8b,2412,-71,19,true
4706415974933,Mobile(4H03),28:a1:eb:9a:85:4e,2467,-72,19,true
4706415974821,hw_manage_2a40,b4:43:26:1e:2a:4b,2412,-74,19,true
4706415974807,hw_manage_9ac0,ac:f9:70:89:9a:cb,2412,-74,19,true
4706415974874,HUAWEI-5GCPE-154B,c4:b8:b4:8d:15:4c,2437,-75,19,true
4706415974851,4H-05-5G-121,b0:95:8e:2e:8b:ae,5745,-76,19,true
4706415974891,,90:17:ac:ac:7e:8f,2412,-77,19,true
4706415974907,,9c:37:f4:05:6f:eb,2452,-78,19,true
4706415974896,,9c:37:f4:05:6f:ef,2412,-78,19,true
4706415974887,HUAWEI-D187,a8:0c:63:e8:d1:87,2442,-78,19,true
4706415974881,NETGEAR73-5G,2c:30:33:d5:f6:72,5765,-79,19,true
4706415974927,H3,9c:b2:b2:e9:1b:49,2462,-79,19,true
4706415974942,MERCURY_9C8A,d0:c7:c0:80:9c:8a,2462,-81,19,true
4706415974829,,90:17:ac:c0:64:0f,2412,-81,19,true
4706415974921,Huawei_PE_f869,80:13:82:12:33:2f,2462,-81,19,true
4706415974869,Meetingcontrol(4H03)-5G,a0:63:91:49:51:4e,5765,-82,19,true
4706415974862,,ac:f9:70:89:89:bf,5745,-82,19,true
4706415974947,HUAWEI-5GCPE-5G-1541,c4:b8:b4:8d:15:44,5300,-83,19,true
4706415974779,AP-00:25:92:5d:61:48,00:25:92:5d:61:48,5180,-84,19,true
4706415974901,,90:17:ac:bf:c4:1f,5825,-84,19,true
4706415974937,1H03,28:a1:eb:80:44:c2,2467,-85,19,true
4706415974958,HUAWEI-5GCPE-5G-FCBB,dc:99:14:d7:fc:be,5300,-86,19,true
4706415974952,HUAWEI-5GCPE-5G-1500,c4:b8:b4:8d:15:03,5300,-86,19,true
4706415974790,,90:17:ac:be:f9:3f,5180,-87,19,true
4706415974916,HUAWEI-5GCPE-5G-AC63,34:0a:98:07:ac:66,5260,-90,19,true
4706415974840,HUAWEI5G-UMTSNP,88:ce:fa:f6:62:e6,5180,-90,19,true
4706415974964,,90:17:ac:ac:84:7f,5320,-90,19,true
4706417408169,,90:17:ac:ac:88:0f,2412,-56,20,true
4706417408200,hw_manage_3e80,b4:43:26:1e:3e:8b,2412,-63,20,true
4706417408311,,90:17:ac:ac:4b:cb,2422,-65,20,true
4706417408475,,90:17:ac:ab:6b:4f,2412,-65,20,true
4706417408455,Mobile(4H03),28:a1:eb:9a:85:4e,2467,-66,20,true
4706417408239,,90:17:ac:ac:94:5f,5180,-69,20,true
4706417408250,hw_manage_3ee0,b4:43:26:1e:3e:eb,2412,-70,20,true
4706417408466,,9c:37:f4:04:9e:eb,2472,-70,20,true
4706417408300,,90:17:ac:ac:84:cf,2412,-70,20,true
4706417408290,,90:17:ac:c0:5a:ef,2427,-70,20,true
4706417408503,,9c:37:f4:04:9e:ef,2412,-70,20,true
4706417408219,hw_manage_36c0,b4:43:26:1e:36:cb,2412,-71,20,true
4706417408259,hw_manage_d800,ac:f9:70:89:d8:0b,2412,-71,20,true
4706417408435,Yuhon justin,60:45:cb:22:1f:c1,2457,-71,20,true
4706417408342,4H-05-5G-121,b0:95:8e:2e:8b:ae,5745,-72,20,true
4706417408394,HUAWEI-5GCPE-154B,c4:b8:b4:8d:15:4c,2437,-74,20,true
4706417408385,,90:17:ac:c0:64:ef,2412,-74,20,true
4706417408190,hw_manage_2ca0,b4:43:26:1e:2c:ab,2412,-75,20,true
4706417408229,AP-00:25:92:5d:5b:2a,00:25:92:5d:5b:2a,5180,-76,20,true
4706417408331,,ac:f9:70:89:89:bf,5745,-76,20,true
4706417408403,4H-05-4G-122,14:e6:e4:72:f4:b4,2437,-76,20,true
4706417408376,QQ_SM_187499269,c0:bd:d1:5d:82:52,2437,-76,20,true
4706417408445,TP3218-55,50:01:d9:76:2c:e0,2462,-77,20,true
4706417408210,,9c:37:f4:05:6a:3f,5180,-77,20,true
4706417408366,HWTXM,88:d7:f6:b6:59:e0,2437,-78,20,true
4706417408320,HUAWEI2.4G-UMTSNP,88:ce:fa:f6:62:e4,2427,-79,20,true
4706417408413,,9c:37:f4:05:6f:eb,2452,-80,20,true
4706417408494,NETGEAR73,2c:30:33:d5:f6:73,2472,-80,20,true
4706417408423,,90:17:ac:bf:c4:1f,5825,-80,20,true
4706417408356,NETGEAR73-5G,2c:30:33:d5:f6:72,5765,-81,20,true
4706417408484,HUAWEI-5GCPE-5G-FCBB,dc:99:14:d7:fc:be,5300,-86,20,true
4706417408268,,9c:37:f4:05:77:5f,5180,-86,20,true
4706417408523,,90:17:ac:ac:84:7f,5320,-87,20,true
4706417408156,Huawei-Employee,90:17:ac:ab:e8:71,5180,-88,20,true
4706417408513,HUAWEI-5GCPE-5G-1541,c4:b8:b4:8d:15:44,5300,-89,20,true
4706417408278,,90:17:ac:c0:20:3f,5180,-89,20,true
4706417408180,,90:17:ac:c0:4f:5f,5180,-89,20,true
4706418842292,,90:17:ac:ac:88:0f,2412,-58,21,true
4706418842234,,90:17:ac:ac:84:cb,2412,-62,21,true
4706418842371,DZH,b4:86:55:15:da:fe,2437,-64,21,true
4706418842320,,ac:f9:70:89:89:bf,5745,-67,21,true
4706418842311,,90:17:ac:c0:5a:ef,2427,-68,21,true
4706418842225,,90:17:ac:ac:55:6f,2412,-68,21,true
4706418842301,hw_manage_89a0,ac:f9:70:89:89:ab,2412,-68,21,true
4706418842195,hw_manage_9a00,ac:f9:70:89:9a:0b,2412,-69,21,true
4706418842274,,90:17:ac:c0:85:0b,2412,-70,21,true
4706418842431,,90:17:ac:ae:7d:4f,2412,-70,21,true
4706418842332,4H-05-5G-121,b0:95:8e:2e:8b:ae,5745,-71,21,true
4706418842242,hw_manage_d2e0,ac:f9:70:89:d2:eb,2412,-71,21,true
4706418842451,,9c:37:f4:04:9e:eb,2472,-71,21,true
4706418842413,,90:17:ac:ae:7d:4b,2467,-71,21,true
4706418842389,HUAWEI-5GCPE-154B,c4:b8:b4:8d:15:4c,2437,-72,21,true
4706418842398,4H-05-4G-122,14:e6:e4:72:f4:b4,2437,-72,21,true
4706418842362,QQ_SM_187499269,c0:bd:d1:5d:82:52,2437,-72,21,true
4706418842253,,90:17:ac:c0:1b:4f,2412,-72,21,true
4706418842217,,9c:37:f4:05:6a:3f,5180,-73,21,true
4706418842352,NETGEAR73-5G,2c:30:33:d5:f6:72,5765,-76,21,true
4706418842423,TP3218-55,50:01:d9:76:2c:e0,2462,-76,21,true
4706418842441,Mobile(4H03),28:a1:eb:9a:85:4e,2467,-76,21,true
4706418842282,hw_manage_9ac0,ac:f9:70:89:9a:cb,2412,-77,21,true
4706418842206,,90:17:ac:c0:5a:ff,5180,-77,21,true
4706418842471,,90:17:ac:ac:84:7f,5320,-82,21,true
4706418842264,AP-00:25:92:5d:5b:2a,00:25:92:5d:5b:2a,5180,-83,21,true
4706418842379,HWTXM_5G,88:d7:f6:b6:59:e4,5765,-84,21,true
4706418842341,Meetingcontrol(4H03)-5G,a0:63:91:49:51:4e,5765,-86,21,true
4706418842461,HUAWEI-5GCPE-5G-FCBB,dc:99:14:d7:fc:be,5300,-89,21,true
4706420277158,Mobile(4H03),28:a1:eb:9a:85:4e,2467,-64,22,true
4706420277141,4H-05-4G-121,b0:95:8e:2e:8b:ac,2462,-64,22,true
4706420277176,,90:17:ac:ac:92:2b,2472,-65,22,true
4706420277072,,90:17:ac:c0:5a:ef,2427,-66,22,true
4706420277080,4H-05-5G-121,b0:95:8e:2e:8b:ae,5745,-67,22,true
4706420277132,hw_manage_3600,b4:43:26:1e:36:0b,2412,-67,22,true
4706420277123,Meetingcontrol(4H03),a0:63:91:49:51:4f,2452,-68,22,true
4706420277100,QQ_SM_187499269,c0:bd:d1:5d:82:52,2437,-69,22,true
4706420277092,HUAWEI-5GCPE-154B,c4:b8:b4:8d:15:4c,2437,-72,22,true
4706420277167,,90:17:ac:ae:7d:4f,2412,-73,22,true
4706420277149,HUAWEI Mate 10 Pro,e4:a7:c5:c8:9d:17,2462,-74,22,true
4706420277063,HUAWEI2.4G-UMTSNP,88:ce:fa:f6:62:e4,2427,-75,22,true
4706420277031,,90:17:ac:c0:5a:ff,5180,-81,22,true
4706420277109,HWTXM_5G,88:d7:f6:b6:59:e4,5765,-82,22,true
4706420277214,,90:17:ac:ac:84:7f,5320,-84,22,true
4706420277053,,90:17:ac:ad:6f:9f,5180,-88,22,true
4706420277194,HUAWEI-5GCPE-5G-1500,c4:b8:b4:8d:15:03,5300,-89,22,true
4706420277043,,90:17:ac:c0:2b:9f,5180,-89,22,true
4706420277205,HUAWEI-5GCPE-5G-FCBB,dc:99:14:d7:fc:be,5300,-90,22,true
4706420277186,HUAWEI-5GCPE-5G-1541,c4:b8:b4:8d:15:44,5300,-90,22,true
4706421709603,hw_manage_9a00,ac:f9:70:89:9a:0b,2412,-58,23,true
4706421709533,,90:17:ac:ac:7f:3f,5180,-62,23,true
4706421709564,,90:17:ac:ac:55:6f,2412,-64,23,true
4706421709732,4H-05-4G-121,b0:95:8e:2e:8b:ac,2462,-65,23,true
4706421709657,,90:17:ac:ac:84:cf,2412,-65,23,true
4706421709768,,90:17:ac:ac:92:2b,2472,-66,23,true
4706421709552,,90:17:ac:c0:85:0f,2412,-66,23,true
4706421709676,4H-05-5G-121,b0:95:8e:2e:8b:ae,5745,-67,23,true
4706421709741,Mobile(4H03),28:a1:eb:9a:85:4e,2467,-68,23,true
4706421709695,,ac:f9:70:89:89:bf,5745,-69,23,true
4706421709686,QQ_SM_187499269,c0:bd:d1:5d:82:52,2437,-69,23,true
4706421709542,,90:17:ac:c0:0e:6f,2412,-69,23,true
4706421709750,NETGEAR73,2c:30:33:d5:f6:73,2472,-71,23,true
4706421709704,NETGEAR73-5G,2c:30:33:d5:f6:72,5765,-72,23,true
4706421709667,hw_manage_d2e0,ac:f9:70:89:d2:eb,2412,-72,23,true
4706421709715,HWTXM_5G,88:d7:f6:b6:59:e4,5765,-79,23,true
4706421709648,AP-00:25:92:5d:5b:2a,00:25:92:5d:5b:2a,5180,-83,23,true
4706421709759,2H03,28:a1:eb:9a:2e:28,2472,-83,23,true
4706421709574,,90:17:ac:c0:21:3f,5180,-86,23,true
4706421709777,HUAWEI-5GCPE-5G-1500,c4:b8:b4:8d:15:03,5300,-87,23,true
4706421709638,,9c:37:f4:05:77:5f,5180,-87,23,true
4706421709512,HUAWEI5G-UMTSNP,88:ce:fa:f6:62:e6,5180,-88,23,true
4706421709595,AP-00:25:92:5d:61:48,00:25:92:5d:61:48,5180,-89,23,true
4706421709523,,90:17:ac:bf:b3:bf,5180,-89,23,true
4706421709800,,90:17:ac:ac:84:7f,5320,-90,23,true
4706421709585,,90:17:ac:c0:69:bf,5180,-90,23,true
4706421709616,,90:17:ac:c0:29:3f,5180,-90,23,true
4706421709627,AP-74:72:b0:df:b0:44,74:72:b0:df:b0:44,5180,-90,23,true
4706421709786,HUAWEI-5GCPE-5G-FCBB,dc:99:14:d7:fc:be,5300,-92,23,true
4706423122152,hw_manage_9a00,ac:f9:70:89:9a:0b,2412,-54,24,true
4706423122270,,90:17:ac:ac:55:6b,2412,-61,24,true
4706423122186,,90:17:ac:ac:84:cf,2412,-63,24,true
4706423122227,hw_manage_89a0,ac:f9:70:89:89:ab,2412,-64,24,true
4706423122244,,90:17:ac:ac:7f:3f,5180,-64,24,true
4706423122317,4H-05-4G-121,b0:95:8e:2e:8b:ac,2462,-65,24,true
4706423122259,,90:17:ac:c0:85:0f,2412,-65,24,true
4706423122349,,90:17:ac:ac:92:2f,2412,-65,24,true
4706423122289,4H-05-5G-121,b0:95:8e:2e:8b:ae,5745,-68,24,true
4706423122306,Meetingcontrol(4H03),a0:63:91:49:51:4f,2452,-68,24,true
4706423122311,,90:17:ac:c1:19:4b,2442,-68,24,true
4706423122181,,90:17:ac:c1:02:af,2412,-70,24,true
4706423122339,NETGEAR73,2c:30:33:d5:f6:73,2472,-71,24,true
4706423122157,hw_manage_3ee0,b4:43:26:1e:3e:eb,2412,-72,24,true
4706423122254,,90:17:ac:c0:0e:6f,2412,-72,24,true
4706423122284,HUAWEI2.4G-UMTSNP,88:ce:fa:f6:62:e4,2427,-74,24,true
4706423122333,,90:17:ac:ae:7d:4f,2412,-75,24,true
4706423122295,NETGEAR73-5G,2c:30:33:d5:f6:72,5765,-76,24,true
4706423122327,,90:17:ac:ae:7d:4b,2467,-76,24,true
4706423122322,Huawei_PE_f869,80:13:82:12:33:2f,2462,-78,24,true
4706423122301,HWTXM_5G,88:d7:f6:b6:59:e4,5765,-81,24,true
4706423122199,,90:17:ac:ad:6f:9f,5180,-83,24,true
4706423122204,,90:17:ac:bf:d9:1f,5180,-83,24,true
4706423122216,,90:17:ac:c0:10:bf,5180,-83,24,true
4706423122170,AP-00:25:92:5d:5b:2a,00:25:92:5d:5b:2a,5180,-84,24,true
4706423122275,,90:17:ac:c0:5f:8b,2427,-84,24,true
4706423122345,HUAWEI-5GCPE-5G-1500,c4:b8:b4:8d:15:03,5300,-87,24,true
4706423122233,HUAWEI5G-UMTSNP,88:ce:fa:f6:62:e6,5180,-87,24,true
4706423122163,,9c:37:f4:05:77:5f,5180,-87,24,true
4706423122355,,90:17:ac:ac:84:7f,5320,-88,24,true
4706423122238,,90:17:ac:bf:b3:bf,5180,-88,24,true
4706423122176,,90:17:ac:ac:56:7f,5180,-88,24,true
4706423122193,,90:17:ac:c0:fe:bf,5180,-89,24,true
4706423122211,,90:17:ac:be:f2:1f,5180,-89,24,true
4706423122222,,90:17:ac:ac:53:7f,5180,-90,24,true
4706423122249,,90:17:ac:c0:85:3f,5180,-90,24,true
4706423122265,,90:17:ac:be:e4:3f,5180,-91,24,true
