timeMillis,timeNanos,x,y,z
1542101200914,858466636859702,0.91461295,2.2769554,9.775824
1542101200918,858466656859702,0.91461295,2.2769554,9.775824
1542101200938,858466676859735,0.91461295,2.2769554,9.775824
1542101200960,858466693005238,0.91461295,2.2769554,9.775824
1542101200976,858466713005238,1.2210802,2.3535721,10.381576
1542101200997,858466733005238,0.33759275,2.2673783,10.089474
1542101201020,858466753005238,-0.24182175,0.89545876,9.093455
1542101201037,858466773005238,-0.052674048,1.3288225,8.490098
1542101201057,858466793005238,0.3328042,2.988055,9.040782
1542101201079,858466813005238,-0.23224466,3.0215747,8.846846
1542101201097,858466833005238,-1.2186859,1.7550035,8.300951
1542101201118,858466853005238,-0.44772938,0.92658436,8.41827
1542101201139,858466873005238,-0.30646718,1.7621863,8.616995
1542101201157,858466893005238,-1.7214836,2.2242813,8.73192
1542101201177,858466913005204,-2.8970726,0.4285752,8.937828
1542101201200,858466933005204,0.18914771,2.5235655,10.314536
1542101201219,858466953005204,-0.8356019,2.5044115,10.779025
1542101201237,858466973005204,-0.0071828244,2.82285,9.675264
1542101201259,858466993005204,-0.50040346,3.0718546,8.719949
1542101201277,858467013005204,-0.5818088,4.455745,7.8627987
1542101201298,858467033005204,-1.1971374,4.314483,7.7670274
1542101201320,858467053005204,0.09577099,4.786155,8.684034
1542101201337,858467073005204,0.1987248,4.4413795,8.628966
1542101201357,858467093005237,0.009577099,4.130124,8.461368
1542101201379,858467113005237,-0.15323359,3.964919,8.291373
1542101201397,858467133005237,0.10774237,4.189981,7.563514
1542101201418,858467153005237,0.23463893,4.3216662,7.103813
1542101201439,858467173005237,-0.038308397,4.285752,7.352818
1542101201457,858467193005203,-0.25139886,4.4653225,7.6281595
1542101201477,858467213005203,-0.1987248,4.4461684,7.680834
1542101201498,858467233004936,0.011971374,4.6688356,8.032792
1542101201518,858467253005002,0.25858167,5.025583,8.597841
1542101201537,858467273005002,1.9944309,5.487678,10.297776
1542101201559,858467293005035,1.812466,5.138114,7.781393
1542101201578,858467313005068,0.5889916,3.7111259,8.336864
1542101201597,858467333005068,-1.2857256,0.38308397,10.431855
1542101201619,858467353004834,-3.057489,-0.6656084,11.882786
1542101201637,858467373004834,-0.6392714,1.9656997,12.881199
1542101201658,858467393004834,1.812466,3.4046588,12.780639
1542101201679,858467413004867,1.2737542,3.2442424,11.152532
1542101201700,858467433004867,0.27294734,3.694366,9.42626
1542101201718,858467453004900,0.23224466,4.1588554,8.973742
1542101201740,858467473004900,0.531529,4.182798,9.522031
1542101201758,858467493004900,1.4676905,4.9417834,9.778218
1542101201779,858467513004933,1.664021,5.1237483,8.691217
1542101201801,858467533004933,1.6233183,4.5682764,8.559532
1542101201818,858467553004933,1.6233183,3.9936504,8.877971
1542101201838,858467573004966,1.4150164,3.0766432,10.08708
1542101201858,858467593004699,1.4006507,2.47568,11.317737
1542101201878,858467613004732,1.9321798,2.3320236,11.98574
1542101201898,858467633004732,1.8340145,2.1979442,11.894757
1542101201919,858467653004465,1.2665714,1.9465454,10.671283
1542101201937,858467673004965,1.1779832,1.977671,9.304152
1542101201958,858467693004665,1.6783867,2.1285102,8.286585
1542101201979,858467713004398,2.5642684,2.370332,8.183631
1542101201997,858467733004031,2.7845416,2.49244,8.964165
1542101202044,858467753004031,2.1332989,2.257801,9.098245
1542101202044,858467773003797,1.1444633,2.1596358,8.492493
1542101202058,858467793003797,0.30167863,2.3463893,7.798153
1542101202077,858467813003563,-0.016759925,2.9210153,7.120573
1542101202097,858467833003196,0.16759923,3.684789,6.7063637
1542101202118,858467853002529,0.6560313,4.065479,7.022408
1542101202138,858467873002495,0.6656084,4.331243,7.309721
1542101202160,858467893002461,0.38547826,4.2737803,7.3025384
1542101202178,858467913002427,0.3232271,4.2594147,7.5850625
1542101202197,858467933001827,0.54350036,4.230684,7.90829
1542101202219,858467953001460,1.132492,4.4988422,8.851634
1542101202237,858467973000893,0.967287,4.618556,9.088667
1542101202257,858467993000293,0.21548474,4.73827,8.58587
1542101202280,858468013000259,0.090982445,5.2290964,8.183631
1542101202299,858468033000292,0.14844504,5.176422,8.664881
1542101202319,858468053000258,0.45491222,5.2027593,9.3831625
1542101202340,858468073000258,0.5506832,5.078257,9.632168
1542101202358,858468092999924,0.17478207,5.195576,10.261862
1542101202377,858468112999290,-0.11971374,5.461341,10.067925
1542101202397,858468132998723,0.71588814,5.0207944,10.41749
1542101202417,858468152998123,0.75180227,4.3001175,12.33291
1542101202436,858468172997489,0.045491222,3.1915684,13.826937
1542101202461,858468192997689,-0.7996878,2.7079248,12.505298
1542101202492,858468212997055,-0.9792584,2.9641123,10.757477
1542101202542,858468232996455,-1.158829,3.007209,9.7135725
1542101202542,858468252996088,-0.86912173,2.6504622,9.921875
1542101202542,858468272994988,-0.28731298,2.3368123,10.714379
1542101202557,858468292994688,0.53392327,2.248224,11.109435
1542101202577,858468312994621,1.2258687,2.4421604,10.501289
1542101202597,858468332657834,1.0439038,2.3535721,9.282603
1542101202617,858468352657267,0.7110996,2.1716073,8.394327
1542101202640,858468372657233,0.31365,2.248224,8.209969
1542101202658,858468392657266,0.34956414,2.5020173,7.6305537
1542101202679,858468412657499,0.51955765,3.0431232,6.675238
1542101202699,858468432658099,0.6201172,3.6728175,5.9449844
1542101202722,858468452658699,0.30167863,4.0966043,5.559506
1542101202764,858468472658699,0.20351335,4.3216662,5.5738716
1542101202764,858468492692032,0.5123748,4.520391,6.5220046
1542101202780,858468512725398,0.89067024,4.652076,7.6353426
1542101202799,858468532759331,1.3934679,4.5850363,8.248277
1542101202821,858468552792731,1.6257126,4.6568646,8.458973
1542101202838,858468572826031,1.3024855,4.4270144,8.20518
1542101202859,858468592859997,1.158829,4.1157584,8.693612
1542101202881,858468612893330,1.3360053,3.921822,9.6896305
1542101202900,858468632926630,1.2713599,4.352792,10.422278
1542101202921,858468652959963,1.3479767,4.5467277,9.198804
1542101202940,858468672993029,2.1237218,4.453351,8.710372
1542101202961,858468693026695,2.8539755,3.1748085,11.085492
1542101202980,858468713060661,3.1125572,2.1452703,15.277867
1542101203002,858468733094294,3.2633965,2.1596358,16.333742
1542101203080,858468753128260,3.2633965,2.7821474,13.168511
1542101203080,858468773162193,3.301705,3.11974,10.257073
1542101203080,858468793195593,3.2562137,3.1580484,9.158101
1542101203080,858468813229559,3.1819913,3.0167863,9.119793
1542101203101,858468833296825,3.1748085,3.059883,8.81572
1542101203123,858468853397458,2.9904492,3.2011454,7.7311134
1542101203141,858468873498058,2.4277947,3.222694,6.818895
1542101203162,858468893598624,1.5179702,3.0718546,6.1556807
1542101203185,858468913732324,0.723071,3.0263634,6.1556807
1542101203205,858468933865990,0.4668836,3.0957973,6.7303066
1542101203223,858468953999890,0.57223165,3.4357843,6.9314256
1542101203245,858468974166856,0.888276,3.8763309,6.675238
1542101203264,858468994333489,0.8284191,4.1588554,6.8260775
1542101203284,858469014500189,0.531529,4.1971636,7.398309
1542101203305,858469034666855,0.38547826,4.084633,7.9130783
1542101203325,858469054866855,0.26337022,4.070267,8.286585
1542101203345,858469075066755,0.21548474,4.276175,8.581081
1542101203369,858469095233421,0.062251143,4.4677167,8.480521
1542101203385,858469115400054,-0.12450229,4.494054,8.339259
1542101203405,858469135566754,0.031125572,4.393494,8.818114
1542101203424,858469155733354,0.15802214,4.843618,10.446221
1542101203445,858469175900654,0.4836435,5.0758624,10.252285
1542101203465,858469196067287,1.1253091,4.913052,10.027223
1542101203486,858469216233987,1.158829,3.9792848,11.930672
1542101203506,858469236400653,0.66800267,2.7989073,13.992142
1542101203526,858469256567319,0.22266756,2.3751206,14.3441
1542101203547,858469276734252,0.2753416,2.7845416,11.911517
1542101203565,858469296900918,0.6560313,2.9114382,10.017646
1542101203585,858469317067551,0.7326481,2.588211,9.316123
1542101203606,858469337234517,1.1277034,2.300898,10.077502
1542101203625,858469357401150,1.7669748,2.3870919,10.424672
1542101203644,858469377567850,2.3128695,2.3679378,9.857229
1542101203666,858469397734516,2.083019,2.116539,9.325701
1542101203685,858469417901149,1.8100717,2.0399222,8.830086
1542101203705,858469438034515,1.6520497,2.2123098,8.056735
1542101203728,858469458134515,1.4533248,2.7318676,7.520417
1542101203744,858469478234515,1.462902,3.2179053,6.8428373
1542101203765,858469498334515,1.4006507,3.6225379,6.064698
1542101203786,858469518401148,1.1348863,3.7829542,6.196383
1542101203805,858469538468114,1.1085492,3.7757714,7.2953553
1542101203825,858469558534780,1.1348863,3.8523881,8.20518
1542101203846,858469578568080,1.1731946,3.8667538,8.837268
1542101203865,858469598601446,1.2665714,3.8906965,8.980925
1542101203885,858469618634746,1.2665714,3.9170337,9.050359
1542101203907,858469638668079,1.211503,3.7326744,9.098245
1542101203926,858469658668079,1.1947432,3.5866237,9.091062
1542101203945,858469678668179,1.3000913,3.4429672,9.562734
1542101203966,858469698668212,1.2522057,3.493247,10.611426
1542101203985,858469718668212,1.0870007,4.271386,11.233937
1542101204005,858469738668178,1.3407938,4.173221,9.63935
1542101204043,858469758668811,2.3942747,3.040729,9.828498
1542101204047,858469778668777,2.5068057,1.5538844,12.280235
1542101204065,858469798668810,2.4158232,0.42618093,14.992949
1542101204086,858469818668776,2.4277947,0.4956149,14.449449
1542101204104,858469838668776,2.6432793,1.1899546,12.541211
1542101204125,858469858668776,2.6121538,1.9752767,9.785401
1542101204146,858469878668776,2.1045675,2.3894863,7.7861814
1542101204165,858469898668776,1.7573977,2.640885,7.2163444
1542101204185,858469918668809,1.7262721,2.9377751,7.3169036
1542101204206,858469938668775,1.4221992,3.1173458,7.0128307
1542101204226,858469958668808,1.0319325,3.1963568,6.742278
1542101204245,858469978668774,0.5913859,3.2921278,6.7255177
1542101204267,858469998668807,-0.40463245,3.0886145,6.6776323
1542101204285,858470018668807,-1.1564348,2.8946784,6.8907228
1542101204305,858470038668773,-1.0295382,3.294522,7.0080423
1542101204327,858470058668773,-0.39266106,4.0391417,7.719142
1542101204348,858470078668573,-0.47885495,4.3839173,8.200391
1542101204365,858470098668573,-0.70870537,4.4725056,7.963358
1542101204385,858470118668339,-0.8786988,4.592219,8.291373
1542101204405,858470138668305,-0.81165916,4.4461684,9.09585
1542101204424,858470158668338,-0.63208854,4.400677,10.015251
1542101204447,858470178668338,-0.56744313,4.45814,10.951413
1542101204465,858470198668304,-0.5818088,4.2665977,11.389565
1542101204488,858470218668337,-0.6703969,4.678413,12.196436
1542101204506,858470238668337,-0.28013015,4.786155,11.063944
1542101204527,858470258668337,0.38787252,4.443774,10.395941
1542101204546,858470278668370,-0.09577099,3.5315554,11.564347
1542101204600,858470298668336,-1.1348863,2.5594797,12.457412
1542101204600,858470318668369,-1.8172545,2.5235655,10.575512
1542101204604,858470338668369,-1.6448668,2.631308,8.786988
1542101204627,858470358668335,-0.94573855,1.6807809,9.007262
1542101204645,858470378668368,0.014365649,1.0989721,12.198831
1542101204664,858470398668334,0.79250497,0.7206767,14.41114
1542101204689,858470418668334,1.0127783,1.1133378,12.220379
1542101204704,858470438668334,1.2330515,1.6759924,9.991309
1542101204728,858470458701400,1.132492,2.3368123,8.504464
1542101204747,858470478734766,1.2785428,2.9473522,7.4366174
1542101204765,858470498768099,1.4078336,3.5171897,6.4429936
1542101204784,858470518801399,1.2162915,4.0128045,5.4134555
1542101204806,858470538834765,0.9433443,4.2187123,4.786155
1542101204826,858470558868065,0.87630457,4.288146,5.305713
1542101204845,858470578901431,0.84278476,4.2665977,6.5363703
1542101204866,858470598934731,0.5794145,4.189981,7.439012
1542101204886,858470618968064,0.43815228,4.022382,8.341654
1542101204906,858470639001397,0.42378664,4.168432,9.201198
1542101204927,858470659034730,0.679974,3.938582,10.486923
1542101204945,858470679068263,1.1636176,3.9146392,10.202005
1542101204965,858470699101629,1.0343267,4.0319586,9.941029
1542101204988,858470719135195,0.88109314,4.1325183,10.527626
1542101205006,858470739168561,0.7685622,5.0423427,10.527626
1542101205042,858470759235194,1.3383996,5.2243075,8.964165
1542101205050,858470779301894,2.4062462,4.5874305,9.411894
1542101205066,858470799368560,2.8635526,3.318465,11.820535
1542101205087,858470819468526,2.5762396,2.3032923,14.473392
1542101205110,858470839568526,2.5810282,2.7917244,13.218791
1542101205127,858470859668526,2.779753,3.572258,10.800573
1542101205147,858470879768492,2.6217308,3.799714,9.031204
1542101205170,858470899868525,2.004008,3.9074564,7.9178667
1542101205188,858470919968491,1.9010541,3.8021083,8.159689
1542101205208,858470940068524,1.8531687,3.7230973,7.9777236
1542101205228,858470960168524,1.3264283,3.634509,6.893117
1542101205248,858470980268490,0.5506832,3.572258,5.9186473
1542101205268,858471000401856,-0.19154198,3.4812756,5.6768255
1542101205289,858471020534989,-0.9074302,3.2011454,6.0694866
1542101205308,858471040668322,-1.0439038,3.3328304,6.2682114
1542101205330,858471060801922,-0.56744313,3.912245,6.2155375
1542101205352,858471080935488,-0.2466103,4.4246197,6.9745226
1542101205370,858471101068854,-0.3328042,4.5467277,8.016032
1542101205389,858471121201554,-0.4836435,4.577853,8.686429
1542101205411,858471141334854,-0.7110996,4.582642,8.537984
1542101205430,858471161468220,-0.89545876,4.6544704,8.547561
1542101205449,858471181601520,-0.8643332,4.6736245,9.308941
1542101205471,858471201734886,-0.7733508,4.5946136,10.357633
1542101205490,858471221868219,-0.38547826,4.5898247,11.198023
1542101205510,858471242001552,-0.6608198,5.4852834,12.359246
1542101205533,858471262134918,-0.4764607,5.3799353,10.683254
1542101205550,858471282268251,-0.32562137,4.8723493,10.934653
1542101205573,858471302434884,-1.1109436,3.6895776,12.040808
1542101205594,858471322634917,-1.7741576,2.9210153,11.260275
1542101205610,858471342834883,-1.9489397,2.9138324,9.419077
1542101205631,858471363001583,-0.9984126,2.5427198,8.492493
1542101205652,858471383168216,0.11253092,2.0518935,11.55477
1542101205670,858471403334916,0.8667275,1.4509305,13.170906
1542101205691,858471423467982,1.1468576,1.5036045,11.296188
1542101205713,858471443601315,1.4700848,1.8340145,9.019233
1542101205731,858471463734648,1.3431882,1.9034485,8.530801
1542101205752,858471483867981,1.0846065,2.1835787,8.605023
1542101205775,858471504034614,1.0127783,2.7366562,7.903501
1542101205793,858471524201314,1.1947432,3.1748085,6.804529
1542101205813,858471544367947,1.2953026,3.7781656,5.4852834
1542101205836,858471564567980,1.1133378,4.338426,4.98488
1542101205854,858471584767980,1.0199611,4.3671575,5.9042816
1542101205873,858471604934613,1.0534809,4.3240604,7.1301503
1542101205895,858471625101513,1.0989721,4.233078,8.473338
1542101205912,858471645268179,1.0558752,4.1516724,9.09585
1542101205934,858471665401512,1.1684061,4.3192716,9.158101
1542101205955,858471685567912,1.0510867,4.206741,9.5794935
1542101205975,858471705767878,0.7637737,3.8260512,10.427067
1542101205996,858471726001878,0.88588166,3.5842295,10.970567
1542101206064,858471746235211,0.7901107,3.7398572,11.9402485
1542101206064,858471766468511,0.62251145,4.3001175,11.55477
1542101206064,858471786735211,1.5083932,3.7829542,10.666494
1542101206081,858471807035177,2.4493432,2.9952378,11.628993
1542101206098,858471827335210,2.403852,2.152453,13.125415
1542101206120,858471847635210,2.0878077,1.7238779,13.022461
1542101206140,858471867935176,2.2458298,2.1309047,11.648147
1542101206159,858471888235176,2.300898,2.403852,10.321719
1542101206179,858471908501842,1.6161355,2.4254005,9.033599
1542101206200,858471928735142,1.2091088,2.4445546,8.540379
1542101206219,858471948968475,1.1875603,2.7246847,8.631361
1542101206240,858471969201775,1.1420691,3.189174,8.140534
1542101206262,858471989435141,0.7446195,3.3831103,6.88354
1542101206280,858472009668441,-0.2944958,3.4142358,6.1628633
1542101206299,858472029902074,-0.90024734,3.2825508,6.0311785
1542101206320,858472050135407,-1.1899546,3.1748085,6.167652
1542101206338,858472070368473,-1.5107874,3.2107224,6.366377
1542101206360,858472090601839,-1.5706443,3.4908526,6.759038
1542101206382,858472110801839,-1.2186859,3.8212626,7.1732473
1542101206398,858472131001805,-1.1157321,4.0104103,7.623371
1542101206418,858472151201838,-1.2593886,3.9792848,8.142929
1542101206440,858472171368471,-1.498816,3.668029,8.684034
1542101206458,858472191535171,-1.4150164,3.6440864,9.517242
1542101206478,858472211701837,-1.23784,3.5507095,10.3193245
1542101206499,858472231868470,-1.0534809,3.440573,11.104647
1542101206518,858472252035170,-1.0965779,4.1588554,12.450229
1542101206539,858472272201836,-0.87630457,4.608979,11.62181
1542101206558,858472292334902,-0.18196489,3.9194279,12.138973
1542101206579,858472312434902,-0.4070267,2.7390504,14.533248
1542101206599,858472332501535,-0.7326481,2.1620302,14.602682
1542101206620,858472352568235,-0.5770202,2.5858169,11.092675
1542101206641,858472372668235,0.0023942748,2.3679378,9.73991
1542101206664,858472392768201,0.56744313,1.9130256,11.643358
1542101206682,858472412834901,0.93616146,1.5299416,12.787822
1542101206701,858472432901534,1.0917894,1.6999351,11.382382
1542101206722,858472452968234,1.1372806,2.0087965,8.976136
1542101206744,858472473034900,0.9313729,2.2194927,7.2762012
1542101206761,858472493101566,0.37590113,2.2745612,7.0319853
1542101206787,858472513168232,0.22027329,2.2434354,7.474926
1542101206802,858472533234898,0.68236834,2.4541316,7.7861814
1542101206820,858472553301564,0.7685622,2.8779182,7.249864
1542101206841,858472573368264,0.48843205,3.2250881,6.881146
1542101206863,858472593434897,0.40223816,3.5914123,6.6584783
1542101206881,858472613501597,0.45491222,3.790137,6.8332605
1542101206900,858472633568230,0.46927786,4.0367475,7.2187386
1542101206922,858472653634896,0.45251793,4.087027,8.159689
1542101206941,858472673701829,0.6273,4.1564612,8.71516
1542101206960,858472693768462,0.82123625,4.1253357,8.921068
1542101206982,858472713835128,0.72546524,3.675212,9.471751
1542101207001,858472733901794,0.53392327,3.1125572,10.666494
1542101207043,858472753968427,0.15323359,3.0886145,11.887574
1542101207043,858472774035127,-0.062251143,4.0798445,10.422278
1542101207060,858472794101760,0.7805336,4.130124,9.397529
1542101207081,858472814168460,1.7478206,3.6967604,10.716774
1542101207102,858472834235126,1.8364087,2.8084843,12.955421
1542101207120,858472854301759,1.89866,2.971295,13.240339
1542101207139,858472874368192,1.838803,3.4046588,10.771842
1542101207163,858472894435125,2.3032923,3.4142358,9.213169
1542101207181,858472914501791,2.403852,3.215511,9.246689
1542101207202,858472934568491,1.8292259,3.0000262,9.541185
1542101207223,858472954635124,1.5036045,3.0048149,8.93304
1542101207241,858472974668490,1.2210802,2.9928436,8.20518
1542101207260,858472994668490,0.7637737,2.8994668,7.597034
1542101207282,858473014668456,0.14605077,3.0550947,7.233104
1542101207301,858473034668489,-0.24182175,3.1748085,6.9721284
1542101207320,858473054668455,-0.20111908,3.476487,6.3400397
1542101207342,858473074668955,-0.083799616,4.0295644,6.098218
1542101207358,858473094668355,0.30167863,4.415043,5.8851275
1542101207381,858473114668355,0.0,4.575459,6.481302
1542101207402,858473134668388,-0.45730647,4.443774,7.515629
1542101207420,858473154668388,-0.68236834,4.4629283,8.186026
1542101207442,858473174701688,-0.7206767,4.3623686,8.796566
1542101207466,858473194768388,-0.84039044,4.2115293,9.397529
1542101207483,858473214868354,-0.79250497,4.233078,10.134965
1542101207503,858473234968387,-0.50040346,4.477294,10.858036
1542101207524,858473255068387,-0.49082634,4.8148866,11.6649065
1542101207543,858473275168387,-1.0032011,5.6768255,11.662513
1542101207563,858473295268120,-0.6392714,5.06868,10.302565
1542101207586,858473315368120,-0.57462597,4.3791285,12.019259
1542101207602,858473335468120,-1.2306572,3.1269228,13.513287
1542101207622,858473355568153,-1.9824595,2.343995,12.13179
1542101207646,858473375668119,-2.4421604,2.2458298,9.399923
1542101207664,858473395768152,-1.6855695,1.6927522,8.447001
1542101207683,858473415868118,-1.063058,1.0702409,9.960183
1542101207706,858473435968151,-0.13168511,0.6751855,12.184464
1542101207723,858473456068151,0.41181526,0.8834874,11.863631
1542101207745,858473476168117,0.8092649,1.3791022,9.665688
1542101207765,858473496268117,1.1277034,1.7382435,8.011244
1542101207783,858473516368117,0.9768641,2.0231621,7.987301
1542101207804,858473536468083,0.7901107,2.2865324,8.712766
1542101207825,858473556568116,1.1396748,2.7941186,8.0687065
1542101207844,858473576668082,1.3671309,3.2274826,7.058322
1542101207866,858473596768115,1.1372806,3.605778,6.280183
1542101207886,858473616868115,1.0534809,3.8906965,6.1987777
1542101207904,858473636968081,1.0558752,4.1756153,6.2155375
1542101207924,858473657068114,1.0774237,4.3168774,6.5220046
1542101207944,858473677167614,1.0079896,4.0918155,7.2618356
1542101207963,858473697268214,0.90503585,3.8643596,8.159689
1542101207984,858473717401547,0.90982443,3.694366,9.222747
1542101208006,858473737568180,0.9217958,3.1341057,9.828498
1542101208030,858473757768213,0.94095,2.8156672,10.412702
1542101208048,858473777934879,0.7398309,3.1987512,11.272245
1542101208070,858473798068179,0.6392714,3.9361877,10.24989
1542101208087,858473818201545,1.7286664,3.2705793,10.31693
1542101208109,858473838368178,3.0239692,1.9297855,12.263475
1542101208130,858473858534878,3.1388943,0.7206767,15.790242
1542101208149,858473878701544,2.648068,1.324034,14.672116
1542101208168,858473898868477,2.6025767,2.4277947,11.104647
1542101208189,858473919035143,2.7989073,3.4262073,8.147717
1542101208207,858473939201809,2.8683412,3.6871831,6.821289
1542101208229,858473959368442,2.1332989,3.684789,6.201172
1542101208252,858473979535142,1.8795058,3.2250881,8.260248
1542101208267,858473999701775,3.8763309,4.7693954,8.45179
1542101208387,858474019868475,3.7638,5.0040345,8.540379
1542101208387,858474040035108,2.9928436,4.07745,7.14691
1542101208387,858474060201808,1.908237,4.242655,7.1660647
1542101208387,858474080368741,0.6153286,3.15326,7.616188
1542101208387,858474100535407,-0.05027977,3.294522,7.067899
1542101208387,858474120701473,0.05985687,3.9194279,6.6249585
1542101208407,858474140867873,0.29928434,4.70475,6.349617
1542101208430,858474161034506,0.5698374,5.4134555,6.9218483
1542101208450,858474181201206,0.1987248,4.577853,9.012051
1542101208468,858474201367839,-0.10774237,3.8978794,10.886767
1542101208489,858474221534539,0.19633053,4.371946,10.360027
1542101208509,858474241734539,0.4285752,4.8124924,9.490906
1542101208530,858474261934505,0.5363176,5.1644506,10.225947
1542101208553,858474282134538,0.36632404,4.879532,12.433469
1542101208570,858474302334538,0.40223816,5.025583,11.782227
1542101208589,858474322501204,0.7948992,4.453351,10.726351
1542101208610,858474342634537,1.2522057,3.7781656,12.086299
1542101208631,858474362767837,0.53392327,3.0263634,13.348082
1542101208654,858474382934537,-0.81165916,2.6073654,11.198023
1542101208673,858474403100937,-1.297697,2.6121538,8.346442
1542101208691,858474423234237,-1.0439038,2.2530127,7.5683026
1542101208712,858474443334270,-0.33519846,1.3791022,8.46855
1542101208733,858474463434236,-0.23463893,0.74222517,10.07032
1542101208752,858474483534269,-0.071828246,0.41420954,11.183658
1542101208771,858474503634269,0.74701375,0.6895511,10.611426
1542101208793,858474523734269,1.0822122,1.4485363,10.1206
1542101208810,858474543834269,0.8786988,1.3383996,9.694419
1542101208832,858474563934269,0.36392978,1.2761484,9.031204
1542101208853,858474584034235,0.41420954,1.6281068,8.1549
1542101208872,858474604134268,0.7541966,2.152453,7.57788
1542101208890,858474624234234,1.1827718,2.4876516,7.563514
1542101208915,858474644334267,1.3527653,2.6552508,7.9968777
1542101208932,858474664434233,1.2641771,2.7582045,7.8747697
1542101208951,858474684534233,1.089395,2.7677817,7.805336
1542101208972,858474704634233,1.2617828,2.925804,7.8795586
1542101208990,858474724734833,1.4126221,3.1173458,7.84125
1542101209067,858474744835099,1.3216397,3.1460772,8.298556
1542101209067,858474764935099,1.1971374,2.7486274,9.06233
1542101209067,858474785035065,0.967287,2.753416,10.089474
1542101209072,858474805135098,0.8332076,3.4094474,9.912297
1542101209094,858474825235064,1.4509305,3.1915684,9.507666
1542101209110,858474845301764,2.5235655,2.6767993,10.901134
1542101209132,858474865368430,2.779753,1.8364087,13.738349
1542101209155,858474885435063,2.4589202,1.4844503,15.091114
1542101209172,858474905501763,2.7821474,2.0087965,13.7814455
1542101209191,858474925568429,3.8619652,2.4493432,12.706416
1542101209214,858474945635095,3.8236568,2.5834224,11.966585
1542101209276,858474965668461,3.3232534,2.4469488,11.169292
1542101209276,858474985668427,3.1077688,2.423006,10.35045
1542101209276,858475005668727,2.6959534,2.6265194,8.849239
1542101209291,858475025668727,2.1332989,2.8707354,7.099025
1542101209310,858475045668693,1.2785428,3.162837,5.401484
1542101209333,858475065668726,0.38308397,3.3759274,4.4677167
1542101209350,858475085668092,-0.34477556,3.519584,4.563488
1542101209371,858475105667825,-0.8547561,3.6800003,5.279376
1542101209392,858475125667491,-1.2306572,3.694366,6.091035
1542101209410,858475145666891,-1.5467016,3.7111259,6.897906
1542101209430,858475165666324,-1.8842943,3.7230973,7.726325
1542101209452,858475185666324,-2.1380875,3.6177492,8.494887
1542101209471,858475205666290,-2.19555,3.5435266,9.320911
1542101209490,858475225666323,-2.030345,3.727886,10.0200405
1542101209513,858475245666289,-1.7717633,4.0367475,10.259467
1542101209532,858475265666322,-1.6185298,4.170827,10.726351
1542101209553,858475285666322,-1.6089526,4.6903844,11.535616
1542101209573,858475305666322,-1.359948,5.212336,10.556357
1542101209592,858475325666355,-0.13647367,4.695173,11.327314
1542101209611,858475345666355,0.3998439,3.9768906,13.743137
1542101209633,858475365666355,-0.6296943,2.667222,14.231569
1542101209654,858475385699721,-1.8316202,2.6073654,11.10704
1542101209673,858475405766354,-1.6328955,2.8827069,9.040782
1542101209695,858475425833054,-0.22266756,2.7031362,9.684841
1542101209713,858475445899687,0.045491222,1.9393626,11.379988
1542101209733,858475465966387,-0.098165266,1.2881198,12.287418
1542101209755,858475486033053,0.24900457,1.594587,10.822123
1542101209772,858475506099686,0.71588814,2.185973,8.985713
1542101209792,858475526166352,1.0582695,2.7869358,7.328875
1542101209815,858475546233018,0.84039044,3.1125572,6.3544054
1542101209834,858475566299651,0.71828246,3.1580484,6.3567996
1542101209855,858475586399684,0.80687064,3.4166303,6.179623
1542101209876,858475606499650,0.65124273,3.7422516,6.012024
1542101209894,858475626599683,0.4764607,3.9481592,6.2753944
1542101209915,858475646733016,0.6105401,4.084633,6.91706
1542101209937,858475666899649,0.72785956,4.314483,7.6688623
1542101209957,858475687066949,0.99362403,4.4653225,8.473338
1542101209976,858475707233882,1.1277034,4.338426,8.801354
1542101209999,858475727434215,1.063058,4.364763,8.652909
1542101210052,858475747668148,1.1277034,4.0918155,8.89952
1542101210052,858475767935381,1.0606637,4.0032277,9.160496
1542101210062,858475788202081,0.3974496,4.9441776,9.5794935
1542101210079,858475808468747,0.54350036,5.130931,8.499676
1542101210099,858475828768713,2.0279508,4.563488,8.803748
1542101210122,858475849102079,2.5379312,3.1029801,12.423892
1542101210141,858475869435379,2.7486274,1.8795058,15.0719595
1542101210161,858475889768745,2.6241252,2.073442,14.557191
1542101210183,858475910102078,3.1580484,3.2993107,11.645753
1542101210201,858475930435378,2.82285,3.6991546,9.387952
1542101210221,858475950768711,2.1117504,3.4357843,8.0926485
1542101210244,858475971102044,1.9920366,3.2610023,8.095043
1542101210261,858475991402010,2.099779,3.4262073,8.174054
1542101210280,858476011668676,1.5610672,3.4525442,7.4701376
1542101210303,858476031935309,0.67757976,3.5507095,6.1652575
1542101210321,858476052202009,-0.011971374,3.7518287,5.5355635
1542101210341,858476072468375,-0.4764607,3.9146392,5.5379577
1542101210364,858476092735075,-0.845179,3.9936504,6.038361
1542101210381,858476113001741,-0.9984126,4.1420956,6.2538457
1542101210402,858476133268407,-0.8092649,4.450957,6.6632667
1542101210423,858476153535107,-0.5985687,4.6544704,7.580274
1542101210441,858476173801773,-0.5219519,4.5491223,8.7534685
1542101210462,858476194035073,-0.6464542,4.5060253,9.897932
1542101210482,858476214268439,-0.6656084,4.4916596,9.811738
1542101210502,858476234501739,-0.5865973,4.5467277,10.032011
1542101210522,858476254701772,-0.5698374,4.3192716,10.898739
1542101210544,858476274901772,-0.6177229,4.1612496,12.689656
1542101210563,858476295101738,-0.4644893,4.7622128,12.581914
1542101210583,858476315301771,0.18914771,4.7693954,10.623397
1542101210605,858476335468437,-0.54828894,4.278569,10.688043
1542101210624,858476355601770,-1.8172545,3.0790374,11.212389
1542101210644,858476375735103,-2.6959534,2.7031362,10.185245
1542101210668,858476395901736,-2.0279508,2.4637089,8.988108
1542101210686,858476416068436,-0.56744313,1.7933118,10.443827
1542101210704,858476436201769,0.16520496,0.85954463,13.685675
1542101210727,858476456335069,0.48124924,-0.038308397,14.01369
1542101210745,858476476468435,0.888276,0.5411061,11.408719
1542101210765,858476496601735,1.7573977,1.4269878,8.712766
1542101210787,858476516735101,1.9633054,2.17879,7.9154725
1542101210808,858476536868434,1.6759924,2.3775148,7.692805
1542101210827,858476557001767,1.4964218,2.5307484,7.8101244
1542101210847,858476577135100,1.611347,2.6983478,7.1493044
1542101210865,858476597268433,1.5730386,3.050306,6.7135468
1542101210885,858476617401766,1.6807809,3.2729738,6.4597535
1542101210906,858476637535099,1.7909175,3.5387383,6.4525704
1542101210925,858476657668399,1.7933118,3.5842295,6.9098773
1542101210944,858476677802032,1.6712039,3.512401,7.1301503
1542101210967,858476697935332,1.6352897,3.6560576,7.3767605
1542101210985,858476718068698,1.6185298,3.7542229,7.4102807
1542101211004,858476738202031,1.5897985,3.8021083,7.6688623
1542101211027,858476758335331,1.9465454,3.8116856,8.806143
1542101211045,858476778468664,1.7095122,4.331243,10.240314
1542101211066,858476798601997,1.6065584,4.9537544,9.665688
1542101211087,858476818735297,3.344802,4.242655,8.913885
1542101211106,858476838868663,4.348003,2.6001825,10.903527
1542101211124,858476859001963,3.921822,0.19393626,17.066391
1542101211147,858476879101996,3.605778,-0.25139886,18.649006
1542101211165,858476899201996,4.113364,1.5083932,15.083931
1542101211185,858476919301962,4.166038,2.4684973,10.838882
1542101211207,858476939401995,3.5435266,2.9521408,8.260248
1542101211225,858476959501995,3.3112822,3.162837,8.028004
1542101211245,858476979568661,3.2250881,3.1053743,8.004061
1542101211268,858476999601994,2.8348215,3.1053743,7.0702934
1542101211286,858477019635294,2.6121538,3.0886145,5.952167
1542101211305,858477039668660,1.9800652,3.0239692,5.183605
1542101211328,858477059668660,0.9337672,2.8084843,5.2147307
1542101211344,858477079668026,0.15802214,2.6528566,5.3895125
1542101211368,858477099668059,-0.6081458,2.6815877,5.734288
1542101211388,858477119667792,-0.8834874,2.770176,6.4501762
1542101211403,858477139667225,-1.063058,2.7294734,7.5874567
1542101211423,858477159666625,-1.23784,2.7031362,8.514041
1542101211446,858477179666625,-1.6951466,2.7582045,8.89952
1542101211466,858477199666658,-1.9992194,2.7031362,8.91628
1542101211487,858477219666658,-1.786129,2.8156672,9.778218
1542101211507,858477239666658,-1.7909175,2.7246847,10.829305
1542101211525,858477259700024,-1.6855695,2.82285,11.569136
1542101211546,858477279733324,-0.9217958,2.8946784,10.79818
1542101211568,858477299766690,0.43575802,2.3392065,11.763072
1542101211585,858477319799990,0.41420954,0.71588814,16.15896
1542101211606,858477339833323,0.30167863,-0.9313729,19.58038
1542101211627,858477359866389,0.3519584,-0.45970076,16.733587
1542101211646,858477379899722,0.7326481,0.7637737,11.09507
1542101211667,858477399933055,1.1827718,1.0462981,8.324894
1542101211689,858477419966388,1.89866,0.014365649,9.797373
1542101211708,858477440033021,2.4206119,-0.33519846,11.657724
1542101211728,858477460099721,2.6552508,-0.1340794,12.565154
1542101211749,858477480166354,3.100586,0.16041641,11.147743
1542101211769,858477500266387,3.1365,0.72546524,8.844451
1542101211790,858477520399720,2.6001825,1.1947432,7.7694216
1542101211810,858477540533020,2.430189,1.5538844,6.8428373
1542101211829,858477560666386,2.482863,2.135693,5.94259
1542101211851,858477580833052,2.727079,2.8396099,4.5419393
1542101211872,858477600999718,2.5570855,3.1460772,4.087027
1542101211888,858477621165784,2.1117504,2.885101,4.9417834
1542101211910,858477641332417,1.9752767,2.169213,6.629747
1542101211933,858477661499117,1.9728824,1.9130256,8.140534
1542101211957,858477681666383,1.9800652,1.5227587,9.182044
1542101211972,858477701833016,1.786129,1.1516461,10.0200405
1542101211991,858477721999949,1.5371244,0.9481328,10.379181
1542101212011,858477742167182,1.6520497,0.9289786,10.714379
1542101212090,858477762334482,2.0159793,1.0846065,10.934653
1542101212090,858477782501148,1.7933118,1.5059988,11.248303
1542101212090,858477802667781,1.1636176,1.838803,10.769448
1542101212093,858477822834481,1.3144568,2.0327394,10.379181
1542101212115,858477843001147,2.221887,1.4581133,10.688043
1542101212130,858477863134447,2.9329867,0.4932206,12.251504
1542101212149,858477883267547,2.6791935,-0.6057515,14.497334
1542101212173,858477903400847,2.5594797,-1.3168511,16.053612
1542101212189,858477923534213,2.6097596,-0.9122187,15.325753
1542101212212,858477943667546,2.6648278,0.11013664,13.094289
1542101212233,858477963801146,2.5044115,0.84039044,11.2794285
1542101212252,858477983934479,2.5020173,1.5897985,9.876384
1542101212272,858478004067812,2.5187771,2.4684973,7.822096
1542101212293,858478024201145,2.3679378,3.2538195,5.3033185
1542101212312,858478044301178,2.1237218,3.5147953,3.869148
1542101212330,858478064401144,1.6328955,3.440573,3.5985951
1542101212350,858478084500577,1.0702409,3.057489,4.268992
1542101212369,858478104567710,0.6201172,2.6720107,5.3248672
1542101212393,858478124601076,0.047885496,2.5211713,5.889916
1542101212412,858478144634409,-0.22745611,2.5235655,6.0431495
1542101212430,858478164667709,-0.4668836,2.6767993,6.4932733
1542101212451,858478184667709,-0.8379962,2.7079248,8.023215
1542101212473,858478204667709,-1.0941836,2.9377751,9.431048
1542101212491,858478224668309,-1.1396748,3.1317115,10.182851
1542101212510,858478244668342,-1.1181264,3.318465,10.7048025
1542101212533,858478264701642,-0.9624985,3.4525442,11.607444
1542101212551,858478284735008,-0.5147691,3.8715425,12.476566
1542101212572,858478304768341,0.2777359,4.350397,12.342486
1542101212592,858478324801641,0.6440599,4.09421,12.481355
1542101212610,858478344835007,0.2944958,2.7390504,14.590711
1542101212631,858478364868307,0.1987248,1.3575538,16.721615
1542101212653,858478384934973,0.32562137,1.2665714,14.65775
1542101212673,858478405034973,0.52674043,1.211503,12.059962
1542101212693,858478425134939,0.6392714,0.4644893,12.019259
1542101212714,858478445234972,0.80687064,-0.14126222,12.088694
1542101212733,858478465334705,1.1133378,-0.11013664,11.772649
1542101212753,858478485434938,1.5443072,0.26097596,10.850853
1542101212775,858478505534971,1.934574,0.84996754,9.615408
1542101212794,858478525668271,2.0183737,1.359948,8.540379
1542101212815,858478545834971,2.2027328,1.8292259,7.0152254
1542101212837,858478566001637,2.4014575,2.4876516,5.547535
1542101212854,858478586168303,2.291321,2.9210153,4.601796
1542101212877,858478606368303,2.19555,3.3424077,4.1588554
1542101212899,858478626601636,2.1979442,3.3424077,4.3192716
1542101212917,858478646834936,1.9321798,3.040729,5.097411
1542101212936,858478667068269,1.5323359,2.8994668,6.014418
1542101212958,858478687302169,1.3623424,2.6121538,6.6632667
1542101212979,858478707535035,1.2234744,2.423006,7.290567
1542101212997,858478727768335,1.201926,2.413429,7.9394155
1542101213036,858478748001701,1.1229149,2.1285102,8.851634
1542101213039,858478768235034,1.1947432,1.8292259,9.77343
1542101213057,858478788468367,0.76137936,1.9441512,11.138166
1542101213080,858478808701733,0.42139238,2.2889266,11.116618
1542101213098,858478828935066,1.350371,2.257801,10.144543
1542101213117,858478849168366,2.7414446,1.3024855,11.490125
1542101213139,858478869368399,2.5546913,-0.15323359,15.874042
1542101213158,858478889568365,2.2242813,-0.7781393,17.44708
1542101213178,858478909768398,2.944958,0.43096948,15.5436325
1542101213199,858478929968398,3.2179053,1.5706443,12.347275
1542101213218,858478950168364,2.9641123,2.0447106,10.077502
1542101213238,858478970368397,2.727079,2.5092,8.959376
1542101213260,858478990535063,3.0239692,3.1149516,8.332076
1542101213278,858479010668396,3.3735332,3.6656346,7.4797144
1542101213298,858479030801729,3.0910087,3.8571768,6.7039695
1542101213320,858479050935029,2.3152637,3.6871831,5.7797794
1542101213337,858479071068329,1.6831752,3.668029,4.8364353
1542101213357,858479091201062,1.2091088,3.8045027,4.2809634
1542101213380,858479111334362,0.90024734,3.9002736,4.355186
1542101213399,858479131434395,0.5698374,3.7949257,4.972909
1542101213417,858479151500761,0.08140534,3.7326744,5.95935
1542101213439,858479171567461,-0.20351335,3.6464806,6.9074826
1542101213458,858479191634127,-0.38787252,3.4022646,8.147717
1542101213478,858479211667460,-0.7901107,3.0431232,9.763853
1542101213499,858479231667493,-1.2306572,2.52596,11.427874
1542101213518,858479251700826,-1.4868447,2.4972286,12.476566
1542101213539,858479271733892,-1.0702409,2.7653873,13.240339
1542101213559,858479291767258,-0.88588166,3.5267668,13.96341
1542101213579,858479311800558,-0.5818088,3.962525,12.474172
1542101213598,858479331833924,-0.6440599,3.6560576,12.33291
1542101213619,858479351867224,-1.1684061,2.2985039,14.77507
1542101213639,858479371900557,-1.1420691,1.7143008,14.480574
1542101213658,858479391933890,-0.6273,2.0949905,12.043202
1542101213680,858479411966923,-0.29689008,1.5993756,11.9713745
1542101213700,858479432033589,-0.28013015,0.6344828,12.560366
1542101213720,858479452133589,-0.1340794,-0.035914123,11.842083
1542101213742,858479472233555,0.4644893,-0.15323359,10.269045
1542101213760,858479492333588,1.3575538,0.11253092,9.510059
1542101213781,858479512433554,1.8555629,0.50040346,9.668081
1542101213801,858479532533587,1.8483802,0.6656084,9.4095
1542101213820,858479552633587,1.8819,0.87630457,8.0375805
1542101213840,858479572733553,2.185973,1.4485363,6.675238
1542101213861,858479592833586,2.535537,1.9968252,5.7199225
1542101213881,858479612966919,2.5427198,2.0925963,5.5571117
1542101213902,858479633133585,2.4349775,2.17879,5.1045938
1542101213925,858479653333585,2.4158232,2.317658,5.0591025
1542101213944,858479673533885,2.4517374,2.432583,5.200365
1542101213964,858479693734518,2.0782306,2.317658,5.7582307
1542101213987,858479713967851,1.7047237,2.135693,6.797346
1542101214005,858479734234484,1.4605076,1.8579572,8.169266
1542101214079,858479754534784,1.4317763,1.7454263,9.4095
1542101214079,858479774834750,1.2402344,1.977671,10.424672
1542101214079,858479795134783,0.72546524,2.5092,10.431855
1542101214087,858479815468116,0.9696813,2.6025767,10.015251
1542101214110,858479835834782,2.1500587,1.5921928,11.162109
1542101214127,858479856168115,2.152453,0.28013015,14.245935
1542101214148,858479876501448,1.3791022,-0.86912173,17.593132
1542101214169,858479896834748,1.7238779,-0.42618093,17.494967
1542101214188,858479917168081,2.7055306,0.888276,14.660145
1542101214209,858479937501381,2.7917244,1.4772675,12.103059
1542101214231,858479957868081,2.473286,1.759792,10.793391
1542101214250,858479978234747,2.5906053,2.1476645,9.646533
1542101214269,858479998601447,2.8252442,2.8372157,7.5515428
1542101214292,858480018968380,2.604971,3.3088877,5.604997
1542101214309,858480039301713,2.308081,3.459727,4.3863115
1542101214329,858480059601746,1.7645805,3.5315554,3.799714
1542101214349,858480079902246,1.2354459,3.4238129,4.1516724
1542101214368,858480100201946,0.63208854,3.3328304,4.9417834
1542101214388,858480120501679,-0.052674048,3.3950818,5.5116205
1542101214410,858480140801645,-0.5889916,3.2466366,6.0670924
1542101214428,858480161101678,-1.2785428,2.8563697,7.850827
1542101214449,858480181401678,-1.6783867,2.3918805,9.318518
1542101214471,858480201701644,-2.2194927,2.2099156,9.981731
1542101214490,858480221968344,-2.19555,2.1237218,10.446221
1542101214511,858480242201677,-2.0590763,2.0590763,11.049579
1542101214531,858480262401677,-1.7095122,1.8675344,12.112637
1542101214550,858480282601677,-1.4796618,1.934574,13.937074
1542101214571,858480302834977,-0.9505271,2.3248408,14.047211
1542101214595,858480323068343,-0.6464542,2.3344178,13.506104
1542101214612,858480343268343,-1.2067145,1.1157321,15.3784275
1542101214633,858480363434976,-1.376708,0.11253092,16.826963
1542101214654,858480383635009,-0.68715686,0.8930645,13.352871
1542101214675,858480403868309,-0.06464542,1.2210802,10.386364
1542101214695,858480424068342,0.16281068,0.59378016,10.599455
1542101214715,858480444234975,0.40463245,-0.34716985,11.564347
1542101214735,858480464435008,0.31843856,-0.89545876,11.415902
1542101214754,858480484635008,0.80687064,-0.7685622,10.575512
1542101214776,858480504835008,1.201926,-0.48843205,9.893144
1542101214795,858480525035008,1.3982565,-0.18196489,9.428655
1542101214814,858480545235008,1.690358,0.29689008,8.298556
1542101214835,858480565401641,2.0016139,0.8356019,6.751855
1542101214854,858480585568341,2.2769554,1.376708,5.8420305
1542101214874,858480605734974,2.5858169,1.8220432,5.138114
1542101214897,858480625901674,2.3918805,2.030345,4.95136
1542101214915,858480646068340,2.1931558,2.030345,5.272193
1542101214934,858480666234973,2.0351336,2.0327394,5.751048
1542101214956,858480686401173,2.1189332,2.1548474,6.0335727
1542101214974,858480706568106,1.9489397,2.2242813,7.0511394
1542101214996,858480726735039,1.7047237,2.1620302,8.332076
1542101215015,858480746901705,1.7047237,1.960911,9.165284
1542101215039,858480767068205,1.5874043,1.8675344,9.890749
1542101215055,858480787234905,1.1444633,2.142876,10.609032
1542101215076,858480807401571,0.73743665,2.5092,10.0200405
1542101215096,858480827601537,0.8356019,2.516383,9.852441
1542101215115,858480847801570,1.0415095,0.8643332,11.645753
1542101215138,858480868001570,-0.05027977,-1.4269878,16.115864
1542101215156,858480888201603,-0.2657645,-1.733455,18.012129
1542101215177,858480908368269,0.50758624,-0.87630457,16.767107
1542101215198,858480928501569,1.1779832,0.5698374,13.496527
1542101215217,858480948634935,1.4293821,1.3743137,11.202812
1542101215236,858480968768268,2.047105,2.1189332,9.42626
1542101215284,858480988868234,2.944958,3.1245286,8.028004
1542101215284,858481008934934,3.3519847,3.9313993,7.024802
1542101215295,858481029001567,3.318465,4.4485626,5.854002
1542101215316,858481049068267,3.0455174,4.537151,5.011217
1542101215334,858481069101567,2.221887,4.3168774,4.7167215
1542101215357,858481089135167,1.3551595,4.000833,5.1812105
1542101215376,858481109168233,0.9577099,3.9098508,5.8755503
1542101215396,858481129201566,0.7781393,3.9098508,6.3735595
1542101215414,858481149234899,0.23224466,3.8356283,6.7231236
1542101215436,858481169268265,-0.51955765,3.7326744,7.4438004
1542101215457,858481189301565,-1.0917894,3.3256476,8.133351
1542101215476,858481209334931,-1.4820561,2.9329867,9.057542
1542101215498,858481229368231,-1.7430321,2.6001825,10.261862
1542101215517,858481249401597,-1.9297855,2.3344178,11.267457
1542101215538,858481269468263,-2.1835787,2.3583608,12.653743
1542101215558,858481289534896,-1.9465454,3.2897336,13.185271
1542101215578,858481309601562,-1.3431882,3.938582,11.712792
1542101215598,858481329668228,-1.6137413,3.014392,13.43667
1542101215618,858481349734894,-2.291321,1.7645805,16.094315
1542101215638,858481369801727,-2.2506182,1.7190893,14.662539
1542101215656,858481389868360,-1.8004947,2.473286,11.147743
1542101215680,858481409935060,-1.0439038,2.343995,10.067925
1542101215697,858481429968393,-0.6488485,1.515576,11.803775
1542101215772,858481450001693,-0.3232271,0.76616794,12.186859
1542101215772,858481470035059,0.32083282,0.39505535,10.632975
1542101215772,858481490068359,1.3383996,0.60335726,9.591465
1542101215777,858481510101692,1.2354459,0.4740664,9.486116
1542101215798,858481530135025,0.8571504,0.25858167,9.043176
1542101215817,858481550168325,1.0702409,0.55786604,8.133351
1542101215836,858481570201691,1.8507744,1.3168511,6.2945485
1542101215857,858481590235024,2.3344178,2.0494993,4.63771
1542101215876,858481610268324,2.0949905,2.4780743,4.1804037
1542101215897,858481630301690,2.1117504,2.6097596,4.292935
1542101215919,858481650334990,2.403852,2.8491871,4.6760187
1542101215937,858481670368356,2.3799093,2.7390504,5.5954204
1542101215956,858481690401689,1.9369683,2.4613144,6.998465
1542101215978,858481710435289,1.7310607,1.9656997,8.734315
1542101215998,858481730468655,1.5754328,1.733455,10.223554
1542101216016,858481750501988,1.4413534,1.6185298,11.1453495
1542101216066,858481770535288,1.2162915,1.776552,10.958596
1542101216066,858481790568654,0.5363176,2.2410412,11.087887
1542101216076,858481810601954,0.31125572,2.5211713,10.393547
1542101216099,858481830635320,0.9624985,2.185973,9.943423
1542101216117,858481850668620,1.5969813,0.9194015,11.961797
1542101216137,858481870668620,0.82123625,-0.32801566,15.091114
1542101216157,858481890668620,0.3998439,-1.1995317,16.850906
1542101216176,858481910668620,1.1229149,-0.071828246,14.892389
1542101216197,858481930668620,2.2338583,1.1899546,12.043202
1542101216219,858481950668653,2.3966691,1.951334,10.36721
1542101216237,858481970668619,2.3846977,2.3272352,9.419077
1542101216257,858481990668652,2.5139885,2.8372157,8.265037
1542101216278,858482010668618,2.6432793,3.4884584,6.6081986
1542101216297,858482030668651,2.3870919,3.7398572,5.3919067
1542101216317,858482050668651,1.7095122,3.79732,4.8148866
1542101216338,858482070668351,0.9217958,3.562681,5.095017
1542101216355,858482090667751,0.5650489,3.4022646,5.6457
1542101216377,858482110667751,0.14844504,3.407053,6.5459476
1542101216399,858482130667417,-0.098165266,3.1484714,7.393521
1542101216417,858482150667450,-0.5770202,2.892284,7.800547
1542101216436,858482170667416,-1.1277034,2.6001825,8.609812
1542101216458,858482190667449,-1.5036045,2.2793496,9.47654
1542101216477,858482210667449,-1.7454263,2.1141446,9.775824
1542101216499,858482230667415,-2.0279508,1.7406378,10.628186
1542101216518,858482250667448,-1.924997,1.4413534,11.856449
1542101216537,858482270667414,-1.403045,1.4557191,13.216397
1542101216558,858482290667414,-0.77574503,2.1117504,13.889188
1542101216578,858482310667447,-0.021548472,2.7031362,12.988941
1542101216597,858482330667413,-0.24421602,1.977671,14.380014
1542101216617,858482350667446,-0.95531565,0.7589851,16.958649
1542101216637,858482370667446,-0.74701375,0.45730647,15.69926
1542101216656,858482390667412,-0.14365649,1.5443072,11.516461
1542101216675,858482410667445,0.68236834,1.9728824,9.198804
1542101216697,858482430667411,0.9577099,1.0917894,11.188446
1542101216715,858482450667411,1.1492519,0.57462597,11.98574
1542101216737,858482470667411,1.1636176,0.24900457,10.5946665
1542101216758,858482490667411,1.1731946,0.2466103,9.337671
1542101216776,858482510667444,1.23784,0.35435268,8.650515
1542101216797,858482530667444,1.2857256,0.5865973,8.039975
1542101216818,858482550667410,1.376708,0.9122187,7.1301503
1542101216837,858482570667443,1.6807809,1.201926,6.0527267
1542101216856,858482590667409,1.7909175,1.5802214,5.6552773
1542101216877,858482610667442,1.9178141,1.8196489,5.3535986
1542101216899,858482630667408,1.8938714,1.9920366,5.5786605
1542101216916,858482650667408,1.9633054,2.1285102,5.6385174
1542101216937,858482670667674,1.9824595,2.2123098,5.89231
1542101216955,858482690668274,1.8316202,1.9489397,6.8428373
1542101216975,858482710668274,1.4198049,1.6664152,7.920261
1542101216998,858482730668640,1.1396748,1.350371,8.956982
1542101217016,858482750668606,1.1684061,1.2330515,9.60583
1542101217037,858482770668639,1.1803775,1.2426286,10.43425
1542101217057,858482790668605,0.7039168,1.7550035,10.690437
1542101217075,858482810668605,0.56744313,2.0183737,9.759064
1542101217098,858482830668605,0.6273,1.8627458,9.5794935
1542101217117,858482850668571,1.1684061,0.3232271,12.289813
1542101217136,858482870668571,0.77574503,-0.67757976,15.028863
1542101217156,858482890668571,0.5985687,-1.3288225,16.848513
1542101217178,858482910668537,1.185166,-0.26097596,14.969007
1542101217199,858482930668570,1.8819,0.6105401,12.426287
1542101217217,858482950668536,2.3751206,1.3383996,11.028029
1542101217239,858482970668569,2.8348215,2.17879,10.190034
1542101217257,858482990668569,3.0957973,2.8276386,8.966559
1542101217278,858483010668535,3.0910087,3.4836698,7.21395
1542101217301,858483030668568,2.7462332,3.79732,5.791751
1542101217316,858483050668568,2.2099156,3.737463,5.4302154
1542101217335,858483070668268,1.5754328,3.632115,5.394301
1542101217357,858483090668034,1.1253091,3.4214187,5.770202
1542101217377,858483110668634,0.71828246,3.2562137,6.3113084
1542101217396,858483130668667,0.026337024,2.918621,6.8021345
1542101217417,858483150668667,-0.61293435,2.4254005,7.726325
1542101217439,858483170668633,-1.1013664,1.7526091,9.299363
1542101217457,858483190668666,-1.4269878,1.3168511,10.453403
1542101217479,858483210668632,-1.6616267,0.98404694,10.711986
1542101217499,858483230701965,-1.6137413,0.81644773,11.152532
1542101217518,858483250768631,-1.1181264,1.0798179,11.877997
1542101217540,858483270868631,-0.73743665,1.5826156,13.237946
1542101217560,858483290968664,-0.5123748,2.3320236,12.426287
1542101217579,858483311068664,-0.026337024,2.9042554,11.6098385
1542101217600,858483331168630,-0.43336374,1.8579572,13.987353
1542101217618,858483351268663,-1.2785428,1.1109436,15.273079
1542101217639,858483371368629,-1.2809371,1.0319325,13.393573
1542101217661,858483391468662,-0.5985687,1.1468576,11.130983
1542101217680,858483411568662,-0.12689656,0.4836435,12.287418
1542101217700,858483431668662,0.14365649,-0.25379312,13.352871
1542101217721,858483451768662,0.7541966,-0.6464542,12.677685
1542101217740,858483471868662,1.0774237,-0.50758624,11.336891
1542101217759,858483491968662,1.1396748,-0.409421,10.30017
1542101217781,858483512068695,1.0175668,-0.11492519,9.167678
1542101217800,858483532168661,0.9792584,0.1699935,8.013638
1542101217819,858483552268694,1.2546,0.72785956,6.273
1542101217842,858483572368660,1.6544439,1.6041641,4.5539107
1542101217858,858483592468693,1.8052832,2.2170985,3.859571
1542101217881,858483612568693,1.9417568,2.7031362,3.5602865
1542101217902,858483632668659,2.1117504,2.7917244,4.0750556
1542101217919,858483652768659,1.9561225,2.6744049,5.0926223
1542101217940,858483672868959,1.7238779,2.2745612,6.454965
1542101217961,858483692969192,1.4700848,1.8675344,8.006455
1542101217979,858483713068592,1.0271438,1.5850099,9.174861
1542101218000,858483733168558,0.6608198,1.2809371,10.269045
1542101218028,858483753268591,0.34956414,1.2306572,10.585089
1542101218060,858483773368591,-0.071828246,1.5323359,10.96099
1542101218065,858483793468557,0.16520496,2.004008,11.12859
1542101218083,858483813568590,0.54828894,2.205127,10.45101
1542101218101,858483833635256,1.2210802,1.4509305,11.044789
1542101218120,858483853668589,1.489239,0.6344828,14.092702
1542101218142,858483873668589,1.0941836,-0.05027977,16.668941
1542101218158,858483893668555,1.3527653,0.4644893,15.165337
1542101218179,858483913668588,2.6959534,1.8052832,12.337698
1542101218201,858483933668588,3.213117,2.3799093,11.24112
1542101218218,858483953668554,3.083826,2.4589202,10.587483
1542101218238,858483973668587,2.9832664,2.7055306,10.029617
1542101218260,858483993668553,2.9305923,3.1484714,8.684034
1542101218279,858484013668553,2.5906053,3.5842295,6.5220046
1542101218300,858484033668553,1.9800652,3.6488748,5.1213536
1542101218321,858484053668553,1.0726352,3.4860642,5.05192
1542101218339,858484073668319,0.53392327,3.2250881,5.420638
1542101218358,858484093668052,0.11253092,3.0239692,5.8420305
1542101218380,858484113668018,-0.10055954,3.0550947,6.4693303
1542101218400,858484133668051,-0.4860378,2.8515813,7.1756415
1542101218419,858484153668017,-0.9481328,2.439766,8.008849
1542101218441,858484173668050,-1.4772675,2.073442,9.040782
1542101218459,858484193668016,-1.776552,1.9178141,9.761458
1542101218479,858484213668016,-1.9441512,1.7166951,9.799767
1542101218501,858484233668016,-1.7238779,1.664021,10.096657
1542101218519,858484253668016,-1.0079896,1.8747171,10.94423
1542101218538,858484273668016,-0.4070267,2.0183737,12.330515
1542101218560,858484293668049,-0.60335726,2.3846977,13.652155
1542101218579,858484313668015,-0.30646718,3.1412885,11.243514
1542101218600,858484333668048,-0.31843856,3.083826,10.872402
1542101218621,858484353668014,-0.7829279,1.4796618,14.116644
1542101218638,858484373668047,-0.9122187,0.7829279,15.076749
1542101218660,858484393701380,-0.65363705,1.0175668,12.395161
1542101218681,858484413734680,0.1340794,0.967287,11.042396
1542101218701,858484433768013,0.9241901,0.48843205,12.591491
1542101218720,858484453834679,1.6520497,0.098165266,12.723176
1542101218745,858484473934679,1.8411974,0.04070267,11.138166
1542101218762,858484494034712,1.9824595,0.1340794,9.924269
1542101218781,858484514134412,2.1572416,0.5650489,8.746285
1542101218804,858484534267778,2.4517374,1.2761484,7.467743
1542101218825,858484554434444,2.6863763,1.812466,6.3400397
1542101218845,858484574634410,2.8156672,2.4373717,5.1189594
1542101218867,858484594834443,2.8276386,2.8204558,4.5108137
1542101218889,858484615034443,2.719896,2.9856608,4.599402
1542101218906,858484635267809,2.5379312,2.9329867,5.078257
1542101218930,858484655534475,2.516383,2.7869358,6.062304
1542101218946,858484675801375,2.5858169,2.7893302,6.986494
1542101218967,858484696068341,2.300898,2.5666625,7.3671837
1542101218990,858484716368341,1.4078336,2.0494993,7.7478733
1542101219010,858484736701641,0.9816527,1.960911,8.200391
1542101219033,858484757035007,1.0343267,1.9010541,9.699207
1542101219056,858484777368307,0.8284191,1.7358493,11.595473
1542101219072,858484797701673,0.29928434,2.1309047,11.844478
1542101219090,858484818035006,0.73743665,2.430189,10.156514
1542101219111,858484838368372,2.2625897,2.1189332,11.236332
1542101219129,858484858701705,2.3487835,0.95531565,14.899572
1542101219150,858484879035038,1.9537282,-0.052674048,17.13822
1542101219170,858484899368338,1.9680939,0.29210153,14.74155
1542101219190,858484919701671,2.691165,1.4389591,12.541211
1542101219209,858484940034971,2.8946784,1.7286664,11.523644
1542101219230,858484960368337,2.8084843,2.0423164,10.984933
1542101219248,858484980701637,2.7845416,2.4182177,10.309748
1542101219269,858485001001670,2.7558103,2.8372157,8.964165
1542101219290,858485021301670,2.7390504,3.3304362,6.9074826
1542101219309,858485041601670,2.3775148,3.5004299,5.3631754
1542101219329,858485061868370,1.6831752,3.4429672,4.573065
1542101219349,858485082101436,1.0558752,3.2825508,4.539545
1542101219398,858485102334469,0.7853221,3.2370596,4.7191157
1542101219398,858485122568069,0.44054657,3.0239692,5.305713
1542101219410,858485142768035,-0.2777359,2.466103,6.387925
1542101219428,858485162934735,-0.82123625,2.047105,7.2953553
1542101219448,858485183068068,-1.3048798,1.5514901,8.609812
1542101219472,858485203201368,-1.8316202,0.9888355,9.696813
1542101219489,858485223334734,-2.099779,0.82123625,10.326508
1542101219510,858485243434700,-2.0279508,0.72785956,10.865219
1542101219530,858485263501366,-1.3695252,0.7972935,12.016866
1542101219549,858485283568032,-0.37111259,1.1205206,13.893977
1542101219568,858485303634665,0.25858167,1.8316202,14.207626
1542101219590,858485323668031,0.68715686,2.638491,11.463788
1542101219609,858485343668031,0.98404694,2.3487835,12.531634
1542101219630,858485363667997,0.845179,1.4509305,15.3784275
1542101219651,858485383668030,1.0343267,1.2091088,14.940275
1542101219670,858485403667996,1.333611,1.8268317,11.545193
1542101219688,858485423668029,1.7095122,1.8268317,9.478934
1542101219710,858485443667995,1.9752767,0.65842557,11.430268
1542101219729,858485463667995,2.1716073,0.18675344,12.7662735
1542101219748,858485483667995,2.4948344,-0.27294734,12.081511
1542101219770,858485503667995,2.7510219,-0.37590113,10.537204
1542101219788,858485523667995,3.1173458,-0.26337022,9.265843
1542101219811,858485543668028,3.1125572,0.028731298,8.013638
1542101219832,858485563667994,2.9808722,0.43815228,7.0319853
1542101219851,858485583701360,3.0215747,1.0247496,5.995264
1542101219872,858485603767993,3.301705,1.7741576,4.802915
1542101219893,858485623834693,3.4621215,2.4684973,4.149278
1542101219913,858485643901359,3.2993107,2.5738454,4.6736245
1542101219934,858485664001325,3.0886145,2.1716073,5.9186473
1542101219955,858485684134958,2.9952378,2.0518935,6.407079
1542101219974,858485704268558,3.047912,1.8938714,6.996071
1542101219994,858485724401891,2.7582045,1.5969813,8.387145
1542101220017,858485744568557,2.126116,1.1803775,9.3592205
1542101220080,858485764768523,1.9034485,0.85954463,9.498088
1542101220080,858485784968556,2.22907,1.0558752,9.536397
1542101220080,858485805168556,2.4708917,1.5131817,10.685649
1542101220096,858485825401856,2.2170985,1.7669748,10.522838
1542101220117,858485845668556,2.8898897,1.8411974,9.299363
1542101220138,858485865935222,4.381523,0.71828246,9.943423
1542101220157,858485886201922,4.1373067,-0.7709565,14.202838
1542101220177,858485906501922,2.667222,-2.0375278,17.890022
1542101220199,858485926801888,2.3320236,-1.3479767,15.265896
1542101220219,858485947101888,3.5842295,0.6392714,11.336891
1542101220238,858485967401888,4.5347567,1.6017698,9.873989
1542101220262,858485987735188,4.3408203,1.8771114,9.663293
1542101220278,858486008068554,4.0343533,1.9202085,9.438231
1542101220299,858486028401854,3.7925313,2.1045675,8.2339115
1542101220321,858486048735220,3.344802,2.176396,6.5842557
1542101220340,858486069068286,2.5594797,1.951334,6.012024
1542101220360,858486089401652,1.6616267,1.525153,6.5794673
1542101220382,858486109734985,1.1516461,1.333611,7.125362
1542101220399,858486130068318,1.063058,1.359948,7.2187386
1542101220421,858486150401618,0.87151605,1.4820561,7.3145094
1542101220442,858486170734951,0.31365,1.4341706,7.8723755
1542101220459,858486191034917,-0.3519584,1.3910737,8.209969
1542101220480,858486211334950,-0.9481328,1.3838909,8.387145
1542101220502,858486231668250,-1.2426286,1.5634614,8.988108
1542101220522,858486252034950,-1.2234744,1.6759924,9.510059
1542101220541,858486272368283,-1.0223553,1.8268317,10.376787
1542101220564,858486292668249,-0.9960183,1.8627458,11.466182
1542101220583,858486313001615,-0.7206767,1.9633054,12.385584
1542101220607,858486333368281,-0.19633053,2.5283542,11.9187
1542101220629,858486353701647,0.14844504,3.110163,9.60583
1542101220645,858486374001647,0.9074302,2.176396,10.59706
1542101220665,858486394301613,0.82602483,0.3232271,15.493352
1542101220685,858486414601646,0.062251143,-1.6281068,19.57559
1542101220704,858486434868312,-0.4644893,-1.4916332,15.792637
1542101220725,858486455101612,-0.07422252,-0.30886146,10.59706
1542101220746,858486475334978,0.7805336,0.105348095,9.040782
1542101220765,858486495568278,1.489239,-0.30646718,10.728745
1542101220785,858486515768311,1.8962656,-0.5219519,11.583502
1542101220806,858486535968311,2.2170985,-0.22027329,10.017646
1542101220825,858486556168311,2.370332,0.21309046,8.406299
1542101220846,858486576368311,2.4421604,0.6440599,7.6712565
1542101220866,858486596534977,2.3032923,1.063058,7.4414062
1542101220885,858486616701610,2.0902019,1.5395187,7.290567
1542101220904,858486636868310,2.152453,1.9058428,6.5603127
1542101220928,858486657034943,2.2937152,2.5020173,5.2506447
1542101220945,858486677201909,2.2625897,3.093403,4.563488
1542101220964,858486697368542,1.9393626,3.4238129,4.8986864
1542101220985,858486717535242,1.3886794,3.1580484,5.777385
1542101221004,858486737701908,0.9984126,2.6767993,6.960157
1542101221025,858486757868574,0.9481328,2.6073654,8.420665
1542101221046,858486778035240,0.91700727,2.5235655,9.629773
1542101221065,858486798201906,0.94095,2.588211,9.950606
1542101221087,858486818335206,0.98404694,2.6839821,9.950606
1542101221115,858486838435239,0.9529214,2.6169424,10.357633
1542101221124,858486858501872,0.8547561,2.5618742,11.075915
1542101221143,858486878568572,0.54350036,2.691165,11.648147
1542101221166,858486898668572,0.51955765,3.1556542,11.265063
1542101221185,858486918768538,1.3838909,3.1939626,10.759871
1542101221205,858486938835238,2.3966691,2.466103,11.435057
1542101221228,858486958901871,2.2865324,0.7709565,14.432689
1542101221246,858486978968537,1.4700848,-0.39505535,16.582747
1542101221266,858486999035203,1.1085492,0.0071828244,13.666521
1542101221289,858487019101836,2.0949905,1.5850099,9.115005
1542101221305,858487039168536,2.4349775,2.3200524,7.312115
1542101221326,858487059235202,2.2099156,2.6145482,7.822096
1542101221352,858487079301235,2.2099156,2.7342618,8.710372
1542101221367,858487099367335,2.221887,3.1676257,8.528407
1542101221386,858487119433968,1.9273912,3.3663504,7.5395713
1542101221407,858487139500668,1.185166,3.1556542,7.336058
1542101221427,858487159567334,0.4644893,2.9928436,7.7933645
1542101221447,858487179634000,0.2370332,3.0527003,7.7694216
1542101221469,858487199700700,0.22266756,3.172414,7.5060515
1542101221485,858487219767366,0.28731298,3.4094474,7.355212
1542101221506,858487239833999,-0.016759925,3.4573328,7.350424
1542101221529,858487259900699,-0.7709565,3.1173458,7.8747697
1542101221545,858487279967332,-1.0846065,2.8300328,8.868394
1542101221565,858487300034032,-1.0510867,2.9617178,9.847652
1542101221588,858487320100665,-0.7637737,3.318465,10.589877
1542101221607,858487340167331,-0.82123625,3.5746522,10.441432
1542101221628,858487360233997,-0.5602603,3.8547823,10.2642565
1542101221649,858487380333997,-0.28731298,4.0151987,11.023241
1542101221668,858487400433997,-0.2753416,4.292935,11.78462
1542101221687,858487420533997,-0.2777359,4.9537544,11.178869
1542101221710,858487440667297,0.18196489,5.7127395,9.931452
1542101221730,858487460833997,0.29928434,4.695173,10.881979
1542101221750,858487481000630,-0.21309046,3.1580484,12.979363
1542101221771,858487501133996,-0.97446984,1.4174107,13.764686
1542101221791,858487521267329,-1.3671309,1.3168511,11.478153
1542101221810,858487541400629,-1.1516461,2.317658,8.406299
1542101221834,858487561533995,-0.5698374,2.595394,7.9944835
1542101221851,858487581667328,-0.11492519,2.432583,8.712766
1542101221871,858487601800661,0.7877164,2.300898,8.597841
1542101221892,858487621933994,1.4485363,2.2745612,7.0295906
1542101221910,858487642067294,1.1396748,2.1476645,6.60341
1542101221932,858487662200660,1.4868447,2.1309047,7.683228
1542101221952,858487682334593,1.3671309,1.7502149,9.395134
1542101221971,858487702501826,0.90982443,1.4844503,10.130177
1542101221997,858487722701859,1.6975409,2.4517374,7.719142
1542101222015,858487742935159,-0.035914123,2.9425638,7.3312693
1542101222045,858487763168525,0.2777359,2.3320236,8.830086
1542101222054,858487783401858,0.057462595,2.7127132,9.067119
1542101222075,858487803668491,-0.0071828244,3.1556542,8.736709
1542101222094,858487823935157,-0.06943397,3.440573,8.791777
1542101222115,858487844201823,-0.35914123,3.459727,8.078283
1542101222141,858487864468456,-0.5985687,4.005622,7.101419
1542101222154,858487884735156,-0.1699935,4.1420956,8.308133
1542101222174,858487905001789,-0.11253092,4.000833,8.988108
1542101222195,858487925268489,0.009577099,3.833234,10.740717
1542101222215,858487945535155,-0.749408,3.3902931,11.487731
1542101222234,858487965801855,-1.3838909,3.3926873,11.305766
1542101222255,858487986035188,-1.1827718,4.747847,10.3743925
1542101222273,858488006268521,0.84278476,5.707951,8.511647
1542101222293,858488026501854,2.0231621,6.2586346,8.164477
1542101222316,858488046735187,1.8364087,5.111777,9.574705
1542101222335,858488066935153,1.3312168,3.5243726,11.930672
1542101222355,858488087135186,0.9313729,3.15326,11.954614
1542101222377,858488107335152,1.0917894,3.2993107,9.653716
1542101222393,858488127501252,1.4557191,3.6536634,7.350424
1542101222415,858488147667918,1.5562786,3.964919,6.5818615
1542101222436,858488167834551,1.4245936,3.6656346,8.166871
1542101222454,858488188001251,1.2546,3.4908526,9.158101
1542101222475,858488208167917,0.98404694,3.756617,8.789383
1542101222497,858488228334583,0.87630457,4.000833,7.515629
1542101222515,858488248501249,0.22506183,4.163644,7.084659
1542101222536,858488268667615,-0.72546524,4.3408203,7.802942
1542101222557,858488288834315,-0.45970076,4.1157584,9.04557
1542101222575,858488308967648,-0.06943397,4.084633,8.873182
1542101222597,858488329100948,0.0071828244,4.4916596,8.341654
1542101222619,858488349234314,0.035914123,4.680807,8.142929
1542101222638,858488369367614,-0.12210801,4.582642,8.499676
1542101222657,858488389500980,-0.03351985,4.065479,9.06233
1542101222682,858488409634313,-0.076616794,4.2378664,9.033599
1542101222700,858488429767646,-0.105348095,4.592219,8.626573
1542101222718,858488449900979,-0.071828246,4.824464,8.696006
1542101222742,858488470034312,0.071828246,5.03516,9.395134
1542101222758,858488490167612,-0.016759925,5.044737,10.1206
1542101222778,858488510300978,-0.2753416,4.8292522,10.719169
1542101222800,858488530434278,-0.38547826,4.9010806,10.9490185
1542101222818,858488550567644,-0.53392327,5.454158,10.261862
1542101222838,858488570700944,-0.40223816,5.2458563,7.439012
1542101222859,858488590834310,-0.65842557,4.946572,7.903501
1542101222878,858488610967643,-0.5363176,3.7398572,10.494106
1542101222898,858488631100976,-0.83081335,2.7414446,12.277842
1542101222919,858488651200976,-1.2641771,2.803696,10.520444
1542101222938,858488671300976,-1.211503,3.2873392,8.140534
1542101222958,858488691400942,-0.7039168,3.3615618,7.24747
1542101222980,858488711500975,0.24900457,2.8204558,9.514848
1542101222998,858488731601541,0.818842,2.6241252,11.700821
1542101223021,858488751701574,1.0534809,2.6791935,12.330515
1542101223077,858488771801574,1.0271438,2.9641123,10.130177
1542101223077,858488791901540,1.0127783,3.3304362,8.447001
1542101223088,858488812001573,0.9696813,3.7326744,7.755056
1542101223100,858488832101573,0.84996754,4.2115293,7.860404
1542101223119,858488852201573,0.8356019,4.3432145,7.7239304
1542101223178,858488872301873,1.063058,4.577853,6.976917
1542101223178,858488892401839,1.0989721,4.826858,6.3137026
1542101223178,858488912501872,0.9385557,4.723904,6.6010156
1542101223197,858488932568538,0.56265455,4.235472,7.9489923
1542101223220,858488952601838,0.16759923,3.7614057,9.071907
1542101223239,858488972635204,0.05985687,3.6895776,9.395134
1542101223257,858488992668504,0.20111908,3.9242165,9.071907
1542101223279,858489012668504,0.39266106,4.1349125,8.628966
1542101223298,858489032668504,0.48843205,4.1373067,8.607418
1542101223319,858489052668504,0.66800267,4.0582957,9.486116
1542101223339,858489072668270,0.7781393,4.2594147,10.08708
1542101223370,858489092668003,0.5794145,4.9633317,9.349643
1542101223378,858489112667969,0.90503585,5.1452966,7.9753294
1542101223397,858489132667402,1.6807809,4.767001,8.449396
1542101223419,858489152667368,2.011191,3.5770466,10.716774
1542101223438,858489172667401,1.5969813,2.7941186,14.380014
1542101223460,858489192667367,2.0710478,2.7222905,16.352898
1542101223479,858489212700700,2.482863,3.7398572,12.941055
1542101223500,858489232734033,2.4062462,4.460534,7.910684
1542101223521,858489252767366,2.4421604,4.7957325,5.011217
1542101223540,858489272800699,2.6097596,4.601796,5.8875217
1542101223559,858489292834065,2.2793496,4.0391417,8.107015
1542101223580,858489312867365,1.4676905,3.5004299,8.652909
1542101223597,858489332900131,1.0439038,3.3160706,7.6975937
1542101223618,858489352933431,0.49082634,3.4884584,7.168459
1542101223643,858489372966797,0.12689656,3.7422516,7.6640735
1542101223660,858489393000130,0.0,3.8835137,8.243488
1542101223681,858489413033430,0.30886146,4.000833,8.41827
1542101223705,858489433066763,0.5913859,4.285752,7.8316727
1542101223721,858489453133429,0.4860378,4.4030714,7.309721
1542101223741,858489473200062,0.20351335,4.2642035,7.7694216
1542101223761,858489493266762,-0.34716985,3.9146392,8.324894
1542101223781,858489513366728,-0.52674043,3.8787253,8.652909
1542101223802,858489533500094,-0.3304099,4.12773,8.91628
1542101223823,858489553633427,-0.08858817,4.333637,9.244295
1542101223844,858489573766727,0.11971374,4.5491223,9.395134
1542101223862,858489593933427,0.31125572,4.6664414,9.70639
1542101223884,858489614100093,0.679974,4.817281,9.670476
1542101223903,858489634266759,0.6153286,4.8723493,9.505271
1542101223925,858489654466759,0.7805336,5.195576,9.416683
1542101223946,858489674666992,0.2083019,6.263423,6.1892004
1542101223964,858489694867292,0.18196489,5.870762,6.8069234
1542101223984,858489715067292,-2.142876,3.1412885,10.965778
1542101224006,858489735301192,1.4581133,4.1804037,13.20682
1542101224045,858489755567892,3.510007,3.2681851,11.418297
1542101224050,858489775834525,2.0782306,2.8300328,9.615408
1542101224067,858489796101225,-0.65363705,2.0016139,7.6880164
1542101224086,858489816367891,1.977671,4.242655,8.820508
1542101224108,858489836667924,1.9704882,3.9146392,7.0271964
1542101224129,858489856967924,0.26337022,1.3096683,12.258687
1542101224148,858489877267924,2.657645,2.047105,12.723176
1542101224169,858489897601224,3.9984388,3.4549387,12.912324
1542101224192,858489917967890,1.9034485,2.7414446,13.668915
1542101224210,858489938335123,1.2067145,3.1173458,1.6137413
1542101224231,858489958701823,-2.1237218,3.241848,7.699988
1542101224256,858489979101789,2.0447106,2.456526,6.7207294
1542101224273,858489999535155,2.1309047,3.1149516,6.7015753
1542101224293,858490019968488,0.05985687,3.2873392,7.0080423
1542101224314,858490040401821,-0.7039168,3.3902931,7.623371
1542101224334,858490060835187,-1.2665714,3.1412885,9.58907
1542101224356,858490081268187,-0.65842557,3.0957973,11.176475
1542101224378,858490101701220,-0.60335726,2.6600394,11.181263
1542101224394,858490122101220,-1.4198049,2.6935592,11.346468
1542101224414,858490142501186,-1.6065584,3.1819913,10.881979
1542101224435,858490162901219,-2.2601955,3.3328304,9.313729
1542101224456,858490183301219,-1.5993756,3.5267668,8.607418
1542101224476,858490203701185,-0.679974,4.166038,7.515629
1542101224497,858490224134551,-1.2593886,5.044737,7.4246464
1542101224516,858490244567884,-1.8292259,4.8723493,8.937828
1542101224537,858490264967917,-2.1285102,3.7925313,10.654523
1542101224562,858490285401250,-1.8771114,3.5315554,9.960183
1542101224578,858490305834583,-1.611347,4.4677167,9.378374
1542101224598,858490326267916,-1.4533248,5.0375543,9.771035
1542101224619,858490346667916,-1.9585168,4.7957325,9.957788
1542101224638,858490367034549,-2.2362528,4.618556,9.167678
1542101224658,858490387401215,-1.8435916,5.071074,8.028004
1542101224679,858490407767848,-1.489239,5.827665,8.171659
1542101224697,858490428101214,-1.5203645,5.8827333,8.344048
1542101224717,858490448401180,-1.8579572,5.3679643,8.004061
1542101224739,858490468700946,-2.1452703,5.133325,8.193209
1542101224758,858490489000946,-1.9896424,5.0926223,8.631361
1542101224778,858490509267612,-1.8340145,5.095017,8.854029
1542101224798,858490529500978,-1.7909175,5.1812105,9.3592205
1542101224816,858490549734311,-2.7079248,4.98488,5.334444
1542101224837,858490569967611,-1.5562786,5.542746,7.4102807
1542101224858,858490590167644,-1.9465454,5.1788163,7.7143536
1542101224876,858490610334277,-2.3846977,4.7789726,7.692805
1542101224897,858490630534310,-2.3487835,5.027977,8.066312
1542101224920,858490650767643,-2.2194927,5.4086666,7.7694216
1542101224940,858490671000943,-1.733455,5.688797,6.6081986
