bssid,frequency,legit,rss,ssid,timestamp,wifiNo
02:15:99:ea:c4:04,2462,true,-87,DIRECT-wdC410 Series,64068423890,1
00:24:6c:7d:f7:41,2412,true,-85,eduroam,64068423851,1
00:24:6c:7d:f7:40,2412,true,-86,Welcome_KAIST,64068423846,1
00:24:6c:7d:f7:21,2412,true,-59,eduroam,64068423842,1
00:24:6c:7d:f7:20,2412,true,-59,Welcome_KAIST,64068423832,1
6c:f3:7f:fa:ab:31,5805,true,-82,eduroam,64070208444,2
6c:f3:7f:fa:ab:30,5805,true,-82,Welcome_KAIST,64070208439,2
00:24:6c:7d:f7:f1,5805,true,-82,eduroam,64070208435,2
00:24:6c:7d:f7:f0,5805,true,-85,Welcome_KAIST,64070208429,2
90:9f:33:f9:11:de,5785,true,-77,wit_5G,64070208425,2
6c:70:9f:e3:3a:a7,5785,true,-73,Air WiFi,64070208420,2
88:36:6c:be:8e:74,5745,true,-88,moonlab_5G,64070208415,2
70:8b:cd:2f:82:64,5745,true,-68,LIT_5G,64070208411,2
00:24:6c:7d:f3:11,5745,true,-44,eduroam,64070208407,2
00:24:6c:7d:f3:10,5745,true,-45,Welcome_KAIST,64070208403,2
02:15:99:ea:c4:04,2462,true,-86,DIRECT-wdC410 Series,64070208398,2
00:24:6c:7d:f6:b1,5220,true,-84,eduroam,64070208395,2
00:24:6c:7d:f6:b0,5220,true,-85,Welcome_KAIST,64070208390,2
00:24:6c:7d:fe:11,5220,true,-72,eduroam,64070208386,2
00:24:6c:7d:fe:10,5220,true,-75,Welcome_KAIST,64070208382,2
00:24:6c:7a:8b:31,5200,true,-86,eduroam,64070208378,2
00:24:6c:7d:f3:f1,5200,true,-81,eduroam,64070208373,2
00:24:6c:7d:f3:f0,5200,true,-80,Welcome_KAIST,64070208368,2
64:e5:99:da:03:6c,5240,true,-85,WCSL 5GHz,64070208363,2
00:24:6c:7d:f5:90,5240,true,-91,Welcome_KAIST,64070208356,2
00:24:6c:7d:f7:51,5220,true,-93,eduroam,64070208351,2
00:24:6c:7d:f7:50,5220,true,-91,Welcome_KAIST,64070208345,2
00:24:6c:7d:f7:41,2412,true,-85,eduroam,64070208340,2
00:24:6c:7d:f7:40,2412,true,-86,Welcome_KAIST,64070208336,2
00:24:6c:7d:f7:21,2412,true,-59,eduroam,64070208331,2
00:24:6c:7d:f7:20,2412,true,-59,Welcome_KAIST,64070208326,2
00:24:6c:7d:f5:11,5180,true,-83,eduroam,64070208321,2
00:24:6c:7d:f5:10,5180,true,-85,Welcome_KAIST,64070208316,2
00:24:6c:7d:fd:b1,5180,true,-88,eduroam,64070208310,2
00:24:6c:7d:fd:b0,5180,true,-91,Welcome_KAIST,64070208295,2
00:24:6c:7d:f3:10,5745,true,-43,Welcome_KAIST,64072002398,3
6c:f3:7f:fa:ab:31,5805,true,-78,eduroam,64072002396,3
6c:f3:7f:fa:ab:30,5805,true,-78,Welcome_KAIST,64072002393,3
00:24:6c:7d:f7:f1,5805,true,-71,eduroam,64072002390,3
00:24:6c:7d:f7:f0,5805,true,-72,Welcome_KAIST,64072002386,3
6c:70:9f:e3:3a:a7,5785,true,-73,Air WiFi,64072002384,3
90:9f:33:f9:11:de,5785,true,-75,wit_5G,64072002382,3
a0:40:a0:56:08:f8,5765,true,-95,,64072002377,3
00:24:6c:7d:f3:11,5745,true,-49,eduroam,64072002375,3
00:24:6c:7d:f6:a1,2472,true,-72,eduroam,64072002372,3
6c:f3:7f:fa:ab:20,2472,true,-74,Welcome_KAIST,64072002369,3
00:24:6c:7d:f5:01,2472,true,-83,eduroam,64072002365,3
00:24:6c:7d:f3:e0,2472,true,-71,Welcome_KAIST,64072002363,3
00:24:6c:7d:f2:a0,2472,true,-87,Welcome_KAIST,64072002360,3
00:24:6c:7d:f3:e1,2472,true,-71,eduroam,64072002357,3
6c:f3:7f:fa:ab:21,2472,true,-73,eduroam,64072002354,3
64:e5:99:da:03:6c,5240,true,-80,WCSL 5GHz,64072002352,3
00:24:6c:7d:f6:b1,5220,true,-75,eduroam,64072002350,3
00:24:6c:7d:f6:b0,5220,true,-74,Welcome_KAIST,64072002348,3
00:24:6c:7d:fe:11,5220,true,-71,eduroam,64072002345,3
00:24:6c:7d:fe:10,5220,true,-72,Welcome_KAIST,64072002342,3
00:24:6c:7d:f3:f0,5200,true,-79,Welcome_KAIST,64072002340,3
00:24:6c:7a:8b:31,5200,true,-86,eduroam,64072002336,3
00:24:6c:7d:f7:31,5200,true,-59,eduroam,64072002333,3
00:24:6c:7d:f7:30,5200,true,-60,Welcome_KAIST,64072002329,3
6c:70:9f:e3:3a:a6,2412,true,-71,Air WiFi,64072002326,3
00:24:6c:7e:03:d1,5180,true,-92,eduroam,64072002323,3
00:24:6c:7e:03:d0,5180,true,-92,Welcome_KAIST,64072002319,3
00:24:6c:7d:f5:10,5180,true,-82,Welcome_KAIST,64072002316,3
00:24:6c:7d:f5:11,5180,true,-81,eduroam,64072002314,3
00:24:6c:7d:f2:b0,5180,true,-87,Welcome_KAIST,64072002310,3
88:36:6c:be:8e:74,5745,true,-88,moonlab_5G,64072002306,3
70:8b:cd:2f:82:64,5745,true,-68,LIT_5G,64072002300,3
02:15:99:ea:c4:04,2462,true,-86,DIRECT-wdC410 Series,64072002295,3
00:24:6c:7d:f3:f1,5200,true,-81,eduroam,64072002280,3
00:24:6c:7d:f5:90,5240,false,-91,Welcome_KAIST,64070208356,3
00:24:6c:7d:f7:51,5220,false,-93,eduroam,64070208351,3
00:24:6c:7d:f7:50,5220,false,-91,Welcome_KAIST,64070208345,3
00:24:6c:7d:f7:41,2412,false,-85,eduroam,64070208340,3
00:24:6c:7d:f7:40,2412,false,-86,Welcome_KAIST,64070208336,3
00:24:6c:7d:f7:21,2412,false,-59,eduroam,64070208331,3
00:24:6c:7d:f7:20,2412,false,-59,Welcome_KAIST,64070208326,3
00:24:6c:7d:fd:b1,5180,false,-88,eduroam,64070208310,3
00:24:6c:7d:fd:b0,5180,false,-91,Welcome_KAIST,64070208295,3
6c:f3:7f:fa:ab:31,5805,true,-74,eduroam,64073826510,4
6c:f3:7f:fa:ab:30,5805,true,-73,Welcome_KAIST,64073826507,4
00:24:6c:7d:fb:51,5805,true,-95,eduroam,64073826502,4
88:36:6c:92:5d:84,5785,true,-88,DILAB-519-5Ghz,64073826499,4
90:9f:33:f9:11:de,5785,true,-81,wit_5G,64073826495,4
6c:70:9f:e3:3a:a7,5785,true,-72,Air WiFi,64073826491,4
70:8b:cd:2f:82:64,5745,true,-66,LIT_5G,64073826488,4
00:24:6c:7d:f3:11,5745,true,-50,eduroam,64073826485,4
00:24:6c:7d:f3:10,5745,true,-43,Welcome_KAIST,64073826482,4
6c:f3:7f:fa:ab:21,2472,true,-77,eduroam,64073826479,4
00:24:6c:7d:f6:a0,2472,true,-69,Welcome_KAIST,64073826474,4
90:9f:33:ad:29:e8,2472,true,-95,Jmiptime2,64073826471,4
00:24:6c:7d:ff:21,2472,true,-97,eduroam,64073826464,4
00:24:6c:7d:f3:e0,2472,true,-81,Welcome_KAIST,64073826461,4
00:24:6c:7d:f7:01,2472,true,-92,eduroam,64073826456,4
00:24:6c:7d:f7:00,2472,true,-86,Welcome_KAIST,64073826452,4
00:24:6c:7d:f6:a1,2472,true,-68,eduroam,64073826449,4
6c:f3:7f:fa:ab:20,2472,true,-74,Welcome_KAIST,64073826446,4
00:24:6c:7d:fe:01,2452,true,-67,eduroam,64073826441,4
00:24:6c:7d:fe:00,2452,true,-67,Welcome_KAIST,64073826438,4
2a:56:5a:61:f9:0b,2437,true,-81,DIRECT-0b-HP M477 LaserJet,64073826435,4
64:e5:99:da:03:6c,5240,true,-79,WCSL 5GHz,64073826432,4
88:36:6c:27:2a:10,2422,true,-75,DILAB-516-2.4Ghz,64073826428,4
00:24:6c:7d:fe:11,5220,true,-70,eduroam,64073826425,4
00:24:6c:7d:fe:10,5220,true,-70,Welcome_KAIST,64073826422,4
00:24:6c:7d:f7:31,5200,true,-56,eduroam,64073826415,4
00:24:6c:7d:f7:30,5200,true,-56,Welcome_KAIST,64073826412,4
00:24:6c:7a:8b:31,5200,true,-75,eduroam,64073826408,4
00:24:6c:7d:f3:f1,5200,true,-74,eduroam,64073826403,4
00:24:6c:7d:f3:f0,5200,true,-75,Welcome_KAIST,64073826400,4
00:24:6c:7d:f5:11,5180,true,-91,eduroam,64073826397,4
00:24:6c:7d:f5:10,5180,true,-94,Welcome_KAIST,64073826395,4
00:24:6c:7d:f7:20,2412,true,-57,Welcome_KAIST,64073826392,4
00:24:6c:7d:f2:b0,5180,true,-88,Welcome_KAIST,64073826389,4
1a:4f:32:93:be:f1,2412,true,-70,DIRECT-f1-HP M402 LaserJet,64073826384,4
6c:70:9f:e3:3a:a6,2412,true,-63,Air WiFi,64073826378,4
00:24:6c:7d:f6:f1,5180,true,-82,eduroam,64073826374,4
00:24:6c:7d:f2:b1,5180,true,-87,eduroam,64073826369,4
00:24:6c:7d:f6:f0,5180,true,-81,Welcome_KAIST,64073826361,4
00:24:6c:7d:f7:f1,5805,true,-71,eduroam,64073826357,4
00:24:6c:7d:f7:f0,5805,true,-72,Welcome_KAIST,64073826352,4
a0:40:a0:56:08:f8,5765,true,-95,,64073826347,4
00:24:6c:7d:f5:01,2472,true,-83,eduroam,64073826341,4
00:24:6c:7d:f2:a0,2472,true,-87,Welcome_KAIST,64073826337,4
00:24:6c:7d:f3:e1,2472,true,-71,eduroam,64073826332,4
00:24:6c:7d:f6:b1,5220,true,-75,eduroam,64073826329,4
00:24:6c:7d:f6:b0,5220,true,-74,Welcome_KAIST,64073826324,4
00:24:6c:7e:03:d1,5180,true,-92,eduroam,64073826320,4
00:24:6c:7e:03:d0,5180,true,-92,Welcome_KAIST,64073826315,4
88:36:6c:be:8e:74,5745,true,-88,moonlab_5G,64073826307,4
02:15:99:ea:c4:04,2462,true,-86,DIRECT-wdC410 Series,64073826287,4
00:24:6c:7d:f5:90,5240,false,-91,Welcome_KAIST,64070208356,4
00:24:6c:7d:f7:51,5220,false,-93,eduroam,64070208351,4
00:24:6c:7d:f7:50,5220,false,-91,Welcome_KAIST,64070208345,4
00:24:6c:7d:f7:41,2412,false,-85,eduroam,64070208340,4
00:24:6c:7d:f7:40,2412,false,-86,Welcome_KAIST,64070208336,4
00:24:6c:7d:f7:21,2412,false,-59,eduroam,64070208331,4
00:24:6c:7d:fd:b1,5180,false,-88,eduroam,64070208310,4
00:24:6c:7d:fd:b0,5180,false,-91,Welcome_KAIST,64070208295,4
6c:f3:7f:fa:ab:31,5805,true,-77,eduroam,64075706860,5
6c:f3:7f:fa:ab:30,5805,true,-78,Welcome_KAIST,64075706857,5
00:24:6c:7d:f7:f1,5805,true,-77,eduroam,64075706854,5
00:24:6c:7d:f7:f0,5805,true,-79,Welcome_KAIST,64075706850,5
6c:70:9f:e3:3a:a7,5785,true,-74,Air WiFi,64075706847,5
70:8b:cd:2f:82:64,5745,true,-73,LIT_5G,64075706843,5
00:24:6c:7d:f3:11,5745,true,-51,eduroam,64075706839,5
00:24:6c:7d:f3:10,5745,true,-43,Welcome_KAIST,64075706837,5
64:e5:99:da:03:6c,5240,true,-84,WCSL 5GHz,64075706833,5
00:24:6c:7d:f3:f1,5200,true,-83,eduroam,64075706829,5
00:24:6c:7a:8b:31,5200,true,-78,eduroam,64075706826,5
00:24:6c:7d:f7:31,5200,true,-58,eduroam,64075706822,5
00:24:6c:7d:f7:30,5200,true,-58,Welcome_KAIST,64075706819,5
00:24:6c:7d:f7:21,2412,true,-54,eduroam,64075706816,5
00:24:6c:7d:f7:20,2412,true,-54,Welcome_KAIST,64075706813,5
00:24:6c:7d:f7:11,5180,true,-87,eduroam,64075706810,5
00:24:6c:7d:f7:10,5180,true,-88,Welcome_KAIST,64075706806,5
00:24:6c:7d:fb:51,5805,true,-95,eduroam,64075706800,5
88:36:6c:92:5d:84,5785,true,-88,DILAB-519-5Ghz,64075706795,5
90:9f:33:f9:11:de,5785,true,-81,wit_5G,64075706791,5
6c:f3:7f:fa:ab:21,2472,true,-77,eduroam,64075706787,5
00:24:6c:7d:f6:a0,2472,true,-69,Welcome_KAIST,64075706779,5
90:9f:33:ad:29:e8,2472,true,-95,Jmiptime2,64075706775,5
00:24:6c:7d:ff:21,2472,true,-97,eduroam,64075706771,5
00:24:6c:7d:f3:e0,2472,true,-81,Welcome_KAIST,64075706765,5
00:24:6c:7d:f7:01,2472,true,-92,eduroam,64075706763,5
00:24:6c:7d:f7:00,2472,true,-86,Welcome_KAIST,64075706759,5
00:24:6c:7d:f6:a1,2472,true,-68,eduroam,64075706755,5
6c:f3:7f:fa:ab:20,2472,true,-74,Welcome_KAIST,64075706749,5
00:24:6c:7d:fe:01,2452,true,-67,eduroam,64075706745,5
00:24:6c:7d:fe:00,2452,true,-67,Welcome_KAIST,64075706740,5
2a:56:5a:61:f9:0b,2437,true,-81,DIRECT-0b-HP M477 LaserJet,64075706736,5
88:36:6c:27:2a:10,2422,true,-75,DILAB-516-2.4Ghz,64075706731,5
00:24:6c:7d:fe:11,5220,true,-70,eduroam,64075706727,5
00:24:6c:7d:fe:10,5220,true,-70,Welcome_KAIST,64075706723,5
00:24:6c:7d:f3:f0,5200,true,-75,Welcome_KAIST,64075706720,5
00:24:6c:7d:f5:11,5180,true,-91,eduroam,64075706716,5
00:24:6c:7d:f5:10,5180,true,-94,Welcome_KAIST,64075706712,5
00:24:6c:7d:f2:b0,5180,true,-88,Welcome_KAIST,64075706709,5
1a:4f:32:93:be:f1,2412,true,-70,DIRECT-f1-HP M402 LaserJet,64075706705,5
6c:70:9f:e3:3a:a6,2412,true,-63,Air WiFi,64075706699,5
00:24:6c:7d:f6:f1,5180,true,-82,eduroam,64075706695,5
00:24:6c:7d:f2:b1,5180,true,-87,eduroam,64075706689,5
00:24:6c:7d:f6:f0,5180,true,-81,Welcome_KAIST,64075706683,5
a0:40:a0:56:08:f8,5765,true,-95,,64075706676,5
00:24:6c:7d:f5:01,2472,true,-83,eduroam,64075706670,5
00:24:6c:7d:f2:a0,2472,true,-87,Welcome_KAIST,64075706666,5
00:24:6c:7d:f3:e1,2472,true,-71,eduroam,64075706649,5
00:24:6c:7d:f6:b1,5220,false,-75,eduroam,64073826329,5
00:24:6c:7d:f6:b0,5220,false,-74,Welcome_KAIST,64073826324,5
00:24:6c:7e:03:d1,5180,false,-92,eduroam,64073826320,5
00:24:6c:7e:03:d0,5180,false,-92,Welcome_KAIST,64073826315,5
88:36:6c:be:8e:74,5745,false,-88,moonlab_5G,64073826307,5
02:15:99:ea:c4:04,2462,false,-86,DIRECT-wdC410 Series,64073826287,5
00:24:6c:7d:f5:90,5240,false,-91,Welcome_KAIST,64070208356,5
00:24:6c:7d:f7:51,5220,false,-93,eduroam,64070208351,5
00:24:6c:7d:f7:50,5220,false,-91,Welcome_KAIST,64070208345,5
00:24:6c:7d:f7:41,2412,false,-85,eduroam,64070208340,5
00:24:6c:7d:f7:40,2412,false,-86,Welcome_KAIST,64070208336,5
00:24:6c:7d:fd:b1,5180,false,-88,eduroam,64070208310,5
00:24:6c:7d:fd:b0,5180,false,-91,Welcome_KAIST,64070208295,5
6c:f3:7f:fa:ab:31,5805,true,-82,eduroam,64077575328,6
6c:f3:7f:fa:ab:30,5805,true,-82,Welcome_KAIST,64077575325,6
00:24:6c:7d:f7:f1,5805,true,-80,eduroam,64077575321,6
00:24:6c:7d:f7:f0,5805,true,-80,Welcome_KAIST,64077575317,6
6c:70:9f:e3:3a:a7,5785,true,-78,Air WiFi,64077575313,6
88:36:6c:be:8e:74,5745,true,-88,moonlab_5G,64077575308,6
00:24:6c:7d:f3:11,5745,true,-68,eduroam,64077575303,6
70:8b:cd:2f:82:64,5745,true,-68,LIT_5G,64077575298,6
00:24:6c:7d:f3:10,5745,true,-49,Welcome_KAIST,64077575295,6
00:24:6c:7d:f6:a1,2472,true,-68,eduroam,64077575291,6
b2:52:16:12:63:77,2462,true,-87,HP-Setup>77-M477 LaserJet,64077575287,6
96:53:30:7c:92:23,2437,true,-76,DIRECT-23-HP M402 LaserJet,64077575283,6
34:68:95:09:c6:90,2437,true,-81,HP-Print-90-Color LaserJet MFP,64077575275,6
00:24:6c:7d:f6:b1,5220,true,-66,eduroam,64077575273,6
00:24:6c:7d:f6:b0,5220,true,-67,Welcome_KAIST,64077575269,6
00:24:6c:7d:f6:91,5220,true,-95,eduroam,64077575262,6
00:24:6c:7d:f3:f1,5200,true,-83,eduroam,64077575258,6
00:24:6c:7d:f3:f0,5200,true,-84,Welcome_KAIST,64077575254,6
00:24:6c:7d:f7:31,5200,true,-57,eduroam,64077575250,6
00:24:6c:7d:f7:30,5200,true,-58,Welcome_KAIST,64077575246,6
6c:70:9f:e3:3a:a6,2412,true,-66,Air WiFi,64077575240,6
00:24:6c:7d:fd:b1,5180,true,-75,eduroam,64077575236,6
00:24:6c:7d:fd:b0,5180,true,-76,Welcome_KAIST,64077575233,6
64:e5:99:da:03:6c,5240,true,-84,WCSL 5GHz,64077575227,6
00:24:6c:7a:8b:31,5200,true,-78,eduroam,64077575221,6
00:24:6c:7d:f7:21,2412,true,-54,eduroam,64077575215,6
00:24:6c:7d:f7:20,2412,true,-54,Welcome_KAIST,64077575210,6
00:24:6c:7d:f7:11,5180,true,-87,eduroam,64077575205,6
00:24:6c:7d:f7:10,5180,true,-88,Welcome_KAIST,64077575197,6
00:24:6c:7d:fb:51,5805,true,-95,eduroam,64077575191,6
88:36:6c:92:5d:84,5785,true,-88,DILAB-519-5Ghz,64077575185,6
90:9f:33:f9:11:de,5785,true,-81,wit_5G,64077575177,6
6c:f3:7f:fa:ab:21,2472,true,-77,eduroam,64077575171,6
00:24:6c:7d:f6:a0,2472,true,-69,Welcome_KAIST,64077575164,6
90:9f:33:ad:29:e8,2472,true,-95,Jmiptime2,64077575157,6
00:24:6c:7d:ff:21,2472,true,-97,eduroam,64077575152,6
00:24:6c:7d:f3:e0,2472,true,-81,Welcome_KAIST,64077575146,6
00:24:6c:7d:f7:01,2472,true,-92,eduroam,64077575142,6
00:24:6c:7d:f7:00,2472,true,-86,Welcome_KAIST,64077575136,6
6c:f3:7f:fa:ab:20,2472,true,-74,Welcome_KAIST,64077575117,6
00:24:6c:7d:fe:01,2452,false,-67,eduroam,64075706745,6
00:24:6c:7d:fe:00,2452,false,-67,Welcome_KAIST,64075706740,6
2a:56:5a:61:f9:0b,2437,false,-81,DIRECT-0b-HP M477 LaserJet,64075706736,6
88:36:6c:27:2a:10,2422,false,-75,DILAB-516-2.4Ghz,64075706731,6
00:24:6c:7d:fe:11,5220,false,-70,eduroam,64075706727,6
00:24:6c:7d:fe:10,5220,false,-70,Welcome_KAIST,64075706723,6
00:24:6c:7d:f5:11,5180,false,-91,eduroam,64075706716,6
00:24:6c:7d:f5:10,5180,false,-94,Welcome_KAIST,64075706712,6
00:24:6c:7d:f2:b0,5180,false,-88,Welcome_KAIST,64075706709,6
1a:4f:32:93:be:f1,2412,false,-70,DIRECT-f1-HP M402 LaserJet,64075706705,6
00:24:6c:7d:f6:f1,5180,false,-82,eduroam,64075706695,6
00:24:6c:7d:f2:b1,5180,false,-87,eduroam,64075706689,6
00:24:6c:7d:f6:f0,5180,false,-81,Welcome_KAIST,64075706683,6
a0:40:a0:56:08:f8,5765,false,-95,,64075706676,6
00:24:6c:7d:f5:01,2472,false,-83,eduroam,64075706670,6
00:24:6c:7d:f2:a0,2472,false,-87,Welcome_KAIST,64075706666,6
00:24:6c:7d:f3:e1,2472,false,-71,eduroam,64075706649,6
00:24:6c:7e:03:d1,5180,false,-92,eduroam,64073826320,6
00:24:6c:7e:03:d0,5180,false,-92,Welcome_KAIST,64073826315,6
02:15:99:ea:c4:04,2462,false,-86,DIRECT-wdC410 Series,64073826287,6
00:24:6c:7d:fb:51,5805,true,-93,eduroam,64079444275,7
00:24:6c:7d:fb:50,5805,true,-94,Welcome_KAIST,64079444268,7
6c:f3:7f:fa:ab:31,5805,true,-71,eduroam,64079444263,7
6c:f3:7f:fa:ab:30,5805,true,-72,Welcome_KAIST,64079444259,7
00:24:6c:7d:f7:f1,5805,true,-83,eduroam,64079444254,7
00:24:6c:7d:f7:f0,5805,true,-82,Welcome_KAIST,64079444248,7
6c:70:9f:e3:3a:a7,5785,true,-81,Air WiFi,64079444245,7
90:9f:33:f9:11:de,5785,true,-68,wit_5G,64079444239,7
88:36:6c:be:8e:74,5745,true,-85,moonlab_5G,64079444233,7
00:24:6c:7d:f3:11,5745,true,-56,eduroam,64079444227,7
00:24:6c:7d:f3:10,5745,true,-53,Welcome_KAIST,64079444224,7
70:8b:cd:2f:82:64,5745,true,-60,LIT_5G,64079444219,7
86:25:19:28:f0:86,2462,true,-93,DIRECT-qYM262x 282x Series,64079444212,7
a0:40:a0:56:08:f7,5240,true,-92,NMSL_N1_721,64079444206,7
00:24:6c:7d:f7:20,2412,true,-49,Welcome_KAIST,64079444202,7
00:24:6c:7a:8b:31,5200,true,-79,eduroam,64079444198,7
00:24:6c:7a:8b:30,5200,true,-79,Welcome_KAIST,64079444192,7
00:24:6c:7d:f7:31,5200,true,-48,eduroam,64079444188,7
00:24:6c:7d:f7:30,5200,true,-48,Welcome_KAIST,64079444184,7
00:24:6c:7d:f6:a1,2472,true,-68,eduroam,64079444179,7
b2:52:16:12:63:77,2462,true,-87,HP-Setup>77-M477 LaserJet,64079444172,7
96:53:30:7c:92:23,2437,true,-76,DIRECT-23-HP M402 LaserJet,64079444167,7
34:68:95:09:c6:90,2437,true,-81,HP-Print-90-Color LaserJet MFP,64079444160,7
00:24:6c:7d:f6:b1,5220,true,-66,eduroam,64079444156,7
00:24:6c:7d:f6:b0,5220,true,-67,Welcome_KAIST,64079444152,7
00:24:6c:7d:f6:91,5220,true,-95,eduroam,64079444144,7
00:24:6c:7d:f3:f1,5200,true,-83,eduroam,64079444137,7
00:24:6c:7d:f3:f0,5200,true,-84,Welcome_KAIST,64079444132,7
6c:70:9f:e3:3a:a6,2412,true,-66,Air WiFi,64079444125,7
00:24:6c:7d:fd:b1,5180,true,-75,eduroam,64079444117,7
00:24:6c:7d:fd:b0,5180,true,-76,Welcome_KAIST,64079444102,7
64:e5:99:da:03:6c,5240,false,-84,WCSL 5GHz,64077575227,7
00:24:6c:7d:f7:21,2412,false,-54,eduroam,64077575215,7
00:24:6c:7d:f7:11,5180,false,-87,eduroam,64077575205,7
00:24:6c:7d:f7:10,5180,false,-88,Welcome_KAIST,64077575197,7
88:36:6c:92:5d:84,5785,false,-88,DILAB-519-5Ghz,64077575185,7
6c:f3:7f:fa:ab:21,2472,false,-77,eduroam,64077575171,7
00:24:6c:7d:f6:a0,2472,false,-69,Welcome_KAIST,64077575164,7
90:9f:33:ad:29:e8,2472,false,-95,Jmiptime2,64077575157,7
00:24:6c:7d:ff:21,2472,false,-97,eduroam,64077575152,7
00:24:6c:7d:f3:e0,2472,false,-81,Welcome_KAIST,64077575146,7
00:24:6c:7d:f7:01,2472,false,-92,eduroam,64077575142,7
00:24:6c:7d:f7:00,2472,false,-86,Welcome_KAIST,64077575136,7
6c:f3:7f:fa:ab:20,2472,false,-74,Welcome_KAIST,64077575117,7
00:24:6c:7d:fe:01,2452,false,-67,eduroam,64075706745,7
00:24:6c:7d:fe:00,2452,false,-67,Welcome_KAIST,64075706740,7
2a:56:5a:61:f9:0b,2437,false,-81,DIRECT-0b-HP M477 LaserJet,64075706736,7
88:36:6c:27:2a:10,2422,false,-75,DILAB-516-2.4Ghz,64075706731,7
00:24:6c:7d:fe:11,5220,false,-70,eduroam,64075706727,7
00:24:6c:7d:fe:10,5220,false,-70,Welcome_KAIST,64075706723,7
00:24:6c:7d:f5:11,5180,false,-91,eduroam,64075706716,7
00:24:6c:7d:f5:10,5180,false,-94,Welcome_KAIST,64075706712,7
00:24:6c:7d:f2:b0,5180,false,-88,Welcome_KAIST,64075706709,7
1a:4f:32:93:be:f1,2412,false,-70,DIRECT-f1-HP M402 LaserJet,64075706705,7
00:24:6c:7d:f6:f1,5180,false,-82,eduroam,64075706695,7
00:24:6c:7d:f2:b1,5180,false,-87,eduroam,64075706689,7
00:24:6c:7d:f6:f0,5180,false,-81,Welcome_KAIST,64075706683,7
a0:40:a0:56:08:f8,5765,false,-95,,64075706676,7
00:24:6c:7d:f5:01,2472,false,-83,eduroam,64075706670,7
00:24:6c:7d:f2:a0,2472,false,-87,Welcome_KAIST,64075706666,7
00:24:6c:7d:f3:e1,2472,false,-71,eduroam,64075706649,7
00:24:6c:7e:03:d1,5180,false,-92,eduroam,64073826320,7
00:24:6c:7e:03:d0,5180,false,-92,Welcome_KAIST,64073826315,7
02:15:99:ea:c4:04,2462,false,-86,DIRECT-wdC410 Series,64073826287,7
00:24:6c:7d:f7:f0,5805,true,-81,Welcome_KAIST,64081314131,8
6c:f3:7f:fa:ab:31,5805,true,-62,eduroam,64081314126,8
6c:f3:7f:fa:ab:30,5805,true,-62,Welcome_KAIST,64081314122,8
00:24:6c:7d:f7:f1,5805,true,-79,eduroam,64081314119,8
88:36:6c:92:5d:84,5785,true,-92,DILAB-519-5Ghz,64081314114,8
90:9f:33:f9:11:de,5785,true,-66,wit_5G,64081314110,8
6c:70:9f:e3:3a:a7,5785,true,-81,Air WiFi,64081314106,8
a0:40:a0:56:08:f8,5765,true,-87,,64081314100,8
70:8b:cd:2f:82:64,5745,true,-56,LIT_5G,64081314096,8
00:24:6c:7d:f3:11,5745,true,-57,eduroam,64081314092,8
00:24:6c:7d:f3:10,5745,true,-56,Welcome_KAIST,64081314088,8
6c:f3:7f:fa:ab:21,2472,true,-64,eduroam,64081314084,8
00:24:6c:7d:f6:a1,2472,true,-65,eduroam,64081314081,8
00:24:6c:7d:f6:a0,2472,true,-65,Welcome_KAIST,64081314077,8
00:24:6c:7d:f4:20,2472,true,-94,Welcome_KAIST,64081314072,8
00:24:6c:7d:f3:e1,2472,true,-83,eduroam,64081314069,8
00:24:6c:7d:f3:e0,2472,true,-83,Welcome_KAIST,64081314064,8
00:24:6c:7d:f7:01,2472,true,-83,eduroam,64081314058,8
00:24:6c:7d:f7:00,2472,true,-81,Welcome_KAIST,64081314053,8
00:24:6c:7d:f5:00,2472,true,-96,Welcome_KAIST,64081314046,8
6c:f3:7f:fa:ab:20,2472,true,-63,Welcome_KAIST,64081314039,8
00:24:6c:7d:fe:01,2452,true,-72,eduroam,64081314035,8
90:9f:33:fa:11:de,2432,true,-68,wit,64081314029,8
64:e5:99:da:03:6c,5240,true,-76,WCSL 5GHz,64081314025,8
00:24:6c:7d:f6:91,5220,true,-77,eduroam,64081314021,8
00:24:6c:7d:f6:90,5220,true,-77,Welcome_KAIST,64081314016,8
00:24:6c:7d:f6:b1,5220,true,-67,eduroam,64081314014,8
00:24:6c:7d:f6:b0,5220,true,-67,Welcome_KAIST,64081314009,8
00:24:6c:7d:f7:21,2412,true,-46,eduroam,64081314004,8
00:24:6c:7d:f7:20,2412,true,-46,Welcome_KAIST,64081314000,8
00:24:6c:7d:f3:01,2412,true,-57,eduroam,64081313996,8
00:24:6c:7a:8b:31,5200,true,-78,eduroam,64081313992,8
00:24:6c:7a:8b:30,5200,true,-78,Welcome_KAIST,64081313986,8
00:24:6c:7d:f3:00,2412,true,-58,Welcome_KAIST,64081313978,8
00:24:6c:7d:f7:11,5180,true,-87,eduroam,64081313973,8
00:24:6c:7d:f7:10,5180,true,-88,Welcome_KAIST,64081313967,8
6c:70:9f:e3:3a:a6,2412,true,-81,Air WiFi,64081313962,8
00:24:6c:7d:fb:51,5805,true,-93,eduroam,64081313958,8
00:24:6c:7d:fb:50,5805,true,-94,Welcome_KAIST,64081313950,8
88:36:6c:be:8e:74,5745,true,-85,moonlab_5G,64081313944,8
86:25:19:28:f0:86,2462,true,-93,DIRECT-qYM262x 282x Series,64081313936,8
a0:40:a0:56:08:f7,5240,true,-92,NMSL_N1_721,64081313925,8
00:24:6c:7d:f7:31,5200,true,-48,eduroam,64081313920,8
00:24:6c:7d:f7:30,5200,true,-48,Welcome_KAIST,64081313913,8
b2:52:16:12:63:77,2462,true,-87,HP-Setup>77-M477 LaserJet,64081313891,8
96:53:30:7c:92:23,2437,false,-76,DIRECT-23-HP M402 LaserJet,64079444167,8
34:68:95:09:c6:90,2437,false,-81,HP-Print-90-Color LaserJet MFP,64079444160,8
00:24:6c:7d:f3:f1,5200,false,-83,eduroam,64079444137,8
00:24:6c:7d:f3:f0,5200,false,-84,Welcome_KAIST,64079444132,8
00:24:6c:7d:fd:b1,5180,false,-75,eduroam,64079444117,8
00:24:6c:7d:fd:b0,5180,false,-76,Welcome_KAIST,64079444102,8
90:9f:33:ad:29:e8,2472,false,-95,Jmiptime2,64077575157,8
00:24:6c:7d:ff:21,2472,false,-97,eduroam,64077575152,8
00:24:6c:7d:fe:00,2452,false,-67,Welcome_KAIST,64075706740,8
2a:56:5a:61:f9:0b,2437,false,-81,DIRECT-0b-HP M477 LaserJet,64075706736,8
88:36:6c:27:2a:10,2422,false,-75,DILAB-516-2.4Ghz,64075706731,8
00:24:6c:7d:fe:11,5220,false,-70,eduroam,64075706727,8
00:24:6c:7d:fe:10,5220,false,-70,Welcome_KAIST,64075706723,8
00:24:6c:7d:f5:11,5180,false,-91,eduroam,64075706716,8
00:24:6c:7d:f5:10,5180,false,-94,Welcome_KAIST,64075706712,8
00:24:6c:7d:f2:b0,5180,false,-88,Welcome_KAIST,64075706709,8
1a:4f:32:93:be:f1,2412,false,-70,DIRECT-f1-HP M402 LaserJet,64075706705,8
00:24:6c:7d:f6:f1,5180,false,-82,eduroam,64075706695,8
00:24:6c:7d:f2:b1,5180,false,-87,eduroam,64075706689,8
00:24:6c:7d:f6:f0,5180,false,-81,Welcome_KAIST,64075706683,8
00:24:6c:7d:f5:01,2472,false,-83,eduroam,64075706670,8
00:24:6c:7d:f2:a0,2472,false,-87,Welcome_KAIST,64075706666,8
6c:f3:7f:fa:ab:31,5805,true,-62,eduroam,64083214819,9
6c:f3:7f:fa:ab:30,5805,true,-66,Welcome_KAIST,64083214815,9
18:31:bf:46:ff:dc,5785,true,-80,KECI_5G,64083214811,9
2c:56:dc:84:dd:8c,5785,true,-75,ISILAB_5,64083214808,9
6c:70:9f:e3:3a:a7,5785,true,-85,Air WiFi,64083214804,9
90:9f:33:f9:11:de,5785,true,-63,wit_5G,64083214800,9
88:36:6c:be:8e:74,5745,true,-68,moonlab_5G,64083214797,9
6c:70:9f:e0:92:7f,5745,true,-87,HCIL,64083214793,9
6e:7f:92:e0:9f:70,5745,true,-84,HCIL guest,64083214788,9
00:24:6c:7d:f3:11,5745,true,-59,eduroam,64083214783,9
00:24:6c:7d:f3:10,5745,true,-57,Welcome_KAIST,64083214780,9
70:8b:cd:2f:82:64,5745,true,-44,LIT_5G,64083214775,9
6c:f3:7f:fa:ab:20,2472,true,-63,Welcome_KAIST,64083214772,9
6c:f3:7f:fa:ab:21,2472,true,-63,eduroam,64083214769,9
88:36:6c:be:8e:76,2467,true,-75,moonlab,64083214753,9
64:e5:99:d4:d8:76,2462,true,-74,iptime_DY,64083214749,9
86:25:19:28:f0:86,2462,true,-93,DIRECT-qYM262x 282x Series,64083214746,9
00:24:6c:7d:f7:e1,2432,true,-80,eduroam,64083214742,9
64:e5:99:d4:8d:e6,2437,true,-83,N1-814,64083214737,9
00:24:6c:7d:f7:20,2412,true,-46,Welcome_KAIST,64083214734,9
a0:40:a0:56:08:f7,5240,true,-91,NMSL_N1_721,64083214731,9
00:24:6c:7d:f7:21,2412,true,-56,eduroam,64083214727,9
00:24:6c:7d:f6:b1,5220,true,-70,eduroam,64083214725,9
00:24:6c:7d:f6:b0,5220,true,-71,Welcome_KAIST,64083214722,9
70:8b:cd:2f:82:60,2417,true,-53,LIT_2.4G,64083214718,9
00:24:6c:7d:f3:00,2412,true,-57,Welcome_KAIST,64083214716,9
00:24:6c:7d:f7:31,5200,true,-44,eduroam,64083214712,9
00:24:6c:7d:f7:30,5200,true,-43,Welcome_KAIST,64083214710,9
00:24:6c:7d:f3:f1,5200,true,-80,eduroam,64083214706,9
00:24:6c:7d:f3:f0,5200,true,-81,Welcome_KAIST,64083214703,9
6c:70:9f:e3:3a:a6,2412,true,-74,Air WiFi,64083214700,9
fa:da:0c:49:f0:5f,2412,true,-82,DIRECT-5f-HP M377 LaserJet,64083214695,9
00:24:6c:7d:fd:b1,5180,true,-91,eduroam,64083214691,9
00:24:6c:7d:fd:b0,5180,true,-91,Welcome_KAIST,64083214685,9
00:24:6c:7d:f6:f1,5180,true,-79,eduroam,64083214682,9
00:24:6c:7d:f7:f0,5805,true,-81,Welcome_KAIST,64083214678,9
00:24:6c:7d:f7:f1,5805,true,-79,eduroam,64083214675,9
88:36:6c:92:5d:84,5785,true,-92,DILAB-519-5Ghz,64083214670,9
a0:40:a0:56:08:f8,5765,true,-87,,64083214664,9
00:24:6c:7d:f6:a1,2472,true,-65,eduroam,64083214661,9
00:24:6c:7d:f6:a0,2472,true,-65,Welcome_KAIST,64083214658,9
00:24:6c:7d:f4:20,2472,true,-94,Welcome_KAIST,64083214653,9
00:24:6c:7d:f3:e1,2472,true,-83,eduroam,64083214650,9
00:24:6c:7d:f3:e0,2472,true,-83,Welcome_KAIST,64083214645,9
00:24:6c:7d:f7:01,2472,true,-83,eduroam,64083214641,9
00:24:6c:7d:f7:00,2472,true,-81,Welcome_KAIST,64083214636,9
00:24:6c:7d:f5:00,2472,true,-96,Welcome_KAIST,64083214629,9
00:24:6c:7d:fe:01,2452,true,-72,eduroam,64083214624,9
90:9f:33:fa:11:de,2432,true,-68,wit,64083214620,9
64:e5:99:da:03:6c,5240,true,-76,WCSL 5GHz,64083214616,9
00:24:6c:7d:f6:91,5220,true,-77,eduroam,64083214613,9
00:24:6c:7d:f6:90,5220,true,-77,Welcome_KAIST,64083214607,9
00:24:6c:7d:f3:01,2412,true,-57,eduroam,64083214600,9
00:24:6c:7a:8b:31,5200,true,-78,eduroam,64083214597,9
00:24:6c:7a:8b:30,5200,true,-78,Welcome_KAIST,64083214591,9
00:24:6c:7d:f7:11,5180,true,-87,eduroam,64083214586,9
00:24:6c:7d:f7:10,5180,true,-88,Welcome_KAIST,64083214579,9
00:24:6c:7d:fb:51,5805,true,-93,eduroam,64083214576,9
00:24:6c:7d:fb:50,5805,true,-94,Welcome_KAIST,64083214557,9
b2:52:16:12:63:77,2462,false,-87,HP-Setup>77-M477 LaserJet,64081313891,9
96:53:30:7c:92:23,2437,false,-76,DIRECT-23-HP M402 LaserJet,64079444167,9
34:68:95:09:c6:90,2437,false,-81,HP-Print-90-Color LaserJet MFP,64079444160,9
90:9f:33:ad:29:e8,2472,false,-95,Jmiptime2,64077575157,9
00:24:6c:7d:ff:21,2472,false,-97,eduroam,64077575152,9
04:8d:38:16:8d:05,5805,true,-91,,64085072469,10
6c:f3:7f:fa:ab:31,5805,true,-63,eduroam,64085072464,10
6c:f3:7f:fa:ab:30,5805,true,-61,Welcome_KAIST,64085072460,10
00:24:6c:7d:f7:f1,5805,true,-79,eduroam,64085072457,10
00:24:6c:7d:f7:f0,5805,true,-80,Welcome_KAIST,64085072452,10
90:9f:33:f9:11:de,5785,true,-72,wit_5G,64085072448,10
b0:6e:bf:a3:90:84,5765,true,-92,Askai-ASUS_80_5G,64085072444,10
9c:d6:43:c8:11:82,5765,true,-77,JoyK,64085072438,10
6c:70:9f:e0:92:7f,5745,true,-85,HCIL,64085072435,10
6e:7f:92:e0:9f:70,5745,true,-85,HCIL guest,64085072430,10
00:24:6c:7d:f4:31,5745,true,-81,eduroam,64085072425,10
00:24:6c:7d:f4:30,5745,true,-82,Welcome_KAIST,64085072420,10
00:24:6c:7d:f5:d1,5745,true,-83,eduroam,64085072415,10
00:24:6c:7d:f3:11,5745,true,-63,eduroam,64085072411,10
00:24:6c:7d:f3:10,5745,true,-56,Welcome_KAIST,64085072407,10
70:8b:cd:2f:82:64,5745,true,-46,LIT_5G,64085072402,10
00:24:6c:7d:f6:a1,2472,true,-64,eduroam,64085072399,10
6c:f3:7f:fa:ab:21,2472,true,-62,eduroam,64085072397,10
6c:f3:7f:fa:ab:20,2472,true,-65,Welcome_KAIST,64085072393,10
88:36:6c:be:8e:76,2467,true,-69,moonlab,64085072390,10
00:24:6c:7d:f7:21,2412,true,-54,eduroam,64085072386,10
a0:40:a0:56:08:f7,5240,true,-72,NMSL_N1_721,64085072383,10
64:e5:99:da:03:6c,5240,true,-59,WCSL 5GHz,64085072378,10
00:24:6c:7d:f7:20,2412,true,-52,Welcome_KAIST,64085072375,10
00:24:6c:7d:f6:b0,5220,true,-67,Welcome_KAIST,64085072367,10
00:24:6c:7d:f6:91,5220,true,-62,eduroam,64085072364,10
00:24:6c:7d:f6:90,5220,true,-62,Welcome_KAIST,64085072359,10
00:24:6c:7d:fe:10,5220,true,-78,Welcome_KAIST,64085072355,10
00:24:6c:7d:f3:f1,5200,true,-72,eduroam,64085072351,10
00:24:6c:7d:f3:f0,5200,true,-73,Welcome_KAIST,64085072348,10
00:24:6c:7a:8b:31,5200,true,-57,eduroam,64085072344,10
00:24:6c:7a:8b:30,5200,true,-58,Welcome_KAIST,64085072339,10
00:24:6c:7d:f6:f1,5180,true,-60,eduroam,64085072336,10
00:24:6c:7d:f6:f0,5180,true,-63,Welcome_KAIST,64085072331,10
18:31:bf:46:ff:dc,5785,true,-80,KECI_5G,64085072327,10
2c:56:dc:84:dd:8c,5785,true,-75,ISILAB_5,64085072321,10
6c:70:9f:e3:3a:a7,5785,true,-85,Air WiFi,64085072316,10
88:36:6c:be:8e:74,5745,true,-68,moonlab_5G,64085072309,10
64:e5:99:d4:d8:76,2462,true,-74,iptime_DY,64085072302,10
86:25:19:28:f0:86,2462,true,-93,DIRECT-qYM262x 282x Series,64085072298,10
00:24:6c:7d:f7:e1,2432,true,-80,eduroam,64085072294,10
64:e5:99:d4:8d:e6,2437,true,-83,N1-814,64085072287,10
00:24:6c:7d:f6:b1,5220,true,-70,eduroam,64085072284,10
70:8b:cd:2f:82:60,2417,true,-53,LIT_2.4G,64085072277,10
00:24:6c:7d:f3:00,2412,true,-57,Welcome_KAIST,64085072273,10
00:24:6c:7d:f7:31,5200,true,-44,eduroam,64085072270,10
00:24:6c:7d:f7:30,5200,true,-43,Welcome_KAIST,64085072265,10
6c:70:9f:e3:3a:a6,2412,true,-74,Air WiFi,64085072261,10
fa:da:0c:49:f0:5f,2412,true,-82,DIRECT-5f-HP M377 LaserJet,64085072254,10
00:24:6c:7d:fd:b1,5180,true,-91,eduroam,64085072246,10
00:24:6c:7d:fd:b0,5180,true,-91,Welcome_KAIST,64085072242,10
88:36:6c:92:5d:84,5785,true,-92,DILAB-519-5Ghz,64085072236,10
a0:40:a0:56:08:f8,5765,true,-87,,64085072228,10
00:24:6c:7d:f6:a0,2472,true,-65,Welcome_KAIST,64085072222,10
00:24:6c:7d:f4:20,2472,true,-94,Welcome_KAIST,64085072216,10
00:24:6c:7d:f3:e1,2472,true,-83,eduroam,64085072212,10
00:24:6c:7d:f3:e0,2472,true,-83,Welcome_KAIST,64085072207,10
00:24:6c:7d:f7:01,2472,true,-83,eduroam,64085072203,10
00:24:6c:7d:f7:00,2472,true,-81,Welcome_KAIST,64085072197,10
00:24:6c:7d:f5:00,2472,true,-96,Welcome_KAIST,64085072181,10
00:24:6c:7d:fe:01,2452,false,-72,eduroam,64083214624,10
90:9f:33:fa:11:de,2432,false,-68,wit,64083214620,10
00:24:6c:7d:f3:01,2412,false,-57,eduroam,64083214600,10
00:24:6c:7d:f7:11,5180,false,-87,eduroam,64083214586,10
00:24:6c:7d:f7:10,5180,false,-88,Welcome_KAIST,64083214579,10
00:24:6c:7d:fb:51,5805,false,-93,eduroam,64083214576,10
00:24:6c:7d:fb:50,5805,false,-94,Welcome_KAIST,64083214557,10
b2:52:16:12:63:77,2462,false,-87,HP-Setup>77-M477 LaserJet,64081313891,10
96:53:30:7c:92:23,2437,false,-76,DIRECT-23-HP M402 LaserJet,64079444167,10
34:68:95:09:c6:90,2437,false,-81,HP-Print-90-Color LaserJet MFP,64079444160,10
6c:f3:7f:fa:ab:31,5805,true,-70,eduroam,64086970720,11
6c:f3:7f:fa:ab:30,5805,true,-67,Welcome_KAIST,64086970717,11
90:9f:33:f9:11:de,5785,true,-71,wit_5G,64086970713,11
00:24:6c:7d:f5:d1,5745,true,-82,eduroam,64086970709,11
00:24:6c:7d:f5:d0,5745,true,-82,Welcome_KAIST,64086970704,11
6c:70:9f:e0:92:7f,5745,true,-83,HCIL,64086970700,11
6e:7f:92:e0:9f:70,5745,true,-82,HCIL guest,64086970696,11
00:24:6c:7d:f3:11,5745,true,-70,eduroam,64086970692,11
00:24:6c:7d:f3:10,5745,true,-56,Welcome_KAIST,64086970687,11
70:8b:cd:2f:82:64,5745,true,-53,LIT_5G,64086970683,11
00:24:6c:7d:f6:a0,2472,true,-66,Welcome_KAIST,64086970677,11
fa:8f:ca:35:de:69,5240,true,-79,,64086970673,11
a0:40:a0:56:08:f7,5240,true,-76,NMSL_N1_721,64086970670,11
64:e5:99:da:03:6c,5240,true,-60,WCSL 5GHz,64086970665,11
00:24:6c:7d:f7:21,2412,true,-50,eduroam,64086970661,11
00:24:6c:7d:f7:31,5200,true,-48,eduroam,64086970658,11
00:24:6c:7a:8b:31,5200,true,-59,eduroam,64086970654,11
00:24:6c:7a:8b:30,5200,true,-60,Welcome_KAIST,64086970651,11
00:24:6c:7d:f7:30,5200,true,-50,Welcome_KAIST,64086970648,11
00:24:6c:7e:03:d1,5180,true,-94,eduroam,64086970642,11
00:24:6c:7d:f7:11,5180,true,-93,eduroam,64086970640,11
00:24:6c:7d:f7:10,5180,true,-94,Welcome_KAIST,64086970636,11
00:24:6c:7d:f5:11,5180,true,-83,eduroam,64086970632,11
00:24:6c:7d:f5:10,5180,true,-85,Welcome_KAIST,64086970626,11
04:8d:38:16:8d:05,5805,true,-91,,64086970620,11
00:24:6c:7d:f7:f1,5805,true,-79,eduroam,64086970616,11
00:24:6c:7d:f7:f0,5805,true,-80,Welcome_KAIST,64086970607,11
b0:6e:bf:a3:90:84,5765,true,-92,Askai-ASUS_80_5G,64086970602,11
9c:d6:43:c8:11:82,5765,true,-77,JoyK,64086970596,11
00:24:6c:7d:f4:31,5745,true,-81,eduroam,64086970590,11
00:24:6c:7d:f4:30,5745,true,-82,Welcome_KAIST,64086970586,11
00:24:6c:7d:f6:a1,2472,true,-64,eduroam,64086970582,11
6c:f3:7f:fa:ab:21,2472,true,-62,eduroam,64086970579,11
6c:f3:7f:fa:ab:20,2472,true,-65,Welcome_KAIST,64086970573,11
88:36:6c:be:8e:76,2467,true,-69,moonlab,64086970569,11
00:24:6c:7d:f7:20,2412,true,-52,Welcome_KAIST,64086970565,11
00:24:6c:7d:f6:b0,5220,true,-67,Welcome_KAIST,64086970560,11
00:24:6c:7d:f6:91,5220,true,-62,eduroam,64086970556,11
00:24:6c:7d:f6:90,5220,true,-62,Welcome_KAIST,64086970550,11
00:24:6c:7d:fe:10,5220,true,-78,Welcome_KAIST,64086970545,11
00:24:6c:7d:f3:f1,5200,true,-72,eduroam,64086970540,11
00:24:6c:7d:f3:f0,5200,true,-73,Welcome_KAIST,64086970536,11
00:24:6c:7d:f6:f1,5180,true,-60,eduroam,64086970532,11
00:24:6c:7d:f6:f0,5180,true,-63,Welcome_KAIST,64086970525,11
18:31:bf:46:ff:dc,5785,true,-80,KECI_5G,64086970520,11
2c:56:dc:84:dd:8c,5785,true,-75,ISILAB_5,64086970514,11
6c:70:9f:e3:3a:a7,5785,true,-85,Air WiFi,64086970508,11
88:36:6c:be:8e:74,5745,true,-68,moonlab_5G,64086970499,11
64:e5:99:d4:d8:76,2462,true,-74,iptime_DY,64086970492,11
86:25:19:28:f0:86,2462,true,-93,DIRECT-qYM262x 282x Series,64086970476,11
00:24:6c:7d:f7:e1,2432,false,-80,eduroam,64085072294,11
64:e5:99:d4:8d:e6,2437,false,-83,N1-814,64085072287,11
00:24:6c:7d:f6:b1,5220,false,-70,eduroam,64085072284,11
70:8b:cd:2f:82:60,2417,false,-53,LIT_2.4G,64085072277,11
00:24:6c:7d:f3:00,2412,false,-57,Welcome_KAIST,64085072273,11
6c:70:9f:e3:3a:a6,2412,false,-74,Air WiFi,64085072261,11
fa:da:0c:49:f0:5f,2412,false,-82,DIRECT-5f-HP M377 LaserJet,64085072254,11
00:24:6c:7d:fd:b1,5180,false,-91,eduroam,64085072246,11
00:24:6c:7d:fd:b0,5180,false,-91,Welcome_KAIST,64085072242,11
88:36:6c:92:5d:84,5785,false,-92,DILAB-519-5Ghz,64085072236,11
a0:40:a0:56:08:f8,5765,false,-87,,64085072228,11
00:24:6c:7d:f4:20,2472,false,-94,Welcome_KAIST,64085072216,11
00:24:6c:7d:f3:e1,2472,false,-83,eduroam,64085072212,11
00:24:6c:7d:f3:e0,2472,false,-83,Welcome_KAIST,64085072207,11
00:24:6c:7d:f7:01,2472,false,-83,eduroam,64085072203,11
00:24:6c:7d:f7:00,2472,false,-81,Welcome_KAIST,64085072197,11
00:24:6c:7d:f5:00,2472,false,-96,Welcome_KAIST,64085072181,11
00:24:6c:7d:fe:01,2452,false,-72,eduroam,64083214624,11
90:9f:33:fa:11:de,2432,false,-68,wit,64083214620,11
00:24:6c:7d:f3:01,2412,false,-57,eduroam,64083214600,11
00:24:6c:7d:fb:51,5805,false,-93,eduroam,64083214576,11
00:24:6c:7d:fb:50,5805,false,-94,Welcome_KAIST,64083214557,11
b2:52:16:12:63:77,2462,false,-87,HP-Setup>77-M477 LaserJet,64081313891,11
04:8d:38:16:8d:05,5805,true,-91,,64088862076,12
6c:f3:7f:fa:ab:31,5805,true,-66,eduroam,64088862071,12
6c:f3:7f:fa:ab:30,5805,true,-67,Welcome_KAIST,64088862067,12
90:9f:33:f9:11:de,5785,true,-72,wit_5G,64088862062,12
9c:d6:43:c8:11:82,5765,true,-81,JoyK,64088862057,12
88:36:6c:be:8e:74,5745,true,-85,moonlab_5G,64088862051,12
00:24:6c:7d:f3:11,5745,true,-74,eduroam,64088862046,12
00:24:6c:7d:f3:10,5745,true,-69,Welcome_KAIST,64088862042,12
00:24:6c:7d:f5:d1,5745,true,-85,eduroam,64088862037,12
00:24:6c:7d:f5:d0,5745,true,-86,Welcome_KAIST,64088862033,12
70:8b:cd:2f:82:64,5745,true,-42,LIT_5G,64088862028,12
6c:f3:7f:fa:ab:21,2472,true,-64,eduroam,64088862025,12
00:24:6c:7d:f6:81,2472,true,-67,eduroam,64088862021,12
00:24:6c:7d:f6:a1,2472,true,-64,eduroam,64088862017,12
00:24:6c:7d:f6:e0,2452,true,-82,Welcome_KAIST,64088862012,12
6a:14:01:33:c9:8c,2437,true,-83,DIRECT-8c-HP M477 LaserJet,64088862006,12
a0:40:a0:56:08:f7,5240,true,-76,NMSL_N1_721,64088862001,12
64:e5:99:da:03:6c,5240,true,-61,WCSL 5GHz,64088861998,12
70:8b:cd:2f:82:60,2417,true,-48,LIT_2.4G,64088861992,12
00:24:6c:7d:f7:21,2412,true,-47,eduroam,64088861987,12
00:24:6c:7a:8b:31,5200,true,-58,eduroam,64088861983,12
00:24:6c:7d:f7:31,5200,true,-48,eduroam,64088861979,12
00:24:6c:7d:f7:30,5200,true,-48,Welcome_KAIST,64088861976,12
00:24:6c:7d:f3:f0,5200,true,-81,Welcome_KAIST,64088861972,12
00:24:6c:7d:f6:f1,5180,true,-68,eduroam,64088861969,12
00:24:6c:7d:f6:f0,5180,true,-71,Welcome_KAIST,64088861965,12
00:24:6c:7d:f5:11,5180,true,-87,eduroam,64088861960,12
6c:70:9f:e0:92:7f,5745,true,-83,HCIL,64088861956,12
6e:7f:92:e0:9f:70,5745,true,-82,HCIL guest,64088861948,12
00:24:6c:7d:f6:a0,2472,true,-66,Welcome_KAIST,64088861941,12
fa:8f:ca:35:de:69,5240,true,-79,,64088861936,12
00:24:6c:7a:8b:30,5200,true,-60,Welcome_KAIST,64088861928,12
00:24:6c:7e:03:d1,5180,true,-94,eduroam,64088861923,12
00:24:6c:7d:f7:11,5180,true,-93,eduroam,64088861917,12
00:24:6c:7d:f7:10,5180,true,-94,Welcome_KAIST,64088861913,12
00:24:6c:7d:f5:10,5180,true,-85,Welcome_KAIST,64088861906,12
00:24:6c:7d:f7:f1,5805,true,-79,eduroam,64088861902,12
00:24:6c:7d:f7:f0,5805,true,-80,Welcome_KAIST,64088861896,12
b0:6e:bf:a3:90:84,5765,true,-92,Askai-ASUS_80_5G,64088861884,12
00:24:6c:7d:f4:31,5745,true,-81,eduroam,64088861874,12
00:24:6c:7d:f4:30,5745,true,-82,Welcome_KAIST,64088861862,12
6c:f3:7f:fa:ab:20,2472,true,-65,Welcome_KAIST,64088861842,12
88:36:6c:be:8e:76,2467,true,-69,moonlab,64088861824,12
00:24:6c:7d:f7:20,2412,false,-52,Welcome_KAIST,64086970565,12
00:24:6c:7d:f6:b0,5220,false,-67,Welcome_KAIST,64086970560,12
00:24:6c:7d:f6:91,5220,false,-62,eduroam,64086970556,12
00:24:6c:7d:f6:90,5220,false,-62,Welcome_KAIST,64086970550,12
00:24:6c:7d:fe:10,5220,false,-78,Welcome_KAIST,64086970545,12
00:24:6c:7d:f3:f1,5200,false,-72,eduroam,64086970540,12
18:31:bf:46:ff:dc,5785,false,-80,KECI_5G,64086970520,12
2c:56:dc:84:dd:8c,5785,false,-75,ISILAB_5,64086970514,12
6c:70:9f:e3:3a:a7,5785,false,-85,Air WiFi,64086970508,12
64:e5:99:d4:d8:76,2462,false,-74,iptime_DY,64086970492,12
86:25:19:28:f0:86,2462,false,-93,DIRECT-qYM262x 282x Series,64086970476,12
00:24:6c:7d:f7:e1,2432,false,-80,eduroam,64085072294,12
64:e5:99:d4:8d:e6,2437,false,-83,N1-814,64085072287,12
00:24:6c:7d:f6:b1,5220,false,-70,eduroam,64085072284,12
00:24:6c:7d:f3:00,2412,false,-57,Welcome_KAIST,64085072273,12
6c:70:9f:e3:3a:a6,2412,false,-74,Air WiFi,64085072261,12
fa:da:0c:49:f0:5f,2412,false,-82,DIRECT-5f-HP M377 LaserJet,64085072254,12
00:24:6c:7d:fd:b1,5180,false,-91,eduroam,64085072246,12
00:24:6c:7d:fd:b0,5180,false,-91,Welcome_KAIST,64085072242,12
88:36:6c:92:5d:84,5785,false,-92,DILAB-519-5Ghz,64085072236,12
a0:40:a0:56:08:f8,5765,false,-87,,64085072228,12
00:24:6c:7d:f4:20,2472,false,-94,Welcome_KAIST,64085072216,12
00:24:6c:7d:f3:e1,2472,false,-83,eduroam,64085072212,12
00:24:6c:7d:f3:e0,2472,false,-83,Welcome_KAIST,64085072207,12
00:24:6c:7d:f7:01,2472,false,-83,eduroam,64085072203,12
00:24:6c:7d:f7:00,2472,false,-81,Welcome_KAIST,64085072197,12
00:24:6c:7d:f5:00,2472,false,-96,Welcome_KAIST,64085072181,12
00:24:6c:7d:fe:01,2452,false,-72,eduroam,64083214624,12
90:9f:33:fa:11:de,2432,false,-68,wit,64083214620,12
00:24:6c:7d:f3:01,2412,false,-57,eduroam,64083214600,12
00:24:6c:7d:fb:51,5805,false,-93,eduroam,64083214576,12
00:24:6c:7d:fb:50,5805,false,-94,Welcome_KAIST,64083214557,12
88:36:6c:ad:b6:84,5785,true,-91,CoCoA_5G,64090762182,13
2c:56:dc:84:dd:8c,5785,true,-74,ISILAB_5,64090762175,13
18:31:bf:46:ff:dc,5785,true,-75,KECI_5G,64090762171,13
90:9f:33:59:19:46,5745,true,-81,NDSL_5G,64090762165,13
00:24:6c:7d:f4:31,5745,true,-80,eduroam,64090762161,13
00:24:6c:7d:f4:30,5745,true,-81,Welcome_KAIST,64090762157,13
6c:70:9f:e0:92:7f,5745,true,-83,HCIL,64090762152,13
00:24:6c:7d:f5:d0,5745,true,-81,Welcome_KAIST,64090762149,13
6e:7f:92:e0:9f:70,5745,true,-85,HCIL guest,64090762144,13
00:24:6c:7d:f5:d1,5745,true,-87,eduroam,64090762137,13
00:24:6c:7d:f3:11,5745,true,-79,eduroam,64090762132,13
00:24:6c:7d:f3:10,5745,true,-69,Welcome_KAIST,64090762128,13
70:8b:cd:2f:82:64,5745,true,-36,LIT_5G,64090762122,13
6c:f3:7f:fa:ab:20,2472,true,-65,Welcome_KAIST,64090762071,13
00:24:6c:7d:f6:81,2472,true,-66,eduroam,64090762067,13
00:24:6c:7d:f6:80,2472,true,-67,Welcome_KAIST,64090762061,13
6c:f3:7f:fa:ab:21,2472,true,-65,eduroam,64090762059,13
00:24:6c:7a:8b:20,2432,true,-56,Welcome_KAIST,64090762054,13
00:24:6c:7a:8b:21,2432,true,-55,eduroam,64090762050,13
fa:8f:ca:35:de:69,5240,true,-84,,64090762046,13
a0:40:a0:56:08:f7,5240,true,-73,NMSL_N1_721,64090762040,13
64:e5:99:da:03:6c,5240,true,-60,WCSL 5GHz,64090762036,13
00:24:6c:7d:f7:21,2412,true,-65,eduroam,64090762032,13
00:24:6c:7d:f7:20,2412,true,-64,Welcome_KAIST,64090762028,13
00:24:6c:7a:8b:31,5200,true,-59,eduroam,64090762024,13
00:24:6c:7a:8b:30,5200,true,-59,Welcome_KAIST,64090762020,13
00:24:6c:7d:f3:f1,5200,true,-78,eduroam,64090762016,13
00:24:6c:7d:f3:f0,5200,true,-78,Welcome_KAIST,64090762012,13
00:24:6c:7d:f5:11,5180,true,-85,eduroam,64090762007,13
00:24:6c:7d:f6:f1,5180,true,-69,eduroam,64090762003,13
00:24:6c:7d:f6:f0,5180,true,-67,Welcome_KAIST,64090761999,13
04:8d:38:16:8d:05,5805,true,-91,,64090761991,13
6c:f3:7f:fa:ab:31,5805,true,-66,eduroam,64090761985,13
6c:f3:7f:fa:ab:30,5805,true,-67,Welcome_KAIST,64090761980,13
90:9f:33:f9:11:de,5785,true,-72,wit_5G,64090761974,13
9c:d6:43:c8:11:82,5765,true,-81,JoyK,64090761965,13
88:36:6c:be:8e:74,5745,true,-85,moonlab_5G,64090761956,13
00:24:6c:7d:f6:a1,2472,true,-64,eduroam,64090761949,13
00:24:6c:7d:f6:e0,2452,true,-82,Welcome_KAIST,64090761942,13
6a:14:01:33:c9:8c,2437,true,-83,DIRECT-8c-HP M477 LaserJet,64090761935,13
70:8b:cd:2f:82:60,2417,true,-48,LIT_2.4G,64090761927,13
00:24:6c:7d:f7:31,5200,true,-48,eduroam,64090761920,13
00:24:6c:7d:f7:30,5200,true,-48,Welcome_KAIST,64090761914,13
00:24:6c:7d:f6:a0,2472,true,-66,Welcome_KAIST,64090761894,13
00:24:6c:7e:03:d1,5180,false,-94,eduroam,64088861923,13
00:24:6c:7d:f7:11,5180,false,-93,eduroam,64088861917,13
00:24:6c:7d:f7:10,5180,false,-94,Welcome_KAIST,64088861913,13
00:24:6c:7d:f5:10,5180,false,-85,Welcome_KAIST,64088861906,13
00:24:6c:7d:f7:f1,5805,false,-79,eduroam,64088861902,13
00:24:6c:7d:f7:f0,5805,false,-80,Welcome_KAIST,64088861896,13
b0:6e:bf:a3:90:84,5765,false,-92,Askai-ASUS_80_5G,64088861884,13
88:36:6c:be:8e:76,2467,false,-69,moonlab,64088861824,13
00:24:6c:7d:f6:b0,5220,false,-67,Welcome_KAIST,64086970560,13
00:24:6c:7d:f6:91,5220,false,-62,eduroam,64086970556,13
00:24:6c:7d:f6:90,5220,false,-62,Welcome_KAIST,64086970550,13
00:24:6c:7d:fe:10,5220,false,-78,Welcome_KAIST,64086970545,13
6c:70:9f:e3:3a:a7,5785,false,-85,Air WiFi,64086970508,13
64:e5:99:d4:d8:76,2462,false,-74,iptime_DY,64086970492,13
86:25:19:28:f0:86,2462,false,-93,DIRECT-qYM262x 282x Series,64086970476,13
00:24:6c:7d:f7:e1,2432,false,-80,eduroam,64085072294,13
64:e5:99:d4:8d:e6,2437,false,-83,N1-814,64085072287,13
00:24:6c:7d:f6:b1,5220,false,-70,eduroam,64085072284,13
00:24:6c:7d:f3:00,2412,false,-57,Welcome_KAIST,64085072273,13
6c:70:9f:e3:3a:a6,2412,false,-74,Air WiFi,64085072261,13
fa:da:0c:49:f0:5f,2412,false,-82,DIRECT-5f-HP M377 LaserJet,64085072254,13
00:24:6c:7d:fd:b1,5180,false,-91,eduroam,64085072246,13
00:24:6c:7d:fd:b0,5180,false,-91,Welcome_KAIST,64085072242,13
88:36:6c:92:5d:84,5785,false,-92,DILAB-519-5Ghz,64085072236,13
a0:40:a0:56:08:f8,5765,false,-87,,64085072228,13
00:24:6c:7d:f4:20,2472,false,-94,Welcome_KAIST,64085072216,13
00:24:6c:7d:f3:e1,2472,false,-83,eduroam,64085072212,13
00:24:6c:7d:f3:e0,2472,false,-83,Welcome_KAIST,64085072207,13
00:24:6c:7d:f7:01,2472,false,-83,eduroam,64085072203,13
00:24:6c:7d:f7:00,2472,false,-81,Welcome_KAIST,64085072197,13
00:24:6c:7d:f5:00,2472,false,-96,Welcome_KAIST,64085072181,13
6c:f3:7f:fa:ab:31,5805,true,-79,eduroam,64092645103,14
6c:f3:7f:fa:ab:30,5805,true,-79,Welcome_KAIST,64092645100,14
90:9f:33:f9:11:de,5785,true,-74,wit_5G,64092645096,14
00:24:6c:7d:f8:71,5765,true,-94,eduroam,64092645091,14
9c:d6:43:c8:11:82,5765,true,-85,JoyK,64092645086,14
88:36:6c:be:8e:74,5745,true,-87,moonlab_5G,64092645081,14
70:8b:cd:2f:82:64,5745,true,-45,LIT_5G,64092645076,14
00:24:6c:7d:f3:10,5745,true,-80,Welcome_KAIST,64092645073,14
00:24:6c:7d:f6:a0,2472,true,-76,Welcome_KAIST,64092645069,14
00:24:6c:7d:f3:e1,2472,true,-73,eduroam,64092645065,14
6c:f3:7f:fa:ab:21,2472,true,-78,eduroam,64092645062,14
a0:40:a0:56:08:f7,5240,true,-75,NMSL_N1_721,64092645057,14
64:e5:99:da:03:6c,5240,true,-58,WCSL 5GHz,64092645053,14
70:8b:cd:2f:82:60,2417,true,-40,LIT_2.4G,64092645049,14
00:24:6c:7d:f7:31,5200,true,-61,eduroam,64092645044,14
00:24:6c:7d:f7:30,5200,true,-62,Welcome_KAIST,64092645041,14
00:24:6c:7d:f2:f1,5200,true,-86,eduroam,64092645036,14
00:24:6c:7d:f2:f0,5200,true,-86,Welcome_KAIST,64092645031,14
00:24:6c:7d:f5:11,5180,true,-85,eduroam,64092645025,14
00:24:6c:7d:f6:f1,5180,true,-64,eduroam,64092645022,14
00:24:6c:7d:f6:f0,5180,true,-66,Welcome_KAIST,64092645016,14
88:36:6c:ad:b6:84,5785,true,-91,CoCoA_5G,64092645010,14
2c:56:dc:84:dd:8c,5785,true,-74,ISILAB_5,64092645003,14
18:31:bf:46:ff:dc,5785,true,-75,KECI_5G,64092644997,14
90:9f:33:59:19:46,5745,true,-81,NDSL_5G,64092644990,14
00:24:6c:7d:f4:31,5745,true,-80,eduroam,64092644985,14
00:24:6c:7d:f4:30,5745,true,-81,Welcome_KAIST,64092644980,14
6c:70:9f:e0:92:7f,5745,true,-83,HCIL,64092644976,14
00:24:6c:7d:f5:d0,5745,true,-81,Welcome_KAIST,64092644971,14
6e:7f:92:e0:9f:70,5745,true,-85,HCIL guest,64092644965,14
00:24:6c:7d:f5:d1,5745,true,-87,eduroam,64092644959,14
00:24:6c:7d:f3:11,5745,true,-79,eduroam,64092644951,14
6c:f3:7f:fa:ab:20,2472,true,-65,Welcome_KAIST,64092644946,14
00:24:6c:7d:f6:81,2472,true,-66,eduroam,64092644941,14
00:24:6c:7d:f6:80,2472,true,-67,Welcome_KAIST,64092644934,14
00:24:6c:7a:8b:20,2432,true,-56,Welcome_KAIST,64092644931,14
00:24:6c:7a:8b:21,2432,true,-55,eduroam,64092644925,14
fa:8f:ca:35:de:69,5240,true,-84,,64092644919,14
00:24:6c:7d:f7:21,2412,true,-65,eduroam,64092644912,14
00:24:6c:7d:f7:20,2412,true,-64,Welcome_KAIST,64092644907,14
00:24:6c:7a:8b:31,5200,true,-59,eduroam,64092644898,14
00:24:6c:7a:8b:30,5200,true,-59,Welcome_KAIST,64092644892,14
00:24:6c:7d:f3:f1,5200,true,-78,eduroam,64092644887,14
00:24:6c:7d:f3:f0,5200,true,-78,Welcome_KAIST,64092644881,14
04:8d:38:16:8d:05,5805,true,-91,,64092644871,14
00:24:6c:7d:f6:a1,2472,true,-64,eduroam,64092644852,14
00:24:6c:7d:f6:e0,2452,false,-82,Welcome_KAIST,64090761942,14
6a:14:01:33:c9:8c,2437,false,-83,DIRECT-8c-HP M477 LaserJet,64090761935,14
00:24:6c:7e:03:d1,5180,false,-94,eduroam,64088861923,14
00:24:6c:7d:f7:11,5180,false,-93,eduroam,64088861917,14
00:24:6c:7d:f7:10,5180,false,-94,Welcome_KAIST,64088861913,14
00:24:6c:7d:f5:10,5180,false,-85,Welcome_KAIST,64088861906,14
00:24:6c:7d:f7:f1,5805,false,-79,eduroam,64088861902,14
00:24:6c:7d:f7:f0,5805,false,-80,Welcome_KAIST,64088861896,14
b0:6e:bf:a3:90:84,5765,false,-92,Askai-ASUS_80_5G,64088861884,14
88:36:6c:be:8e:76,2467,false,-69,moonlab,64088861824,14
00:24:6c:7d:f6:b0,5220,false,-67,Welcome_KAIST,64086970560,14
00:24:6c:7d:f6:91,5220,false,-62,eduroam,64086970556,14
00:24:6c:7d:f6:90,5220,false,-62,Welcome_KAIST,64086970550,14
00:24:6c:7d:fe:10,5220,false,-78,Welcome_KAIST,64086970545,14
6c:70:9f:e3:3a:a7,5785,false,-85,Air WiFi,64086970508,14
64:e5:99:d4:d8:76,2462,false,-74,iptime_DY,64086970492,14
86:25:19:28:f0:86,2462,false,-93,DIRECT-qYM262x 282x Series,64086970476,14
00:24:6c:7d:f3:10,5745,true,-86,Welcome_KAIST,64094533772,15
6c:f3:7f:fa:ab:31,5805,true,-85,eduroam,64094533767,15
6c:f3:7f:fa:ab:30,5805,true,-83,Welcome_KAIST,64094533763,15
90:9f:33:f9:11:de,5785,true,-80,wit_5G,64094533759,15
2c:56:dc:84:dd:8c,5785,true,-76,ISILAB_5,64094533753,15
a0:40:a0:56:08:f8,5765,true,-71,,64094533747,15
00:24:6c:7d:f5:d0,5745,true,-76,Welcome_KAIST,64094533744,15
00:24:6c:7d:f3:11,5745,true,-84,eduroam,64094533739,15
6e:7f:92:e0:9f:70,5745,true,-93,HCIL guest,64094533735,15
88:36:6c:45:40:fe,5745,true,-79,LANADA_AP_5GHz,64094533725,15
00:24:6c:7d:f5:d1,5745,true,-75,eduroam,64094533720,15
00:24:6c:7d:f4:31,5745,true,-69,eduroam,64094533712,15
00:24:6c:7d:f4:30,5745,true,-70,Welcome_KAIST,64094533708,15
90:9f:33:59:19:46,5745,true,-74,NDSL_5G,64094533703,15
6c:f3:7f:fa:ab:21,2472,true,-79,eduroam,64094533699,15
00:24:6c:7d:f4:21,2472,true,-68,eduroam,64094533695,15
00:24:6c:7d:f6:81,2472,true,-67,eduroam,64094533691,15
00:24:6c:7d:f4:20,2472,true,-71,Welcome_KAIST,64094533686,15
00:24:6c:7a:8b:20,2432,true,-58,Welcome_KAIST,64094533682,15
70:8b:cd:2f:82:60,2417,true,-64,LIT_2.4G,64094533678,15
00:24:6c:7a:26:31,5240,true,-95,eduroam,64094533673,15
a0:40:a0:56:08:f7,5240,true,-75,NMSL_N1_721,64094533668,15
64:e5:99:da:03:6c,5240,true,-56,WCSL 5GHz,64094533664,15
00:24:6c:7d:f7:51,5220,true,-91,eduroam,64094533658,15
00:24:6c:7d:f3:f1,5200,true,-71,eduroam,64094533653,15
00:24:6c:7d:f3:f0,5200,true,-71,Welcome_KAIST,64094533650,15
00:24:6c:7a:8b:31,5200,true,-56,eduroam,64094533646,15
00:24:6c:7a:8b:30,5200,true,-55,Welcome_KAIST,64094533641,15
00:24:6c:7d:f7:20,2412,true,-62,Welcome_KAIST,64094533636,15
00:24:6c:7e:03:d1,5180,true,-87,eduroam,64094533633,15
00:24:6c:7e:03:d0,5180,true,-85,Welcome_KAIST,64094533620,15
00:24:6c:7d:f5:11,5180,true,-80,eduroam,64094533615,15
00:24:6c:7d:f5:10,5180,true,-82,Welcome_KAIST,64094533611,15
00:24:6c:7d:f6:f1,5180,true,-61,eduroam,64094533608,15
00:24:6c:7d:f6:f0,5180,true,-61,Welcome_KAIST,64094533602,15
00:24:6c:7d:f8:71,5765,true,-94,eduroam,64094533598,15
9c:d6:43:c8:11:82,5765,true,-85,JoyK,64094533592,15
88:36:6c:be:8e:74,5745,true,-87,moonlab_5G,64094533585,15
70:8b:cd:2f:82:64,5745,true,-45,LIT_5G,64094533578,15
00:24:6c:7d:f6:a0,2472,true,-76,Welcome_KAIST,64094533573,15
00:24:6c:7d:f3:e1,2472,true,-73,eduroam,64094533569,15
00:24:6c:7d:f7:31,5200,true,-61,eduroam,64094533562,15
00:24:6c:7d:f7:30,5200,true,-62,Welcome_KAIST,64094533558,15
00:24:6c:7d:f2:f1,5200,true,-86,eduroam,64094533553,15
00:24:6c:7d:f2:f0,5200,true,-86,Welcome_KAIST,64094533547,15
88:36:6c:ad:b6:84,5785,true,-91,CoCoA_5G,64094533541,15
18:31:bf:46:ff:dc,5785,true,-75,KECI_5G,64094533531,15
6c:70:9f:e0:92:7f,5745,true,-83,HCIL,64094533523,15
6c:f3:7f:fa:ab:20,2472,true,-65,Welcome_KAIST,64094533515,15
00:24:6c:7d:f6:80,2472,true,-67,Welcome_KAIST,64094533497,15
00:24:6c:7a:8b:21,2432,false,-55,eduroam,64092644925,15
fa:8f:ca:35:de:69,5240,false,-84,,64092644919,15
00:24:6c:7d:f7:21,2412,false,-65,eduroam,64092644912,15
04:8d:38:16:8d:05,5805,false,-91,,64092644871,15
00:24:6c:7d:f6:a1,2472,false,-64,eduroam,64092644852,15
00:24:6c:7d:f6:e0,2452,false,-82,Welcome_KAIST,64090761942,15
6a:14:01:33:c9:8c,2437,false,-83,DIRECT-8c-HP M477 LaserJet,64090761935,15
00:24:6c:7d:f7:11,5180,false,-93,eduroam,64088861917,15
00:24:6c:7d:f7:10,5180,false,-94,Welcome_KAIST,64088861913,15
00:24:6c:7d:f7:f1,5805,false,-79,eduroam,64088861902,15
00:24:6c:7d:f7:f0,5805,false,-80,Welcome_KAIST,64088861896,15
b0:6e:bf:a3:90:84,5765,false,-92,Askai-ASUS_80_5G,64088861884,15
88:36:6c:be:8e:76,2467,false,-69,moonlab,64088861824,15
00:24:6c:7d:f3:10,5745,true,-85,Welcome_KAIST,64096402938,16
6c:f3:7f:fa:ab:31,5805,true,-86,eduroam,64096402935,16
6c:f3:7f:fa:ab:30,5805,true,-87,Welcome_KAIST,64096402932,16
2c:56:dc:84:dd:8c,5785,true,-76,ISILAB_5,64096402927,16
88:36:6c:ad:b6:84,5785,true,-83,CoCoA_5G,64096402921,16
18:31:bf:46:ff:dc,5785,true,-77,KECI_5G,64096402917,16
b0:c7:45:75:c9:1f,5765,true,-83,SmartIoT2-5Ghz,64096402914,16
00:24:6c:7d:f5:d1,5745,true,-76,eduroam,64096402910,16
88:36:6c:45:40:fe,5745,true,-84,LANADA_AP_5GHz,64096402906,16
00:24:6c:7d:f5:d0,5745,true,-78,Welcome_KAIST,64096402902,16
00:24:6c:7d:f4:31,5745,true,-78,eduroam,64096402898,16
00:24:6c:7d:f4:30,5745,true,-80,Welcome_KAIST,64096402895,16
90:9f:33:59:19:46,5745,true,-74,NDSL_5G,64096402891,16
70:8b:cd:2f:82:64,5745,true,-54,LIT_5G,64096402888,16
00:24:6c:7d:f4:20,2472,true,-67,Welcome_KAIST,64096402885,16
00:24:6c:7d:f3:e1,2472,true,-72,eduroam,64096402881,16
00:24:6c:7d:f6:80,2472,true,-70,Welcome_KAIST,64096402878,16
00:24:6c:7d:f6:d1,5240,true,-92,eduroam,64096402874,16
00:24:6c:7d:f6:d0,5240,true,-91,Welcome_KAIST,64096402869,16
a0:40:a0:56:08:f7,5240,true,-72,NMSL_N1_721,64096402865,16
00:24:6c:7d:f6:91,5220,true,-64,eduroam,64096402860,16
00:24:6c:7d:f6:90,5220,true,-65,Welcome_KAIST,64096402855,16
00:24:6c:7d:f3:f0,5200,true,-73,Welcome_KAIST,64096402851,16
00:24:6c:7a:8b:31,5200,true,-49,eduroam,64096402847,16
00:24:6c:7a:8b:30,5200,true,-50,Welcome_KAIST,64096402844,16
00:24:6c:7d:f7:30,5200,true,-71,Welcome_KAIST,64096402841,16
00:24:6c:7d:f5:11,5180,true,-76,eduroam,64096402837,16
00:24:6c:7d:f5:10,5180,true,-76,Welcome_KAIST,64096402834,16
00:24:6c:7d:f6:f1,5180,true,-72,eduroam,64096402831,16
00:24:6c:7d:f6:f0,5180,true,-76,Welcome_KAIST,64096402827,16
90:9f:33:f9:11:de,5785,true,-80,wit_5G,64096402823,16
a0:40:a0:56:08:f8,5765,true,-71,,64096402817,16
00:24:6c:7d:f3:11,5745,true,-84,eduroam,64096402812,16
6e:7f:92:e0:9f:70,5745,true,-93,HCIL guest,64096402807,16
6c:f3:7f:fa:ab:21,2472,true,-79,eduroam,64096402803,16
00:24:6c:7d:f4:21,2472,true,-68,eduroam,64096402798,16
00:24:6c:7d:f6:81,2472,true,-67,eduroam,64096402795,16
00:24:6c:7a:8b:20,2432,true,-58,Welcome_KAIST,64096402791,16
70:8b:cd:2f:82:60,2417,true,-64,LIT_2.4G,64096402788,16
00:24:6c:7a:26:31,5240,true,-95,eduroam,64096402784,16
64:e5:99:da:03:6c,5240,true,-56,WCSL 5GHz,64096402779,16
00:24:6c:7d:f7:51,5220,true,-91,eduroam,64096402774,16
00:24:6c:7d:f3:f1,5200,true,-71,eduroam,64096402768,16
00:24:6c:7d:f7:20,2412,true,-62,Welcome_KAIST,64096402763,16
00:24:6c:7e:03:d1,5180,true,-87,eduroam,64096402760,16
00:24:6c:7e:03:d0,5180,true,-85,Welcome_KAIST,64096402753,16
00:24:6c:7d:f8:71,5765,true,-94,eduroam,64096402749,16
9c:d6:43:c8:11:82,5765,true,-85,JoyK,64096402743,16
88:36:6c:be:8e:74,5745,true,-87,moonlab_5G,64096402734,16
00:24:6c:7d:f6:a0,2472,true,-76,Welcome_KAIST,64096402715,16
00:24:6c:7d:f7:31,5200,false,-61,eduroam,64094533562,16
00:24:6c:7d:f2:f1,5200,false,-86,eduroam,64094533553,16
00:24:6c:7d:f2:f0,5200,false,-86,Welcome_KAIST,64094533547,16
6c:70:9f:e0:92:7f,5745,false,-83,HCIL,64094533523,16
6c:f3:7f:fa:ab:20,2472,false,-65,Welcome_KAIST,64094533515,16
00:24:6c:7a:8b:21,2432,false,-55,eduroam,64092644925,16
fa:8f:ca:35:de:69,5240,false,-84,,64092644919,16
00:24:6c:7d:f7:21,2412,false,-65,eduroam,64092644912,16
04:8d:38:16:8d:05,5805,false,-91,,64092644871,16
00:24:6c:7d:f6:a1,2472,false,-64,eduroam,64092644852,16
00:24:6c:7d:f6:e0,2452,false,-82,Welcome_KAIST,64090761942,16
6a:14:01:33:c9:8c,2437,false,-83,DIRECT-8c-HP M477 LaserJet,64090761935,16
00:24:6c:7d:f3:10,5745,true,-81,Welcome_KAIST,64097069511,17
00:24:6c:7d:f6:91,5220,true,-61,eduroam,64097069508,17
00:24:6c:7d:f6:90,5220,true,-63,Welcome_KAIST,64097069503,17
00:24:6c:7d:f2:f1,5200,true,-86,eduroam,64097069499,17
00:24:6c:7d:f3:f0,5200,true,-61,Welcome_KAIST,64097069495,17
00:24:6c:7a:8b:31,5200,true,-51,eduroam,64097069490,17
00:24:6c:7a:8b:30,5200,true,-51,Welcome_KAIST,64097069486,17
00:24:6c:7d:f7:21,2412,true,-67,eduroam,64097069483,17
00:24:6c:7d:f7:20,2412,true,-67,Welcome_KAIST,64097069478,17
00:24:6c:7d:f6:f1,5180,true,-62,eduroam,64097069475,17
00:24:6c:7d:f5:10,5180,true,-73,Welcome_KAIST,64097069472,17
00:24:6c:7d:f6:f0,5180,true,-59,Welcome_KAIST,64097069469,17
00:24:6c:7e:03:d1,5180,true,-77,eduroam,64097069465,17
00:24:6c:7e:03:d0,5180,true,-78,Welcome_KAIST,64097069461,17
6c:f3:7f:fa:ab:31,5805,true,-86,eduroam,64097069457,17
6c:f3:7f:fa:ab:30,5805,true,-87,Welcome_KAIST,64097069452,17
2c:56:dc:84:dd:8c,5785,true,-76,ISILAB_5,64097069447,17
88:36:6c:ad:b6:84,5785,true,-83,CoCoA_5G,64097069442,17
18:31:bf:46:ff:dc,5785,true,-77,KECI_5G,64097069436,17
b0:c7:45:75:c9:1f,5765,true,-83,SmartIoT2-5Ghz,64097069432,17
00:24:6c:7d:f5:d1,5745,true,-76,eduroam,64097069426,17
88:36:6c:45:40:fe,5745,true,-84,LANADA_AP_5GHz,64097069420,17
00:24:6c:7d:f5:d0,5745,true,-78,Welcome_KAIST,64097069416,17
00:24:6c:7d:f4:31,5745,true,-78,eduroam,64097069411,17
00:24:6c:7d:f4:30,5745,true,-80,Welcome_KAIST,64097069406,17
90:9f:33:59:19:46,5745,true,-74,NDSL_5G,64097069400,17
70:8b:cd:2f:82:64,5745,true,-54,LIT_5G,64097069396,17
00:24:6c:7d:f4:20,2472,true,-67,Welcome_KAIST,64097069391,17
00:24:6c:7d:f3:e1,2472,true,-72,eduroam,64097069387,17
00:24:6c:7d:f6:80,2472,true,-70,Welcome_KAIST,64097069383,17
00:24:6c:7d:f6:d1,5240,true,-92,eduroam,64097069379,17
00:24:6c:7d:f6:d0,5240,true,-91,Welcome_KAIST,64097069374,17
a0:40:a0:56:08:f7,5240,true,-72,NMSL_N1_721,64097069369,17
00:24:6c:7d:f7:30,5200,true,-71,Welcome_KAIST,64097069364,17
00:24:6c:7d:f5:11,5180,true,-76,eduroam,64097069358,17
90:9f:33:f9:11:de,5785,true,-80,wit_5G,64097069352,17
a0:40:a0:56:08:f8,5765,true,-71,,64097069346,17
00:24:6c:7d:f3:11,5745,true,-84,eduroam,64097069340,17
6e:7f:92:e0:9f:70,5745,true,-93,HCIL guest,64097069334,17
6c:f3:7f:fa:ab:21,2472,true,-79,eduroam,64097069328,17
00:24:6c:7d:f4:21,2472,true,-68,eduroam,64097069322,17
00:24:6c:7d:f6:81,2472,true,-67,eduroam,64097069315,17
00:24:6c:7a:8b:20,2432,true,-58,Welcome_KAIST,64097069311,17
70:8b:cd:2f:82:60,2417,true,-64,LIT_2.4G,64097069304,17
00:24:6c:7a:26:31,5240,true,-95,eduroam,64097069295,17
64:e5:99:da:03:6c,5240,true,-56,WCSL 5GHz,64097069289,17
00:24:6c:7d:f7:51,5220,true,-91,eduroam,64097069282,17
00:24:6c:7d:f3:f1,5200,true,-71,eduroam,64097069264,17
00:24:6c:7d:f8:71,5765,false,-94,eduroam,64096402749,17
9c:d6:43:c8:11:82,5765,false,-85,JoyK,64096402743,17
88:36:6c:be:8e:74,5745,false,-87,moonlab_5G,64096402734,17
00:24:6c:7d:f6:a0,2472,false,-76,Welcome_KAIST,64096402715,17
00:24:6c:7d:f7:31,5200,false,-61,eduroam,64094533562,17
00:24:6c:7d:f2:f0,5200,false,-86,Welcome_KAIST,64094533547,17
6c:70:9f:e0:92:7f,5745,false,-83,HCIL,64094533523,17
6c:f3:7f:fa:ab:20,2472,false,-65,Welcome_KAIST,64094533515,17
00:24:6c:7a:8b:21,2432,false,-55,eduroam,64092644925,17
fa:8f:ca:35:de:69,5240,false,-84,,64092644919,17
04:8d:38:16:8d:05,5805,false,-91,,64092644871,17
00:24:6c:7d:f6:a1,2472,false,-64,eduroam,64092644852,17
00:24:6c:7d:f6:e0,2452,false,-82,Welcome_KAIST,64090761942,17
6a:14:01:33:c9:8c,2437,false,-83,DIRECT-8c-HP M477 LaserJet,64090761935,17
00:24:6c:7d:f3:10,5745,false,-81,Welcome_KAIST,64097069511,18
00:24:6c:7d:f6:91,5220,false,-61,eduroam,64097069508,18
00:24:6c:7d:f6:90,5220,false,-63,Welcome_KAIST,64097069503,18
00:24:6c:7d:f2:f1,5200,false,-86,eduroam,64097069499,18
00:24:6c:7d:f3:f0,5200,false,-61,Welcome_KAIST,64097069495,18
00:24:6c:7a:8b:31,5200,false,-51,eduroam,64097069490,18
00:24:6c:7a:8b:30,5200,false,-51,Welcome_KAIST,64097069486,18
00:24:6c:7d:f7:21,2412,false,-67,eduroam,64097069483,18
00:24:6c:7d:f7:20,2412,false,-67,Welcome_KAIST,64097069478,18
00:24:6c:7d:f6:f1,5180,false,-62,eduroam,64097069475,18
00:24:6c:7d:f5:10,5180,false,-73,Welcome_KAIST,64097069472,18
00:24:6c:7d:f6:f0,5180,false,-59,Welcome_KAIST,64097069469,18
00:24:6c:7e:03:d1,5180,false,-77,eduroam,64097069465,18
00:24:6c:7e:03:d0,5180,false,-78,Welcome_KAIST,64097069461,18
6c:f3:7f:fa:ab:31,5805,false,-86,eduroam,64097069457,18
6c:f3:7f:fa:ab:30,5805,false,-87,Welcome_KAIST,64097069452,18
2c:56:dc:84:dd:8c,5785,false,-76,ISILAB_5,64097069447,18
88:36:6c:ad:b6:84,5785,false,-83,CoCoA_5G,64097069442,18
18:31:bf:46:ff:dc,5785,false,-77,KECI_5G,64097069436,18
b0:c7:45:75:c9:1f,5765,false,-83,SmartIoT2-5Ghz,64097069432,18
00:24:6c:7d:f5:d1,5745,false,-76,eduroam,64097069426,18
88:36:6c:45:40:fe,5745,false,-84,LANADA_AP_5GHz,64097069420,18
00:24:6c:7d:f5:d0,5745,false,-78,Welcome_KAIST,64097069416,18
00:24:6c:7d:f4:31,5745,false,-78,eduroam,64097069411,18
00:24:6c:7d:f4:30,5745,false,-80,Welcome_KAIST,64097069406,18
90:9f:33:59:19:46,5745,false,-74,NDSL_5G,64097069400,18
70:8b:cd:2f:82:64,5745,false,-54,LIT_5G,64097069396,18
00:24:6c:7d:f4:20,2472,false,-67,Welcome_KAIST,64097069391,18
00:24:6c:7d:f3:e1,2472,false,-72,eduroam,64097069387,18
00:24:6c:7d:f6:80,2472,false,-70,Welcome_KAIST,64097069383,18
00:24:6c:7d:f6:d1,5240,false,-92,eduroam,64097069379,18
00:24:6c:7d:f6:d0,5240,false,-91,Welcome_KAIST,64097069374,18
a0:40:a0:56:08:f7,5240,false,-72,NMSL_N1_721,64097069369,18
00:24:6c:7d:f7:30,5200,false,-71,Welcome_KAIST,64097069364,18
00:24:6c:7d:f5:11,5180,false,-76,eduroam,64097069358,18
90:9f:33:f9:11:de,5785,false,-80,wit_5G,64097069352,18
a0:40:a0:56:08:f8,5765,false,-71,,64097069346,18
00:24:6c:7d:f3:11,5745,false,-84,eduroam,64097069340,18
6e:7f:92:e0:9f:70,5745,false,-93,HCIL guest,64097069334,18
6c:f3:7f:fa:ab:21,2472,false,-79,eduroam,64097069328,18
00:24:6c:7d:f4:21,2472,false,-68,eduroam,64097069322,18
00:24:6c:7d:f6:81,2472,false,-67,eduroam,64097069315,18
00:24:6c:7a:8b:20,2432,false,-58,Welcome_KAIST,64097069311,18
70:8b:cd:2f:82:60,2417,false,-64,LIT_2.4G,64097069304,18
00:24:6c:7a:26:31,5240,false,-95,eduroam,64097069295,18
64:e5:99:da:03:6c,5240,false,-56,WCSL 5GHz,64097069289,18
00:24:6c:7d:f7:51,5220,false,-91,eduroam,64097069282,18
00:24:6c:7d:f3:f1,5200,false,-71,eduroam,64097069264,18
00:24:6c:7d:f8:71,5765,false,-94,eduroam,64096402749,18
9c:d6:43:c8:11:82,5765,false,-85,JoyK,64096402743,18
88:36:6c:be:8e:74,5745,false,-87,moonlab_5G,64096402734,18
00:24:6c:7d:f6:a0,2472,false,-76,Welcome_KAIST,64096402715,18
00:24:6c:7d:f7:31,5200,false,-61,eduroam,64094533562,18
00:24:6c:7d:f2:f0,5200,false,-86,Welcome_KAIST,64094533547,18
6c:70:9f:e0:92:7f,5745,false,-83,HCIL,64094533523,18
6c:f3:7f:fa:ab:20,2472,false,-65,Welcome_KAIST,64094533515,18
00:24:6c:7a:8b:21,2432,false,-55,eduroam,64092644925,18
fa:8f:ca:35:de:69,5240,false,-84,,64092644919,18
04:8d:38:16:8d:05,5805,false,-91,,64092644871,18
00:24:6c:7d:f6:a1,2472,false,-64,eduroam,64092644852,18
00:24:6c:7d:f6:e0,2452,false,-82,Welcome_KAIST,64090761942,18
6a:14:01:33:c9:8c,2437,false,-83,DIRECT-8c-HP M477 LaserJet,64090761935,18
00:24:6c:7d:f3:10,5745,false,-81,Welcome_KAIST,64097069511,19
00:24:6c:7d:f6:91,5220,false,-61,eduroam,64097069508,19
00:24:6c:7d:f6:90,5220,false,-63,Welcome_KAIST,64097069503,19
00:24:6c:7d:f2:f1,5200,false,-86,eduroam,64097069499,19
00:24:6c:7d:f3:f0,5200,false,-61,Welcome_KAIST,64097069495,19
00:24:6c:7a:8b:31,5200,false,-51,eduroam,64097069490,19
00:24:6c:7a:8b:30,5200,false,-51,Welcome_KAIST,64097069486,19
00:24:6c:7d:f7:21,2412,false,-67,eduroam,64097069483,19
00:24:6c:7d:f7:20,2412,false,-67,Welcome_KAIST,64097069478,19
00:24:6c:7d:f6:f1,5180,false,-62,eduroam,64097069475,19
00:24:6c:7d:f5:10,5180,false,-73,Welcome_KAIST,64097069472,19
00:24:6c:7d:f6:f0,5180,false,-59,Welcome_KAIST,64097069469,19
00:24:6c:7e:03:d1,5180,false,-77,eduroam,64097069465,19
00:24:6c:7e:03:d0,5180,false,-78,Welcome_KAIST,64097069461,19
6c:f3:7f:fa:ab:31,5805,false,-86,eduroam,64097069457,19
6c:f3:7f:fa:ab:30,5805,false,-87,Welcome_KAIST,64097069452,19
2c:56:dc:84:dd:8c,5785,false,-76,ISILAB_5,64097069447,19
88:36:6c:ad:b6:84,5785,false,-83,CoCoA_5G,64097069442,19
18:31:bf:46:ff:dc,5785,false,-77,KECI_5G,64097069436,19
b0:c7:45:75:c9:1f,5765,false,-83,SmartIoT2-5Ghz,64097069432,19
00:24:6c:7d:f5:d1,5745,false,-76,eduroam,64097069426,19
88:36:6c:45:40:fe,5745,false,-84,LANADA_AP_5GHz,64097069420,19
00:24:6c:7d:f5:d0,5745,false,-78,Welcome_KAIST,64097069416,19
00:24:6c:7d:f4:31,5745,false,-78,eduroam,64097069411,19
00:24:6c:7d:f4:30,5745,false,-80,Welcome_KAIST,64097069406,19
90:9f:33:59:19:46,5745,false,-74,NDSL_5G,64097069400,19
70:8b:cd:2f:82:64,5745,false,-54,LIT_5G,64097069396,19
00:24:6c:7d:f4:20,2472,false,-67,Welcome_KAIST,64097069391,19
00:24:6c:7d:f3:e1,2472,false,-72,eduroam,64097069387,19
00:24:6c:7d:f6:80,2472,false,-70,Welcome_KAIST,64097069383,19
00:24:6c:7d:f6:d1,5240,false,-92,eduroam,64097069379,19
00:24:6c:7d:f6:d0,5240,false,-91,Welcome_KAIST,64097069374,19
a0:40:a0:56:08:f7,5240,false,-72,NMSL_N1_721,64097069369,19
00:24:6c:7d:f7:30,5200,false,-71,Welcome_KAIST,64097069364,19
00:24:6c:7d:f5:11,5180,false,-76,eduroam,64097069358,19
90:9f:33:f9:11:de,5785,false,-80,wit_5G,64097069352,19
a0:40:a0:56:08:f8,5765,false,-71,,64097069346,19
00:24:6c:7d:f3:11,5745,false,-84,eduroam,64097069340,19
6e:7f:92:e0:9f:70,5745,false,-93,HCIL guest,64097069334,19
6c:f3:7f:fa:ab:21,2472,false,-79,eduroam,64097069328,19
00:24:6c:7d:f4:21,2472,false,-68,eduroam,64097069322,19
00:24:6c:7d:f6:81,2472,false,-67,eduroam,64097069315,19
00:24:6c:7a:8b:20,2432,false,-58,Welcome_KAIST,64097069311,19
70:8b:cd:2f:82:60,2417,false,-64,LIT_2.4G,64097069304,19
00:24:6c:7a:26:31,5240,false,-95,eduroam,64097069295,19
64:e5:99:da:03:6c,5240,false,-56,WCSL 5GHz,64097069289,19
00:24:6c:7d:f7:51,5220,false,-91,eduroam,64097069282,19
00:24:6c:7d:f3:f1,5200,false,-71,eduroam,64097069264,19
00:24:6c:7d:f8:71,5765,false,-94,eduroam,64096402749,19
9c:d6:43:c8:11:82,5765,false,-85,JoyK,64096402743,19
88:36:6c:be:8e:74,5745,false,-87,moonlab_5G,64096402734,19
00:24:6c:7d:f6:a0,2472,false,-76,Welcome_KAIST,64096402715,19
00:24:6c:7d:f7:31,5200,false,-61,eduroam,64094533562,19
00:24:6c:7d:f2:f0,5200,false,-86,Welcome_KAIST,64094533547,19
6c:70:9f:e0:92:7f,5745,false,-83,HCIL,64094533523,19
6c:f3:7f:fa:ab:20,2472,false,-65,Welcome_KAIST,64094533515,19
00:24:6c:7a:8b:21,2432,false,-55,eduroam,64092644925,19
fa:8f:ca:35:de:69,5240,false,-84,,64092644919,19
04:8d:38:16:8d:05,5805,false,-91,,64092644871,19
00:24:6c:7d:f6:a1,2472,false,-64,eduroam,64092644852,19
00:24:6c:7d:f6:e0,2452,false,-82,Welcome_KAIST,64090761942,19
6a:14:01:33:c9:8c,2437,false,-83,DIRECT-8c-HP M477 LaserJet,64090761935,19
6c:f3:7f:fa:ab:31,5805,true,-85,eduroam,64099071429,20
18:31:bf:46:ff:dc,5785,true,-77,KECI_5G,64099071425,20
2c:56:dc:84:dd:8c,5785,true,-78,ISILAB_5,64099071421,20
88:36:6c:ad:b6:84,5785,true,-86,CoCoA_5G,64099071416,20
6c:70:9f:e3:3a:a7,5785,true,-75,Air WiFi,64099071408,20
b0:c7:45:75:c9:1f,5765,true,-82,SmartIoT2-5Ghz,64099071404,20
00:24:6c:7d:f8:71,5765,true,-83,eduroam,64099071399,20
6c:70:9f:e0:92:7f,5745,true,-79,HCIL,64099071396,20
00:24:6c:7d:f4:31,5745,true,-66,eduroam,64099071391,20
00:24:6c:7d:f4:30,5745,true,-67,Welcome_KAIST,64099071387,20
90:9f:33:59:19:46,5745,true,-75,NDSL_5G,64099071383,20
70:8b:cd:2f:82:64,5745,true,-60,LIT_5G,64099071379,20
00:24:6c:7d:f4:21,2472,true,-65,eduroam,64099071375,20
64:e5:99:da:03:68,2442,true,-68,WCSL 2.4GHz,64099071371,20
14:2d:27:29:41:e4,2437,true,-75,HP-Print-e4-LaserJet 200,64099071367,20
10:da:43:95:44:de,5260,true,-93,JKR-R7000-5G,64099071363,20
00:24:6c:7a:8b:20,2432,true,-53,Welcome_KAIST,64099071359,20
00:24:6c:7d:f6:d0,5240,true,-84,Welcome_KAIST,64099071352,20
30:b5:c2:bd:d1:c8,5240,true,-92,WINSLAB5G,64099071347,20
a0:40:a0:56:08:f7,5240,true,-70,NMSL_N1_721,64099071342,20
64:e5:99:da:03:6c,5240,true,-49,WCSL 5GHz,64099071337,20
00:24:6c:7d:f6:91,5220,true,-61,eduroam,64099071334,20
00:24:6c:7d:f7:51,5220,true,-79,eduroam,64099071331,20
00:24:6c:7d:f6:90,5220,true,-63,Welcome_KAIST,64099071326,20
00:24:6c:7d:fe:f1,5200,true,-87,eduroam,64099071321,20
00:24:6c:7d:fe:f0,5200,true,-85,Welcome_KAIST,64099071315,20
00:24:6c:7d:f3:f1,5200,true,-62,eduroam,64099071311,20
00:24:6c:7d:f3:f0,5200,true,-60,Welcome_KAIST,64099071308,20
00:24:6c:7a:8b:31,5200,true,-50,eduroam,64099071304,20
00:24:6c:7a:8b:30,5200,true,-45,Welcome_KAIST,64099071301,20
00:24:6c:7d:f7:31,5200,true,-65,eduroam,64099071296,20
00:24:6c:7d:f7:30,5200,true,-68,Welcome_KAIST,64099071293,20
00:24:6c:7d:f5:11,5180,true,-78,eduroam,64099071289,20
00:24:6c:7d:f6:f1,5180,true,-58,eduroam,64099071286,20
00:24:6c:7d:f6:f0,5180,true,-59,Welcome_KAIST,64099071279,20
00:24:6c:7d:f3:10,5745,true,-81,Welcome_KAIST,64099071275,20
00:24:6c:7d:f2:f1,5200,true,-86,eduroam,64099071267,20
00:24:6c:7d:f7:21,2412,true,-67,eduroam,64099071262,20
00:24:6c:7d:f7:20,2412,true,-67,Welcome_KAIST,64099071257,20
00:24:6c:7d:f5:10,5180,true,-73,Welcome_KAIST,64099071252,20
00:24:6c:7e:03:d1,5180,true,-77,eduroam,64099071250,20
00:24:6c:7e:03:d0,5180,true,-78,Welcome_KAIST,64099071244,20
6c:f3:7f:fa:ab:30,5805,true,-87,Welcome_KAIST,64099071239,20
00:24:6c:7d:f5:d1,5745,true,-76,eduroam,64099071234,20
88:36:6c:45:40:fe,5745,true,-84,LANADA_AP_5GHz,64099071227,20
00:24:6c:7d:f5:d0,5745,true,-78,Welcome_KAIST,64099071221,20
00:24:6c:7d:f4:20,2472,true,-67,Welcome_KAIST,64099071215,20
00:24:6c:7d:f3:e1,2472,true,-72,eduroam,64099071209,20
00:24:6c:7d:f6:80,2472,true,-70,Welcome_KAIST,64099071202,20
00:24:6c:7d:f6:d1,5240,true,-92,eduroam,64099071185,20
90:9f:33:f9:11:de,5785,true,-80,wit_5G,64097121677,20
a0:40:a0:56:08:f8,5765,true,-71,,64097121671,20
00:24:6c:7d:f3:11,5745,true,-84,eduroam,64097121665,20
6e:7f:92:e0:9f:70,5745,true,-93,HCIL guest,64097121660,20
6c:f3:7f:fa:ab:21,2472,true,-79,eduroam,64097121656,20
00:24:6c:7d:f6:81,2472,true,-67,eduroam,64097121644,20
70:8b:cd:2f:82:60,2417,true,-64,LIT_2.4G,64097121635,20
00:24:6c:7a:26:31,5240,true,-95,eduroam,64097121629,20
9c:d6:43:c8:11:82,5765,false,-85,JoyK,64096402743,20
88:36:6c:be:8e:74,5745,false,-87,moonlab_5G,64096402734,20
00:24:6c:7d:f6:a0,2472,false,-76,Welcome_KAIST,64096402715,20
00:24:6c:7d:f2:f0,5200,false,-86,Welcome_KAIST,64094533547,20
6c:f3:7f:fa:ab:20,2472,false,-65,Welcome_KAIST,64094533515,20
00:24:6c:7a:8b:21,2432,false,-55,eduroam,64092644925,20
fa:8f:ca:35:de:69,5240,false,-84,,64092644919,20
04:8d:38:16:8d:05,5805,false,-91,,64092644871,20
00:24:6c:7d:f6:a1,2472,false,-64,eduroam,64092644852,20
64:e5:99:0a:0e:d0,5805,true,-93,TEST5G,64100981803,21
6c:f3:7f:fa:ab:31,5805,true,-87,eduroam,64100981799,21
6c:f3:7f:fa:ab:30,5805,true,-84,Welcome_KAIST,64100981796,21
6c:70:9f:e3:3a:a7,5785,true,-77,Air WiFi,64100981792,21
a0:40:a0:56:08:f8,5765,true,-74,,64100981788,21
00:24:6c:7d:f8:71,5765,true,-84,eduroam,64100981785,21
b0:c7:45:75:c9:1f,5765,true,-79,SmartIoT2-5Ghz,64100981781,21
00:24:6c:7d:f8:70,5765,true,-84,Welcome_KAIST,64100981774,21
6e:7f:92:e0:9f:70,5745,true,-93,HCIL guest,64100981770,21
88:36:6c:45:40:fe,5745,true,-82,LANADA_AP_5GHz,64100981764,21
00:24:6c:7d:f5:d1,5745,true,-70,eduroam,64100981761,21
00:24:6c:7d:f5:d0,5745,true,-69,Welcome_KAIST,64100981757,21
4c:32:75:c7:7c:81,5745,true,-84,via_rhu,64100981750,21
00:24:6c:7d:f4:31,5745,true,-69,eduroam,64100981745,21
70:8b:cd:2f:82:64,5745,true,-52,LIT_5G,64100981740,21
00:24:6c:7d:f3:e0,2472,true,-56,Welcome_KAIST,64100981734,21
00:24:6c:7d:f4:20,2472,true,-63,Welcome_KAIST,64100981730,21
00:24:6c:7a:8b:21,2432,true,-46,eduroam,64100981697,21
64:e5:99:da:03:6c,5240,true,-52,WCSL 5GHz,64100981693,21
00:24:6c:7a:26:31,5240,true,-86,eduroam,64100981690,21
00:24:6c:7a:26:30,5240,true,-92,Welcome_KAIST,64100981686,21
00:24:6c:7d:f8:b1,5220,true,-86,eduroam,64100981682,21
00:24:6c:7d:f8:b0,5220,true,-88,Welcome_KAIST,64100981677,21
00:24:6c:7d:f6:91,5220,true,-61,eduroam,64100981674,21
00:24:6c:7d:f6:90,5220,true,-63,Welcome_KAIST,64100981671,21
00:24:6c:7a:8b:31,5200,true,-58,eduroam,64100981667,21
00:24:6c:7a:8b:30,5200,true,-44,Welcome_KAIST,64100981663,21
00:24:6c:7d:f7:31,5200,true,-64,eduroam,64100981660,21
00:24:6c:7d:f7:30,5200,true,-65,Welcome_KAIST,64100981657,21
00:24:6c:7e:03:d1,5180,true,-71,eduroam,64100981653,21
00:24:6c:7e:03:d0,5180,true,-71,Welcome_KAIST,64100981649,21
00:24:6c:78:f5:b1,5180,true,-86,eduroam,64100981643,21
00:24:6c:7d:f5:11,5180,true,-72,eduroam,64100981639,21
00:24:6c:7d:f5:10,5180,true,-73,Welcome_KAIST,64100981636,21
18:31:bf:46:ff:dc,5785,true,-77,KECI_5G,64100981633,21
2c:56:dc:84:dd:8c,5785,true,-78,ISILAB_5,64100981628,21
88:36:6c:ad:b6:84,5785,true,-86,CoCoA_5G,64100981621,21
6c:70:9f:e0:92:7f,5745,true,-79,HCIL,64100981616,21
00:24:6c:7d:f4:30,5745,true,-67,Welcome_KAIST,64100981611,21
90:9f:33:59:19:46,5745,true,-75,NDSL_5G,64100981606,21
00:24:6c:7d:f4:21,2472,true,-65,eduroam,64100981600,21
64:e5:99:da:03:68,2442,true,-68,WCSL 2.4GHz,64100981596,21
14:2d:27:29:41:e4,2437,true,-75,HP-Print-e4-LaserJet 200,64100981591,21
10:da:43:95:44:de,5260,true,-93,JKR-R7000-5G,64100981586,21
00:24:6c:7a:8b:20,2432,true,-53,Welcome_KAIST,64100981582,21
00:24:6c:7d:f6:d0,5240,true,-84,Welcome_KAIST,64100981579,21
30:b5:c2:bd:d1:c8,5240,true,-92,WINSLAB5G,64100981573,21
a0:40:a0:56:08:f7,5240,true,-70,NMSL_N1_721,64100981567,21
00:24:6c:7d:f7:51,5220,true,-79,eduroam,64100981562,21
00:24:6c:7d:fe:f1,5200,true,-87,eduroam,64100981558,21
00:24:6c:7d:fe:f0,5200,true,-85,Welcome_KAIST,64100981554,21
00:24:6c:7d:f3:f1,5200,true,-62,eduroam,64100981550,21
00:24:6c:7d:f3:f0,5200,true,-60,Welcome_KAIST,64100981546,21
00:24:6c:7d:f6:f1,5180,true,-58,eduroam,64100981542,21
00:24:6c:7d:f6:f0,5180,true,-59,Welcome_KAIST,64100981537,21
00:24:6c:7d:f3:10,5745,true,-81,Welcome_KAIST,64100981533,21
00:24:6c:7d:f2:f1,5200,true,-86,eduroam,64100981524,21
00:24:6c:7d:f7:21,2412,true,-67,eduroam,64100981517,21
00:24:6c:7d:f7:20,2412,true,-67,Welcome_KAIST,64100981502,21
00:24:6c:7d:f3:e1,2472,false,-72,eduroam,64099071209,21
00:24:6c:7d:f6:80,2472,false,-70,Welcome_KAIST,64099071202,21
00:24:6c:7d:f6:d1,5240,false,-92,eduroam,64099071185,21
90:9f:33:f9:11:de,5785,false,-80,wit_5G,64097121677,21
00:24:6c:7d:f3:11,5745,false,-84,eduroam,64097121665,21
6c:f3:7f:fa:ab:21,2472,false,-79,eduroam,64097121656,21
00:24:6c:7d:f6:81,2472,false,-67,eduroam,64097121644,21
70:8b:cd:2f:82:60,2417,false,-64,LIT_2.4G,64097121635,21
9c:d6:43:c8:11:82,5765,false,-85,JoyK,64096402743,21
88:36:6c:be:8e:74,5745,false,-87,moonlab_5G,64096402734,21
00:24:6c:7d:f6:a0,2472,false,-76,Welcome_KAIST,64096402715,21
00:24:6c:7d:f2:f0,5200,false,-86,Welcome_KAIST,64094533547,21
6c:f3:7f:fa:ab:20,2472,false,-65,Welcome_KAIST,64094533515,21
6c:70:9f:e3:3a:a7,5785,true,-71,Air WiFi,64102850898,22
b0:c7:45:75:c9:1f,5765,true,-85,SmartIoT2-5Ghz,64102850894,22
00:24:6c:7d:f4:31,5745,true,-76,eduroam,64102850890,22
00:24:6c:7d:f4:30,5745,true,-75,Welcome_KAIST,64102850886,22
00:24:6c:7d:f3:11,5745,true,-75,eduroam,64102850881,22
00:24:6c:7d:f3:10,5745,true,-76,Welcome_KAIST,64102850877,22
88:36:6c:45:40:fe,5745,true,-75,LANADA_AP_5GHz,64102850871,22
00:24:6c:7d:f5:d1,5745,true,-74,eduroam,64102850867,22
00:24:6c:7d:f5:d0,5745,true,-73,Welcome_KAIST,64102850864,22
90:9f:33:59:19:46,5745,true,-77,NDSL_5G,64102850860,22
4c:32:75:c7:7c:81,5745,true,-85,via_rhu,64102850853,22
70:8b:cd:2f:82:64,5745,true,-66,LIT_5G,64102850849,22
00:24:6c:7d:f3:e1,2472,true,-48,eduroam,64102850845,22
fa:8f:ca:35:de:69,5240,true,-82,,64102850841,22
a0:40:a0:56:08:f7,5240,true,-81,NMSL_N1_721,64102850836,22
64:e5:99:da:03:6c,5240,true,-63,WCSL 5GHz,64102850831,22
00:24:6c:7d:f7:51,5220,true,-64,eduroam,64102850827,22
00:24:6c:7d:f7:50,5220,true,-64,Welcome_KAIST,64102850820,22
00:24:6c:7d:ff:11,5220,true,-93,eduroam,64102850815,22
00:24:6c:7a:8b:31,5200,true,-51,eduroam,64102850809,22
00:24:6c:7a:8b:30,5200,true,-44,Welcome_KAIST,64102850806,22
00:24:6c:7d:f7:31,5200,true,-78,eduroam,64102850801,22
00:24:6c:7d:f7:30,5200,true,-75,Welcome_KAIST,64102850798,22
00:24:6c:78:f5:b1,5180,true,-82,eduroam,64102850795,22
00:24:6c:78:f5:b0,5180,true,-86,Welcome_KAIST,64102850787,22
00:24:6c:7e:03:d1,5180,true,-69,eduroam,64102850784,22
00:24:6c:7e:03:d0,5180,true,-70,Welcome_KAIST,64102850780,22
64:e5:99:0a:0e:d0,5805,true,-93,TEST5G,64102850774,22
6c:f3:7f:fa:ab:31,5805,true,-87,eduroam,64102850769,22
6c:f3:7f:fa:ab:30,5805,true,-84,Welcome_KAIST,64102850764,22
a0:40:a0:56:08:f8,5765,true,-74,,64102850758,22
00:24:6c:7d:f8:71,5765,true,-84,eduroam,64102850754,22
00:24:6c:7d:f8:70,5765,true,-84,Welcome_KAIST,64102850748,22
6e:7f:92:e0:9f:70,5745,true,-93,HCIL guest,64102850741,22
00:24:6c:7d:f3:e0,2472,true,-56,Welcome_KAIST,64102850734,22
00:24:6c:7d:f4:20,2472,true,-63,Welcome_KAIST,64102850729,22
00:24:6c:7a:8b:21,2432,true,-46,eduroam,64102850723,22
00:24:6c:7a:26:31,5240,true,-86,eduroam,64102850717,22
00:24:6c:7a:26:30,5240,true,-92,Welcome_KAIST,64102850711,22
00:24:6c:7d:f8:b1,5220,true,-86,eduroam,64102850707,22
00:24:6c:7d:f8:b0,5220,true,-88,Welcome_KAIST,64102850702,22
00:24:6c:7d:f6:91,5220,true,-61,eduroam,64102850698,22
00:24:6c:7d:f6:90,5220,true,-63,Welcome_KAIST,64102850692,22
00:24:6c:7d:f5:11,5180,true,-72,eduroam,64102850686,22
00:24:6c:7d:f5:10,5180,true,-73,Welcome_KAIST,64102850681,22
18:31:bf:46:ff:dc,5785,true,-77,KECI_5G,64102850676,22
2c:56:dc:84:dd:8c,5785,true,-78,ISILAB_5,64102850671,22
88:36:6c:ad:b6:84,5785,true,-86,CoCoA_5G,64102850662,22
6c:70:9f:e0:92:7f,5745,true,-79,HCIL,64102850653,22
00:24:6c:7d:f4:21,2472,true,-65,eduroam,64102850632,22
64:e5:99:da:03:68,2442,false,-68,WCSL 2.4GHz,64100981596,22
14:2d:27:29:41:e4,2437,false,-75,HP-Print-e4-LaserJet 200,64100981591,22
10:da:43:95:44:de,5260,false,-93,JKR-R7000-5G,64100981586,22
00:24:6c:7a:8b:20,2432,false,-53,Welcome_KAIST,64100981582,22
00:24:6c:7d:f6:d0,5240,false,-84,Welcome_KAIST,64100981579,22
30:b5:c2:bd:d1:c8,5240,false,-92,WINSLAB5G,64100981573,22
00:24:6c:7d:fe:f1,5200,false,-87,eduroam,64100981558,22
00:24:6c:7d:fe:f0,5200,false,-85,Welcome_KAIST,64100981554,22
00:24:6c:7d:f3:f1,5200,false,-62,eduroam,64100981550,22
00:24:6c:7d:f3:f0,5200,false,-60,Welcome_KAIST,64100981546,22
00:24:6c:7d:f6:f1,5180,false,-58,eduroam,64100981542,22
00:24:6c:7d:f6:f0,5180,false,-59,Welcome_KAIST,64100981537,22
00:24:6c:7d:f2:f1,5200,false,-86,eduroam,64100981524,22
00:24:6c:7d:f7:21,2412,false,-67,eduroam,64100981517,22
00:24:6c:7d:f7:20,2412,false,-67,Welcome_KAIST,64100981502,22
00:24:6c:7d:f6:80,2472,false,-70,Welcome_KAIST,64099071202,22
00:24:6c:7d:f6:d1,5240,false,-92,eduroam,64099071185,22
90:9f:33:f9:11:de,5785,false,-80,wit_5G,64097121677,22
6c:f3:7f:fa:ab:21,2472,false,-79,eduroam,64097121656,22
00:24:6c:7d:f6:81,2472,false,-67,eduroam,64097121644,22
70:8b:cd:2f:82:60,2417,false,-64,LIT_2.4G,64097121635,22
9c:d6:43:c8:11:82,5765,false,-85,JoyK,64096402743,22
88:36:6c:be:8e:74,5745,false,-87,moonlab_5G,64096402734,22
00:24:6c:7d:f6:a0,2472,false,-76,Welcome_KAIST,64096402715,22
90:8d:78:63:a5:52,5805,true,-87,YY-5GH,64104751628,23
64:e5:99:63:d6:60,5805,true,-93,ISL_Wireless_5G,64104751624,23
00:24:6c:7d:f5:70,5805,true,-95,Welcome_KAIST,64104751620,23
6c:70:9f:e3:3a:a7,5785,true,-73,Air WiFi,64104751615,23
00:24:6c:7d:f8:71,5765,true,-85,eduroam,64104751612,23
00:24:6c:7d:f8:70,5765,true,-86,Welcome_KAIST,64104751607,23
b0:c7:45:75:c9:1f,5765,true,-86,SmartIoT2-5Ghz,64104751603,23
88:36:6c:45:40:fe,5745,true,-82,LANADA_AP_5GHz,64104751598,23
00:24:6c:7d:f5:d1,5745,true,-71,eduroam,64104751595,23
00:24:6c:7d:f5:d0,5745,true,-70,Welcome_KAIST,64104751592,23
90:9f:33:59:19:46,5745,true,-77,NDSL_5G,64104751588,23
70:8b:cd:2f:82:64,5745,true,-67,LIT_5G,64104751584,23
00:24:6c:7d:f3:e1,2472,true,-54,eduroam,64104751581,23
00:24:6c:7d:f3:e0,2472,true,-53,Welcome_KAIST,64104751575,23
b2:52:16:68:6f:a6,2437,true,-86,DIRECT-a6-HP M281 LaserJet,64104751571,23
00:24:6c:7d:f5:90,5240,true,-83,Welcome_KAIST,64104751564,23
64:e5:99:da:03:6c,5240,true,-60,WCSL 5GHz,64104751560,23
00:24:6c:7d:f8:b1,5220,true,-76,eduroam,64104751558,23
00:24:6c:7d:f8:b0,5220,true,-74,Welcome_KAIST,64104751554,23
00:24:6c:7d:fe:11,5220,true,-92,eduroam,64104751551,23
00:24:6c:7d:fe:10,5220,true,-91,Welcome_KAIST,64104751547,23
00:24:6c:7d:f7:51,5220,true,-67,eduroam,64104751544,23
00:24:6c:7d:f7:50,5220,true,-66,Welcome_KAIST,64104751539,23
00:24:6c:7d:f7:31,5200,true,-78,eduroam,64104751536,23
00:24:6c:7d:f7:30,5200,true,-79,Welcome_KAIST,64104751533,23
00:24:6c:7e:03:c0,2412,true,-67,Welcome_KAIST,64104751525,23
00:24:6c:7a:8b:31,5200,true,-53,eduroam,64104751520,23
00:24:6c:7a:8b:30,5200,true,-44,Welcome_KAIST,64104751517,23
00:24:6c:7d:f6:f1,5180,true,-79,eduroam,64104751514,23
00:24:6c:7d:f5:11,5180,true,-71,eduroam,64104751508,23
00:24:6c:7d:f5:10,5180,true,-73,Welcome_KAIST,64104751504,23
00:24:6c:7e:03:d1,5180,true,-66,eduroam,64104751502,23
00:24:6c:7e:03:d0,5180,true,-65,Welcome_KAIST,64104751498,23
00:24:6c:7d:f4:31,5745,true,-76,eduroam,64104751494,23
00:24:6c:7d:f4:30,5745,true,-75,Welcome_KAIST,64104751489,23
00:24:6c:7d:f3:11,5745,true,-75,eduroam,64104751485,23
00:24:6c:7d:f3:10,5745,true,-76,Welcome_KAIST,64104751481,23
4c:32:75:c7:7c:81,5745,true,-85,via_rhu,64104751473,23
fa:8f:ca:35:de:69,5240,true,-82,,64104751467,23
a0:40:a0:56:08:f7,5240,true,-81,NMSL_N1_721,64104751462,23
00:24:6c:7d:ff:11,5220,true,-93,eduroam,64104751455,23
00:24:6c:78:f5:b1,5180,true,-82,eduroam,64104751450,23
00:24:6c:78:f5:b0,5180,true,-86,Welcome_KAIST,64104751442,23
64:e5:99:0a:0e:d0,5805,true,-93,TEST5G,64104751438,23
6c:f3:7f:fa:ab:31,5805,true,-87,eduroam,64104751432,23
6c:f3:7f:fa:ab:30,5805,true,-84,Welcome_KAIST,64104751427,23
a0:40:a0:56:08:f8,5765,true,-74,,64104751420,23
6e:7f:92:e0:9f:70,5745,true,-93,HCIL guest,64104751409,23
00:24:6c:7d:f4:20,2472,true,-63,Welcome_KAIST,64104751389,23
00:24:6c:7a:8b:21,2432,false,-46,eduroam,64102850723,23
00:24:6c:7a:26:31,5240,false,-86,eduroam,64102850717,23
00:24:6c:7a:26:30,5240,false,-92,Welcome_KAIST,64102850711,23
00:24:6c:7d:f6:91,5220,false,-61,eduroam,64102850698,23
00:24:6c:7d:f6:90,5220,false,-63,Welcome_KAIST,64102850692,23
18:31:bf:46:ff:dc,5785,false,-77,KECI_5G,64102850676,23
2c:56:dc:84:dd:8c,5785,false,-78,ISILAB_5,64102850671,23
88:36:6c:ad:b6:84,5785,false,-86,CoCoA_5G,64102850662,23
6c:70:9f:e0:92:7f,5745,false,-79,HCIL,64102850653,23
00:24:6c:7d:f4:21,2472,false,-65,eduroam,64102850632,23
64:e5:99:da:03:68,2442,false,-68,WCSL 2.4GHz,64100981596,23
14:2d:27:29:41:e4,2437,false,-75,HP-Print-e4-LaserJet 200,64100981591,23
10:da:43:95:44:de,5260,false,-93,JKR-R7000-5G,64100981586,23
00:24:6c:7a:8b:20,2432,false,-53,Welcome_KAIST,64100981582,23
00:24:6c:7d:f6:d0,5240,false,-84,Welcome_KAIST,64100981579,23
30:b5:c2:bd:d1:c8,5240,false,-92,WINSLAB5G,64100981573,23
00:24:6c:7d:fe:f1,5200,false,-87,eduroam,64100981558,23
00:24:6c:7d:fe:f0,5200,false,-85,Welcome_KAIST,64100981554,23
00:24:6c:7d:f3:f1,5200,false,-62,eduroam,64100981550,23
00:24:6c:7d:f3:f0,5200,false,-60,Welcome_KAIST,64100981546,23
00:24:6c:7d:f6:f0,5180,false,-59,Welcome_KAIST,64100981537,23
00:24:6c:7d:f2:f1,5200,false,-86,eduroam,64100981524,23
00:24:6c:7d:f7:21,2412,false,-67,eduroam,64100981517,23
00:24:6c:7d:f7:20,2412,false,-67,Welcome_KAIST,64100981502,23
00:24:6c:7d:f6:80,2472,false,-70,Welcome_KAIST,64099071202,23
00:24:6c:7d:f6:d1,5240,false,-92,eduroam,64099071185,23
